entrega_id,venda_id,cd_id,data_prevista,data_entrega,dias_atraso,status_entrega
1,1,5,2026-07-23,2026-07-23,0,No prazo
2,4,4,2026-08-03,2026-08-03,0,No prazo
3,5,4,2026-04-02,2026-04-02,0,No prazo
4,7,1,2026-07-20,2026-07-20,0,No prazo
5,18,4,2026-02-20,2026-02-20,0,No prazo
6,20,3,2026-05-29,2026-05-29,0,No prazo
7,30,3,2026-07-05,2026-07-05,0,No prazo
8,31,3,2026-04-08,2026-04-08,0,No prazo
9,32,2,2026-06-30,2026-06-30,0,No prazo
10,35,4,2026-07-20,2026-07-20,0,No prazo
11,36,1,2026-03-07,2026-03-07,0,No prazo
12,39,2,2026-05-22,2026-05-21,0,No prazo
13,42,4,2026-02-15,2026-02-16,1,Atrasada
14,43,1,2026-06-28,2026-06-28,0,No prazo
15,45,3,2026-06-28,2026-06-29,1,Atrasada
16,47,4,2026-06-23,2026-06-23,0,No prazo
17,48,1,2026-05-29,2026-06-01,3,Atrasada
18,50,5,2026-06-07,2026-06-07,0,No prazo
19,51,1,2026-03-03,2026-03-04,1,Atrasada
20,53,4,2026-05-05,2026-05-08,3,Atrasada
21,55,1,2026-04-25,2026-04-25,0,No prazo
22,58,4,2026-02-02,2026-02-05,3,Atrasada
23,60,5,2026-01-28,2026-01-29,1,Atrasada
24,63,3,2026-05-25,2026-05-25,0,No prazo
25,70,3,2026-05-21,2026-05-21,0,No prazo
26,73,3,2026-01-22,2026-01-22,0,No prazo
27,76,2,2026-03-11,2026-03-11,0,No prazo
28,84,3,2026-04-01,2026-04-04,3,Atrasada
29,85,1,2026-08-10,2026-08-09,0,No prazo
30,86,1,2026-07-08,2026-07-08,0,No prazo
31,88,4,2026-02-23,2026-02-23,0,No prazo
32,89,4,2026-07-02,2026-07-04,2,Atrasada
33,91,4,2026-07-11,2026-07-11,0,No prazo
34,92,1,2026-03-06,2026-03-06,0,No prazo
35,95,5,2026-04-07,2026-04-08,1,Atrasada
36,100,4,2026-06-25,2026-06-25,0,No prazo
37,102,5,2026-05-28,2026-05-28,0,No prazo
38,103,1,2026-04-04,2026-04-04,0,No prazo
39,104,4,2026-04-02,2026-04-02,0,No prazo
40,110,4,2026-01-06,2026-01-06,0,No prazo
41,112,5,2026-01-23,2026-01-23,0,No prazo
42,114,3,2026-06-11,2026-06-11,0,No prazo
43,116,1,2026-04-14,2026-04-14,0,No prazo
44,117,5,2026-06-08,2026-06-13,5,Atrasada
45,120,3,2026-04-23,2026-04-23,0,No prazo
46,122,5,2026-02-04,2026-02-04,0,No prazo
47,124,2,2026-06-05,2026-06-05,0,No prazo
48,128,3,2026-03-28,2026-03-28,0,No prazo
49,129,1,2026-02-24,2026-02-26,2,Atrasada
50,130,3,2026-03-09,2026-03-09,0,No prazo
51,131,4,2026-06-01,2026-06-02,1,Atrasada
52,134,4,2026-03-22,2026-03-22,0,No prazo
53,135,4,2026-08-03,2026-08-03,0,No prazo
54,136,1,2026-01-23,2026-01-23,0,No prazo
55,138,2,2026-01-27,2026-01-27,0,No prazo
56,140,4,2026-08-03,2026-08-08,5,Atrasada
57,141,5,2026-03-23,2026-03-23,0,No prazo
58,147,1,2026-06-21,2026-06-21,0,No prazo
59,148,3,2026-08-04,2026-08-04,0,No prazo
60,150,4,2026-06-23,2026-06-23,0,No prazo
61,151,2,2026-02-28,2026-02-27,0,No prazo
62,158,3,2026-01-24,2026-01-26,2,Atrasada
63,161,1,2026-02-01,2026-02-01,0,No prazo
64,165,3,2026-06-09,2026-06-11,2,Atrasada
65,168,4,2026-05-11,2026-05-12,1,Atrasada
66,169,3,2026-05-03,2026-05-04,1,Atrasada
67,170,3,2026-02-10,2026-02-15,5,Atrasada
68,176,2,2026-06-09,2026-06-09,0,No prazo
69,177,1,2026-05-29,2026-05-31,2,Atrasada
70,178,4,2026-04-09,2026-04-09,0,No prazo
71,181,3,2026-02-03,2026-02-05,2,Atrasada
72,182,1,2026-05-10,2026-05-12,2,Atrasada
73,183,1,2026-01-22,2026-01-23,1,Atrasada
74,184,5,2026-05-24,2026-05-24,0,No prazo
75,189,1,2026-06-25,2026-06-26,1,Atrasada
76,195,4,2026-05-27,2026-05-27,0,No prazo
77,197,3,2026-06-02,2026-06-02,0,No prazo
78,200,1,2026-05-11,2026-05-11,0,No prazo
79,201,3,2026-06-26,2026-06-26,0,No prazo
80,206,1,2026-05-11,2026-05-11,0,No prazo
81,209,5,2026-05-17,2026-05-17,0,No prazo
82,211,4,2026-03-09,2026-03-09,0,No prazo
83,218,4,2026-06-25,2026-06-27,2,Atrasada
84,219,1,2026-01-16,2026-01-18,2,Atrasada
85,222,3,2026-04-21,2026-04-21,0,No prazo
86,223,3,2026-05-30,2026-05-30,0,No prazo
87,225,4,2026-04-10,2026-04-10,0,No prazo
88,226,1,2026-07-27,2026-07-27,0,No prazo
89,231,4,2026-06-30,2026-06-30,0,No prazo
90,232,3,2026-03-01,2026-03-03,2,Atrasada
91,240,3,2026-01-08,2026-01-09,1,Atrasada
92,242,5,2026-07-03,2026-07-03,0,No prazo
93,246,2,2026-02-02,2026-02-02,0,No prazo
94,248,4,2026-05-04,2026-05-04,0,No prazo
95,249,5,2026-03-13,2026-03-14,1,Atrasada
96,251,3,2026-05-30,2026-05-30,0,No prazo
97,252,3,2026-05-30,2026-05-30,0,No prazo
98,253,1,2026-01-30,2026-01-30,0,No prazo
99,255,4,2026-02-24,2026-02-24,0,No prazo
100,258,5,2026-06-12,2026-06-12,0,No prazo
101,260,2,2026-06-20,2026-06-20,0,No prazo
102,262,1,2026-01-26,2026-01-26,0,No prazo
103,264,5,2026-07-22,2026-07-22,0,No prazo
104,266,3,2026-02-21,2026-02-21,0,No prazo
105,269,2,2026-02-04,2026-02-04,0,No prazo
106,274,5,2026-07-05,2026-07-05,0,No prazo
107,275,5,2026-04-15,2026-04-14,0,No prazo
108,279,4,2026-02-16,2026-02-16,0,No prazo
109,281,1,2026-05-22,2026-05-22,0,No prazo
110,284,1,2026-04-26,2026-04-26,0,No prazo
111,285,1,2026-07-22,2026-07-21,0,No prazo
112,286,3,2026-03-01,2026-03-01,0,No prazo
113,287,5,2026-08-10,2026-08-10,0,No prazo
114,290,4,2026-02-07,2026-02-10,3,Atrasada
115,291,4,2026-04-29,2026-05-01,2,Atrasada
116,292,2,2026-01-11,2026-01-11,0,No prazo
117,294,5,2026-04-07,2026-04-07,0,No prazo
118,301,5,2026-07-08,2026-07-10,2,Atrasada
119,305,3,2026-01-27,2026-01-28,1,Atrasada
120,309,1,2026-01-06,2026-01-06,0,No prazo
121,312,3,2026-05-29,2026-05-29,0,No prazo
122,313,4,2026-04-03,2026-04-06,3,Atrasada
123,314,3,2026-03-25,2026-03-25,0,No prazo
124,316,5,2026-01-22,2026-01-23,1,Atrasada
125,317,5,2026-06-14,2026-06-16,2,Atrasada
126,323,4,2026-07-30,2026-07-30,0,No prazo
127,324,1,2026-02-25,2026-02-25,0,No prazo
128,327,2,2026-01-16,2026-01-16,0,No prazo
129,328,1,2026-07-03,2026-07-03,0,No prazo
130,333,3,2026-03-24,2026-03-24,0,No prazo
131,335,5,2026-06-11,2026-06-11,0,No prazo
132,336,1,2026-07-13,2026-07-13,0,No prazo
133,340,1,2026-03-13,2026-03-14,1,Atrasada
134,342,3,2026-06-23,2026-06-23,0,No prazo
135,344,2,2026-08-03,2026-08-03,0,No prazo
136,345,3,2026-04-22,2026-04-24,2,Atrasada
137,346,3,2026-04-22,2026-04-23,1,Atrasada
138,347,3,2026-04-08,2026-04-09,1,Atrasada
139,350,4,2026-01-06,2026-01-06,0,No prazo
140,352,3,2026-02-22,2026-02-24,2,Atrasada
141,354,5,2026-02-02,2026-02-02,0,No prazo
142,358,3,2026-01-30,2026-01-30,0,No prazo
143,360,2,2026-04-23,2026-04-23,0,No prazo
144,361,3,2026-07-27,2026-07-27,0,No prazo
145,362,3,2026-06-05,2026-06-05,0,No prazo
146,367,4,2026-07-11,2026-07-11,0,No prazo
147,368,3,2026-06-28,2026-06-28,0,No prazo
148,370,3,2026-06-08,2026-06-08,0,No prazo
149,374,4,2026-01-30,2026-01-30,0,No prazo
150,378,1,2026-07-27,2026-07-27,0,No prazo
151,380,5,2026-03-30,2026-03-31,1,Atrasada
152,381,2,2026-08-05,2026-08-05,0,No prazo
153,382,3,2026-03-09,2026-03-09,0,No prazo
154,384,5,2026-04-20,2026-04-25,5,Atrasada
155,386,3,2026-05-29,2026-05-30,1,Atrasada
156,388,5,2026-08-01,2026-08-02,1,Atrasada
157,397,4,2026-02-05,2026-02-05,0,No prazo
158,398,5,2026-05-23,2026-05-23,0,No prazo
159,399,1,2026-07-07,2026-07-07,0,No prazo
160,400,5,2026-01-26,2026-01-28,2,Atrasada
161,402,2,2026-02-03,2026-02-03,0,No prazo
162,408,3,2026-05-15,2026-05-15,0,No prazo
163,409,2,2026-02-12,2026-02-12,0,No prazo
164,410,3,2026-07-28,2026-07-28,0,No prazo
165,411,5,2026-06-14,2026-06-14,0,No prazo
166,412,4,2026-06-29,2026-06-29,0,No prazo
167,414,4,2026-04-16,2026-04-17,1,Atrasada
168,419,3,2026-05-29,2026-05-29,0,No prazo
169,421,1,2026-03-08,2026-03-08,0,No prazo
170,423,1,2026-02-27,2026-02-27,0,No prazo
171,424,4,2026-06-27,2026-06-26,0,No prazo
172,425,3,2026-04-15,2026-04-17,2,Atrasada
173,426,4,2026-02-24,2026-02-24,0,No prazo
174,427,4,2026-03-16,2026-03-19,3,Atrasada
175,429,4,2026-06-19,2026-06-19,0,No prazo
176,430,1,2026-05-15,2026-05-15,0,No prazo
177,432,1,2026-07-11,2026-07-12,1,Atrasada
178,434,4,2026-05-15,2026-05-15,0,No prazo
179,439,1,2026-07-26,2026-07-29,3,Atrasada
180,440,4,2026-04-05,2026-04-05,0,No prazo
181,446,4,2026-04-13,2026-04-12,0,No prazo
182,448,1,2026-02-27,2026-02-27,0,No prazo
183,450,3,2026-02-24,2026-02-24,0,No prazo
184,451,4,2026-08-09,2026-08-10,1,Atrasada
185,452,2,2026-06-15,2026-06-15,0,No prazo
186,455,4,2026-08-01,2026-08-01,0,No prazo
187,458,3,2026-01-17,2026-01-17,0,No prazo
188,460,4,2026-05-14,2026-05-14,0,No prazo
189,461,2,2026-03-23,2026-03-23,0,No prazo
190,463,5,2026-02-15,2026-02-15,0,No prazo
191,467,5,2026-07-25,2026-07-25,0,No prazo
192,468,1,2026-02-04,2026-02-04,0,No prazo
193,469,5,2026-07-24,2026-07-25,1,Atrasada
194,470,4,2026-07-24,2026-07-25,1,Atrasada
195,471,1,2026-05-14,2026-05-17,3,Atrasada
196,472,2,2026-02-09,2026-02-09,0,No prazo
197,473,5,2026-02-05,2026-02-07,2,Atrasada
198,475,1,2026-05-11,2026-05-11,0,No prazo
199,477,1,2026-04-13,2026-04-12,0,No prazo
200,479,4,2026-04-30,2026-04-30,0,No prazo
201,483,1,2026-02-14,2026-02-14,0,No prazo
202,484,1,2026-02-09,2026-02-09,0,No prazo
203,485,5,2026-07-04,2026-07-04,0,No prazo
204,486,4,2026-01-15,2026-01-15,0,No prazo
205,488,3,2026-05-13,2026-05-13,0,No prazo
206,492,4,2026-03-31,2026-03-31,0,No prazo
207,500,5,2026-07-08,2026-07-07,0,No prazo
208,502,4,2026-01-12,2026-01-13,1,Atrasada
209,504,2,2026-02-10,2026-02-10,0,No prazo
210,506,2,2026-02-25,2026-02-27,2,Atrasada
211,510,2,2026-05-07,2026-05-08,1,Atrasada
212,512,5,2026-04-04,2026-04-04,0,No prazo
213,513,3,2026-03-05,2026-03-05,0,No prazo
214,514,3,2026-01-12,2026-01-13,1,Atrasada
215,517,2,2026-07-25,2026-07-25,0,No prazo
216,518,4,2026-04-27,2026-04-27,0,No prazo
217,519,3,2026-07-18,2026-07-19,1,Atrasada
218,521,1,2026-01-23,2026-01-23,0,No prazo
219,532,1,2026-07-19,2026-07-21,2,Atrasada
220,534,1,2026-08-05,2026-08-05,0,No prazo
221,536,5,2026-06-27,2026-06-26,0,No prazo
222,537,4,2026-05-11,2026-05-13,2,Atrasada
223,539,5,2026-05-21,2026-05-21,0,No prazo
224,543,4,2026-06-14,2026-06-14,0,No prazo
225,548,4,2026-04-25,2026-04-25,0,No prazo
226,550,3,2026-07-10,2026-07-10,0,No prazo
227,551,3,2026-07-04,2026-07-04,0,No prazo
228,552,5,2026-04-13,2026-04-14,1,Atrasada
229,554,3,2026-03-28,2026-03-29,1,Atrasada
230,555,1,2026-06-01,2026-05-31,0,No prazo
231,559,3,2026-01-15,2026-01-15,0,No prazo
232,564,1,2026-04-03,2026-04-03,0,No prazo
233,567,5,2026-03-18,2026-03-18,0,No prazo
234,576,2,2026-06-03,2026-06-03,0,No prazo
235,577,4,2026-02-24,2026-02-24,0,No prazo
236,579,3,2026-06-26,2026-06-26,0,No prazo
237,580,5,2026-07-29,2026-07-31,2,Atrasada
238,581,2,2026-05-31,2026-05-31,0,No prazo
239,585,3,2026-06-22,2026-06-25,3,Atrasada
240,586,5,2026-03-17,2026-03-17,0,No prazo
241,587,3,2026-04-13,2026-04-13,0,No prazo
242,593,3,2026-02-16,2026-02-16,0,No prazo
243,602,1,2026-06-13,2026-06-13,0,No prazo
244,605,1,2026-05-14,2026-05-14,0,No prazo
245,607,2,2026-04-24,2026-04-24,0,No prazo
246,609,1,2026-07-23,2026-07-23,0,No prazo
247,611,1,2026-07-31,2026-08-02,2,Atrasada
248,617,3,2026-05-11,2026-05-11,0,No prazo
249,618,3,2026-01-21,2026-01-21,0,No prazo
250,619,2,2026-04-29,2026-04-29,0,No prazo
251,622,1,2026-02-01,2026-02-01,0,No prazo
252,623,2,2026-08-01,2026-08-01,0,No prazo
253,625,3,2026-02-09,2026-02-09,0,No prazo
254,627,4,2026-04-02,2026-04-05,3,Atrasada
255,632,4,2026-06-25,2026-06-30,5,Atrasada
256,636,1,2026-02-28,2026-02-28,0,No prazo
257,639,3,2026-01-15,2026-01-15,0,No prazo
258,641,5,2026-04-27,2026-04-26,0,No prazo
259,644,3,2026-02-10,2026-02-10,0,No prazo
260,645,5,2026-01-31,2026-01-31,0,No prazo
261,648,4,2026-05-07,2026-05-07,0,No prazo
262,649,1,2026-04-17,2026-04-17,0,No prazo
263,650,1,2026-04-14,2026-04-17,3,Atrasada
264,652,1,2026-04-27,2026-04-27,0,No prazo
265,654,3,2026-06-19,2026-06-19,0,No prazo
266,656,3,2026-06-27,2026-06-27,0,No prazo
267,658,1,2026-04-22,2026-04-25,3,Atrasada
268,660,3,2026-05-14,2026-05-13,0,No prazo
269,663,3,2026-07-06,2026-07-06,0,No prazo
270,665,2,2026-06-23,2026-06-23,0,No prazo
271,669,1,2026-04-19,2026-04-19,0,No prazo
272,674,3,2026-06-21,2026-06-22,1,Atrasada
273,675,1,2026-02-16,2026-02-17,1,Atrasada
274,677,5,2026-06-13,2026-06-13,0,No prazo
275,678,4,2026-03-17,2026-03-17,0,No prazo
276,682,1,2026-06-20,2026-06-25,5,Atrasada
277,683,3,2026-05-22,2026-05-22,0,No prazo
278,684,4,2026-03-02,2026-03-02,0,No prazo
279,687,5,2026-05-01,2026-05-01,0,No prazo
280,689,5,2026-03-12,2026-03-12,0,No prazo
281,696,3,2026-04-08,2026-04-08,0,No prazo
282,697,2,2026-06-13,2026-06-15,2,Atrasada
283,698,1,2026-03-28,2026-03-27,0,No prazo
284,701,2,2026-02-10,2026-02-10,0,No prazo
285,702,5,2026-05-03,2026-05-08,5,Atrasada
286,706,2,2026-06-22,2026-06-22,0,No prazo
287,708,2,2026-04-18,2026-04-23,5,Atrasada
288,709,1,2026-02-01,2026-02-01,0,No prazo
289,712,1,2026-08-09,2026-08-09,0,No prazo
290,715,3,2026-07-07,2026-07-07,0,No prazo
291,716,3,2026-08-01,2026-08-01,0,No prazo
292,719,1,2026-03-02,2026-03-04,2,Atrasada
293,721,3,2026-07-16,2026-07-17,1,Atrasada
294,725,3,2026-04-19,2026-04-19,0,No prazo
295,726,3,2026-05-11,2026-05-11,0,No prazo
296,730,4,2026-01-04,2026-01-04,0,No prazo
297,734,1,2026-07-03,2026-07-05,2,Atrasada
298,736,1,2026-03-09,2026-03-09,0,No prazo
299,737,1,2026-08-03,2026-08-03,0,No prazo
300,739,4,2026-03-12,2026-03-12,0,No prazo
301,742,2,2026-03-10,2026-03-10,0,No prazo
302,743,5,2026-04-27,2026-04-27,0,No prazo
303,745,1,2026-06-14,2026-06-15,1,Atrasada
304,747,5,2026-05-03,2026-05-03,0,No prazo
305,749,3,2026-03-29,2026-03-30,1,Atrasada
306,751,2,2026-01-11,2026-01-13,2,Atrasada
307,752,3,2026-07-16,2026-07-16,0,No prazo
308,753,1,2026-06-01,2026-06-02,1,Atrasada
309,754,4,2026-03-05,2026-03-05,0,No prazo
310,759,4,2026-05-29,2026-05-29,0,No prazo
311,765,3,2026-05-20,2026-05-20,0,No prazo
312,767,5,2026-06-01,2026-06-04,3,Atrasada
313,776,4,2026-06-21,2026-06-21,0,No prazo
314,777,5,2026-06-30,2026-06-30,0,No prazo
315,783,1,2026-07-23,2026-07-23,0,No prazo
316,791,3,2026-08-06,2026-08-06,0,No prazo
317,796,3,2026-07-07,2026-07-07,0,No prazo
318,804,4,2026-06-22,2026-06-22,0,No prazo
319,810,1,2026-01-11,2026-01-11,0,No prazo
320,811,3,2026-04-13,2026-04-13,0,No prazo
321,813,2,2026-01-27,2026-01-29,2,Atrasada
322,814,2,2026-01-29,2026-01-29,0,No prazo
323,818,4,2026-06-14,2026-06-14,0,No prazo
324,820,3,2026-05-20,2026-05-20,0,No prazo
325,821,5,2026-01-20,2026-01-20,0,No prazo
326,822,1,2026-07-10,2026-07-10,0,No prazo
327,827,2,2026-01-15,2026-01-15,0,No prazo
328,829,1,2026-01-06,2026-01-06,0,No prazo
329,830,4,2026-03-04,2026-03-04,0,No prazo
330,834,3,2026-08-06,2026-08-06,0,No prazo
331,837,2,2026-04-25,2026-04-28,3,Atrasada
332,838,5,2026-01-15,2026-01-15,0,No prazo
333,839,4,2026-01-19,2026-01-19,0,No prazo
334,842,4,2026-01-11,2026-01-11,0,No prazo
335,844,1,2026-07-15,2026-07-15,0,No prazo
336,845,4,2026-04-14,2026-04-14,0,No prazo
337,849,3,2026-03-26,2026-03-26,0,No prazo
338,853,3,2026-03-26,2026-03-27,1,Atrasada
339,857,1,2026-05-01,2026-05-01,0,No prazo
340,863,3,2026-04-12,2026-04-13,1,Atrasada
341,867,5,2026-05-02,2026-05-02,0,No prazo
342,874,3,2026-05-26,2026-05-26,0,No prazo
343,876,1,2026-07-28,2026-07-29,1,Atrasada
344,879,1,2026-04-13,2026-04-16,3,Atrasada
345,881,5,2026-06-02,2026-06-04,2,Atrasada
346,885,5,2026-01-30,2026-02-01,2,Atrasada
347,889,4,2026-07-29,2026-08-01,3,Atrasada
348,892,4,2026-03-12,2026-03-12,0,No prazo
349,897,4,2026-04-02,2026-04-03,1,Atrasada
350,899,5,2026-08-04,2026-08-09,5,Atrasada
351,901,3,2026-02-06,2026-02-06,0,No prazo
352,903,2,2026-07-06,2026-07-06,0,No prazo
353,904,4,2026-02-19,2026-02-19,0,No prazo
354,906,2,2026-05-12,2026-05-14,2,Atrasada
355,908,5,2026-03-13,2026-03-14,1,Atrasada
356,912,5,2026-04-06,2026-04-06,0,No prazo
357,914,1,2026-04-18,2026-04-18,0,No prazo
358,915,3,2026-02-03,2026-02-03,0,No prazo
359,916,3,2026-02-21,2026-02-21,0,No prazo
360,922,3,2026-06-07,2026-06-07,0,No prazo
361,927,2,2026-05-17,2026-05-17,0,No prazo
362,928,4,2026-03-13,2026-03-13,0,No prazo
363,929,1,2026-02-25,2026-02-25,0,No prazo
364,931,4,2026-03-20,2026-03-20,0,No prazo
365,934,4,2026-04-07,2026-04-07,0,No prazo
366,935,3,2026-04-30,2026-05-01,1,Atrasada
367,937,2,2026-04-29,2026-04-29,0,No prazo
368,938,3,2026-03-24,2026-03-24,0,No prazo
369,944,4,2026-07-17,2026-07-18,1,Atrasada
370,946,3,2026-07-25,2026-07-25,0,No prazo
371,951,3,2026-03-04,2026-03-04,0,No prazo
372,954,5,2026-03-13,2026-03-13,0,No prazo
373,960,4,2026-01-29,2026-01-29,0,No prazo
374,961,4,2026-01-16,2026-01-16,0,No prazo
375,963,5,2026-07-14,2026-07-14,0,No prazo
376,964,3,2026-07-07,2026-07-07,0,No prazo
377,965,4,2026-07-03,2026-07-04,1,Atrasada
378,968,2,2026-03-04,2026-03-04,0,No prazo
379,971,3,2026-04-21,2026-04-21,0,No prazo
380,972,1,2026-02-11,2026-02-10,0,No prazo
381,978,1,2026-01-07,2026-01-07,0,No prazo
382,981,2,2026-06-08,2026-06-08,0,No prazo
383,983,1,2026-04-04,2026-04-04,0,No prazo
384,985,4,2026-06-09,2026-06-09,0,No prazo
385,992,1,2026-03-23,2026-03-23,0,No prazo
386,994,1,2026-08-02,2026-08-02,0,No prazo
387,997,4,2026-04-10,2026-04-10,0,No prazo
388,999,4,2026-04-06,2026-04-07,1,Atrasada
389,1003,4,2026-02-03,2026-02-03,0,No prazo
390,1006,5,2026-03-30,2026-03-30,0,No prazo
391,1007,4,2026-07-25,2026-07-25,0,No prazo
392,1010,4,2026-01-04,2026-01-04,0,No prazo
393,1011,4,2026-05-30,2026-05-30,0,No prazo
394,1012,4,2026-02-18,2026-02-18,0,No prazo
395,1013,3,2026-06-19,2026-06-19,0,No prazo
396,1021,3,2026-07-24,2026-07-24,0,No prazo
397,1024,1,2026-05-04,2026-05-07,3,Atrasada
398,1027,2,2026-06-28,2026-06-28,0,No prazo
399,1028,4,2026-08-08,2026-08-08,0,No prazo
400,1030,3,2026-02-03,2026-02-04,1,Atrasada
401,1035,4,2026-03-17,2026-03-17,0,No prazo
402,1036,2,2026-01-21,2026-01-21,0,No prazo
403,1038,1,2026-06-17,2026-06-17,0,No prazo
404,1039,3,2026-01-13,2026-01-13,0,No prazo
405,1040,2,2026-04-08,2026-04-09,1,Atrasada
406,1043,3,2026-07-23,2026-07-25,2,Atrasada
407,1046,5,2026-02-10,2026-02-10,0,No prazo
408,1048,4,2026-07-22,2026-07-25,3,Atrasada
409,1053,3,2026-02-14,2026-02-14,0,No prazo
410,1054,3,2026-03-08,2026-03-08,0,No prazo
411,1057,1,2026-08-11,2026-08-13,2,Atrasada
412,1058,4,2026-05-11,2026-05-11,0,No prazo
413,1062,1,2026-01-21,2026-01-21,0,No prazo
414,1064,4,2026-02-25,2026-02-25,0,No prazo
415,1065,5,2026-07-06,2026-07-06,0,No prazo
416,1066,3,2026-07-08,2026-07-08,0,No prazo
417,1067,1,2026-07-10,2026-07-10,0,No prazo
418,1072,1,2026-05-31,2026-05-31,0,No prazo
419,1076,1,2026-01-16,2026-01-16,0,No prazo
420,1078,3,2026-03-25,2026-03-25,0,No prazo
421,1079,4,2026-06-14,2026-06-16,2,Atrasada
422,1084,3,2026-07-08,2026-07-08,0,No prazo
423,1085,5,2026-03-17,2026-03-17,0,No prazo
424,1086,5,2026-04-19,2026-04-18,0,No prazo
425,1087,3,2026-04-30,2026-04-30,0,No prazo
426,1088,3,2026-06-21,2026-06-24,3,Atrasada
427,1091,5,2026-03-26,2026-03-26,0,No prazo
428,1093,5,2026-04-08,2026-04-08,0,No prazo
429,1098,4,2026-07-09,2026-07-10,1,Atrasada
430,1100,3,2026-03-18,2026-03-19,1,Atrasada
431,1102,3,2026-04-21,2026-04-20,0,No prazo
432,1104,5,2026-04-29,2026-04-29,0,No prazo
433,1107,3,2026-01-06,2026-01-08,2,Atrasada
434,1109,2,2026-08-11,2026-08-12,1,Atrasada
435,1113,5,2026-03-29,2026-04-01,3,Atrasada
436,1114,1,2026-02-10,2026-02-12,2,Atrasada
437,1115,1,2026-01-05,2026-01-05,0,No prazo
438,1120,1,2026-01-07,2026-01-07,0,No prazo
439,1122,3,2026-07-27,2026-07-27,0,No prazo
440,1123,5,2026-06-02,2026-06-02,0,No prazo
441,1124,5,2026-04-10,2026-04-10,0,No prazo
442,1131,5,2026-04-04,2026-04-04,0,No prazo
443,1132,2,2026-03-05,2026-03-05,0,No prazo
444,1134,5,2026-06-06,2026-06-06,0,No prazo
445,1136,4,2026-05-22,2026-05-23,1,Atrasada
446,1140,1,2026-05-18,2026-05-18,0,No prazo
447,1144,3,2026-06-20,2026-06-20,0,No prazo
448,1145,4,2026-05-27,2026-05-29,2,Atrasada
449,1148,3,2026-06-10,2026-06-10,0,No prazo
450,1149,3,2026-03-07,2026-03-07,0,No prazo
451,1154,1,2026-07-12,2026-07-12,0,No prazo
452,1158,4,2026-06-13,2026-06-12,0,No prazo
453,1159,4,2026-07-01,2026-07-01,0,No prazo
454,1163,2,2026-08-01,2026-08-01,0,No prazo
455,1164,1,2026-05-27,2026-05-28,1,Atrasada
456,1167,4,2026-01-26,2026-01-29,3,Atrasada
457,1175,4,2026-05-22,2026-05-21,0,No prazo
458,1176,3,2026-03-20,2026-03-20,0,No prazo
459,1177,5,2026-01-04,2026-01-04,0,No prazo
460,1183,1,2026-08-01,2026-08-01,0,No prazo
461,1188,1,2026-04-16,2026-04-16,0,No prazo
462,1191,2,2026-02-24,2026-02-24,0,No prazo
463,1193,2,2026-01-18,2026-01-19,1,Atrasada
464,1195,1,2026-05-24,2026-05-24,0,No prazo
465,1198,3,2026-05-04,2026-05-04,0,No prazo
466,1200,1,2026-06-29,2026-06-29,0,No prazo
467,1202,2,2026-07-25,2026-07-25,0,No prazo
468,1203,2,2026-04-09,2026-04-12,3,Atrasada
469,1206,2,2026-01-12,2026-01-13,1,Atrasada
470,1207,4,2026-01-15,2026-01-15,0,No prazo
471,1209,5,2026-07-31,2026-08-02,2,Atrasada
472,1211,1,2026-03-26,2026-03-26,0,No prazo
473,1214,1,2026-05-31,2026-05-31,0,No prazo
474,1216,4,2026-06-08,2026-06-08,0,No prazo
475,1220,2,2026-07-11,2026-07-11,0,No prazo
476,1223,3,2026-03-31,2026-03-31,0,No prazo
477,1224,3,2026-06-28,2026-07-03,5,Atrasada
478,1225,3,2026-03-29,2026-03-29,0,No prazo
479,1227,2,2026-07-22,2026-07-22,0,No prazo
480,1228,5,2026-02-24,2026-02-24,0,No prazo
481,1232,4,2026-07-10,2026-07-11,1,Atrasada
482,1236,5,2026-04-26,2026-04-27,1,Atrasada
483,1237,5,2026-03-02,2026-03-02,0,No prazo
484,1238,5,2026-06-02,2026-06-02,0,No prazo
485,1239,2,2026-04-30,2026-05-02,2,Atrasada
486,1244,5,2026-07-18,2026-07-19,1,Atrasada
487,1247,5,2026-02-28,2026-03-05,5,Atrasada
488,1248,4,2026-02-23,2026-02-23,0,No prazo
489,1254,4,2026-07-08,2026-07-10,2,Atrasada
490,1256,3,2026-03-08,2026-03-08,0,No prazo
491,1257,5,2026-06-08,2026-06-08,0,No prazo
492,1259,4,2026-04-10,2026-04-10,0,No prazo
493,1262,5,2026-03-03,2026-03-03,0,No prazo
494,1267,3,2026-05-31,2026-05-31,0,No prazo
495,1271,5,2026-04-10,2026-04-11,1,Atrasada
496,1273,2,2026-04-06,2026-04-06,0,No prazo
497,1275,4,2026-04-29,2026-04-29,0,No prazo
498,1276,3,2026-08-10,2026-08-09,0,No prazo
499,1277,4,2026-05-22,2026-05-22,0,No prazo
500,1278,4,2026-03-09,2026-03-09,0,No prazo
501,1281,1,2026-04-29,2026-04-29,0,No prazo
502,1282,4,2026-02-02,2026-02-02,0,No prazo
503,1283,4,2026-01-30,2026-01-30,0,No prazo
504,1289,5,2026-06-13,2026-06-13,0,No prazo
505,1291,5,2026-01-17,2026-01-22,5,Atrasada
506,1298,3,2026-02-01,2026-02-01,0,No prazo
507,1303,1,2026-03-22,2026-03-27,5,Atrasada
508,1304,3,2026-02-15,2026-02-15,0,No prazo
509,1306,3,2026-01-07,2026-01-08,1,Atrasada
510,1311,2,2026-07-16,2026-07-19,3,Atrasada
511,1312,2,2026-03-20,2026-03-20,0,No prazo
512,1315,4,2026-07-18,2026-07-17,0,No prazo
513,1316,1,2026-08-02,2026-08-03,1,Atrasada
514,1319,4,2026-04-24,2026-04-24,0,No prazo
515,1321,1,2026-08-06,2026-08-06,0,No prazo
516,1322,1,2026-03-05,2026-03-05,0,No prazo
517,1323,4,2026-03-19,2026-03-19,0,No prazo
518,1324,3,2026-07-18,2026-07-18,0,No prazo
519,1326,4,2026-02-22,2026-02-23,1,Atrasada
520,1328,3,2026-03-14,2026-03-14,0,No prazo
521,1329,5,2026-07-16,2026-07-18,2,Atrasada
522,1331,5,2026-03-12,2026-03-11,0,No prazo
523,1333,3,2026-08-07,2026-08-07,0,No prazo
524,1334,5,2026-06-14,2026-06-14,0,No prazo
525,1336,2,2026-05-11,2026-05-13,2,Atrasada
526,1337,3,2026-05-20,2026-05-20,0,No prazo
527,1338,3,2026-05-26,2026-05-26,0,No prazo
528,1339,3,2026-01-07,2026-01-07,0,No prazo
529,1340,3,2026-03-09,2026-03-09,0,No prazo
530,1344,4,2026-03-15,2026-03-15,0,No prazo
531,1347,4,2026-03-20,2026-03-20,0,No prazo
532,1348,3,2026-07-15,2026-07-15,0,No prazo
533,1350,5,2026-03-06,2026-03-06,0,No prazo
534,1351,5,2026-01-15,2026-01-17,2,Atrasada
535,1355,5,2026-05-11,2026-05-11,0,No prazo
536,1356,2,2026-06-24,2026-06-24,0,No prazo
537,1357,3,2026-05-22,2026-05-22,0,No prazo
538,1358,1,2026-04-09,2026-04-09,0,No prazo
539,1359,5,2026-07-11,2026-07-11,0,No prazo
540,1363,2,2026-05-13,2026-05-16,3,Atrasada
541,1366,3,2026-07-01,2026-07-01,0,No prazo
542,1367,2,2026-05-29,2026-05-29,0,No prazo
543,1372,1,2026-02-13,2026-02-13,0,No prazo
544,1373,3,2026-02-09,2026-02-11,2,Atrasada
545,1374,5,2026-05-07,2026-05-07,0,No prazo
546,1384,5,2026-04-07,2026-04-07,0,No prazo
547,1394,5,2026-02-27,2026-03-01,2,Atrasada
548,1395,1,2026-05-09,2026-05-09,0,No prazo
549,1397,5,2026-08-06,2026-08-06,0,No prazo
550,1398,5,2026-04-12,2026-04-12,0,No prazo
551,1399,2,2026-03-03,2026-03-03,0,No prazo
552,1403,3,2026-01-13,2026-01-14,1,Atrasada
553,1406,5,2026-01-28,2026-01-28,0,No prazo
554,1412,2,2026-06-06,2026-06-06,0,No prazo
555,1413,1,2026-04-10,2026-04-13,3,Atrasada
556,1414,4,2026-02-16,2026-02-16,0,No prazo
557,1417,1,2026-04-19,2026-04-19,0,No prazo
558,1419,1,2026-02-23,2026-02-25,2,Atrasada
559,1420,5,2026-04-03,2026-04-03,0,No prazo
560,1423,3,2026-03-06,2026-03-09,3,Atrasada
561,1428,1,2026-01-04,2026-01-04,0,No prazo
562,1430,3,2026-04-24,2026-04-24,0,No prazo
563,1431,5,2026-03-05,2026-03-05,0,No prazo
564,1433,3,2026-01-09,2026-01-09,0,No prazo
565,1434,4,2026-03-18,2026-03-18,0,No prazo
566,1442,1,2026-02-28,2026-02-28,0,No prazo
567,1443,5,2026-02-22,2026-02-22,0,No prazo
568,1444,1,2026-03-13,2026-03-14,1,Atrasada
569,1445,5,2026-05-15,2026-05-15,0,No prazo
570,1449,1,2026-07-12,2026-07-15,3,Atrasada
571,1451,3,2026-03-17,2026-03-17,0,No prazo
572,1454,5,2026-03-16,2026-03-16,0,No prazo
573,1456,2,2026-07-26,2026-07-26,0,No prazo
574,1457,1,2026-04-19,2026-04-19,0,No prazo
575,1458,2,2026-01-13,2026-01-13,0,No prazo
576,1459,4,2026-04-20,2026-04-20,0,No prazo
577,1465,4,2026-05-15,2026-05-17,2,Atrasada
578,1466,5,2026-01-14,2026-01-15,1,Atrasada
579,1471,5,2026-01-22,2026-01-22,0,No prazo
580,1475,4,2026-07-02,2026-07-02,0,No prazo
581,1476,3,2026-01-09,2026-01-09,0,No prazo
582,1477,3,2026-02-06,2026-02-06,0,No prazo
583,1480,3,2026-05-18,2026-05-18,0,No prazo
584,1484,5,2026-05-08,2026-05-08,0,No prazo
585,1487,5,2026-06-02,2026-06-02,0,No prazo
586,1489,5,2026-04-22,2026-04-24,2,Atrasada
587,1490,1,2026-01-04,2026-01-05,1,Atrasada
588,1494,3,2026-05-19,2026-05-19,0,No prazo
589,1497,3,2026-07-18,2026-07-18,0,No prazo
590,1499,5,2026-08-09,2026-08-09,0,No prazo
591,1504,1,2026-07-25,2026-07-28,3,Atrasada
592,1505,3,2026-05-06,2026-05-06,0,No prazo
593,1511,3,2026-01-19,2026-01-18,0,No prazo
594,1513,3,2026-06-14,2026-06-15,1,Atrasada
595,1515,4,2026-02-03,2026-02-03,0,No prazo
596,1523,1,2026-04-26,2026-04-26,0,No prazo
597,1528,2,2026-01-21,2026-01-23,2,Atrasada
598,1531,4,2026-06-14,2026-06-14,0,No prazo
599,1533,4,2026-03-27,2026-03-29,2,Atrasada
600,1534,5,2026-01-07,2026-01-08,1,Atrasada
601,1535,1,2026-06-06,2026-06-06,0,No prazo
602,1536,4,2026-02-09,2026-02-11,2,Atrasada
603,1541,3,2026-03-11,2026-03-11,0,No prazo
604,1545,5,2026-01-31,2026-01-31,0,No prazo
605,1554,1,2026-06-05,2026-06-05,0,No prazo
606,1555,3,2026-01-17,2026-01-17,0,No prazo
607,1558,4,2026-04-24,2026-04-24,0,No prazo
608,1567,3,2026-05-10,2026-05-10,0,No prazo
609,1569,5,2026-03-30,2026-03-30,0,No prazo
610,1570,4,2026-01-29,2026-01-30,1,Atrasada
611,1571,4,2026-05-07,2026-05-07,0,No prazo
612,1572,1,2026-07-19,2026-07-24,5,Atrasada
613,1573,3,2026-01-22,2026-01-25,3,Atrasada
614,1575,1,2026-04-05,2026-04-05,0,No prazo
615,1577,3,2026-02-09,2026-02-11,2,Atrasada
616,1580,4,2026-03-05,2026-03-05,0,No prazo
617,1581,1,2026-06-10,2026-06-10,0,No prazo
618,1585,4,2026-01-31,2026-02-03,3,Atrasada
619,1587,2,2026-03-20,2026-03-20,0,No prazo
620,1589,1,2026-08-04,2026-08-03,0,No prazo
621,1594,5,2026-05-13,2026-05-13,0,No prazo
622,1595,4,2026-02-05,2026-02-06,1,Atrasada
623,1596,3,2026-02-23,2026-02-26,3,Atrasada
624,1599,3,2026-07-07,2026-07-07,0,No prazo
625,1600,1,2026-02-26,2026-02-26,0,No prazo
626,1602,4,2026-05-16,2026-05-16,0,No prazo
627,1603,2,2026-02-13,2026-02-15,2,Atrasada
628,1604,4,2026-05-05,2026-05-05,0,No prazo
629,1605,3,2026-04-29,2026-04-30,1,Atrasada
630,1607,4,2026-06-16,2026-06-16,0,No prazo
631,1609,4,2026-04-30,2026-04-30,0,No prazo
632,1612,2,2026-05-08,2026-05-08,0,No prazo
633,1617,4,2026-02-03,2026-02-03,0,No prazo
634,1622,3,2026-01-04,2026-01-04,0,No prazo
635,1624,3,2026-06-26,2026-06-26,0,No prazo
636,1625,3,2026-03-23,2026-03-23,0,No prazo
637,1633,1,2026-05-26,2026-05-26,0,No prazo
638,1635,3,2026-02-08,2026-02-11,3,Atrasada
639,1636,3,2026-06-02,2026-06-02,0,No prazo
640,1640,4,2026-08-03,2026-08-03,0,No prazo
641,1641,1,2026-03-01,2026-03-01,0,No prazo
642,1643,4,2026-06-03,2026-06-03,0,No prazo
643,1644,1,2026-02-14,2026-02-14,0,No prazo
644,1645,4,2026-07-24,2026-07-24,0,No prazo
645,1648,3,2026-07-21,2026-07-20,0,No prazo
646,1654,4,2026-06-14,2026-06-14,0,No prazo
647,1662,5,2026-06-15,2026-06-15,0,No prazo
648,1663,3,2026-05-26,2026-05-26,0,No prazo
649,1665,3,2026-05-01,2026-05-02,1,Atrasada
650,1669,5,2026-04-09,2026-04-09,0,No prazo
651,1671,4,2026-06-24,2026-06-24,0,No prazo
652,1676,1,2026-06-26,2026-06-25,0,No prazo
653,1677,5,2026-04-24,2026-04-24,0,No prazo
654,1681,4,2026-04-07,2026-04-07,0,No prazo
655,1684,5,2026-01-09,2026-01-08,0,No prazo
656,1685,3,2026-02-17,2026-02-17,0,No prazo
657,1687,5,2026-08-09,2026-08-10,1,Atrasada
658,1688,3,2026-03-27,2026-03-27,0,No prazo
659,1689,5,2026-06-29,2026-06-29,0,No prazo
660,1692,5,2026-07-16,2026-07-16,0,No prazo
661,1693,3,2026-05-22,2026-05-22,0,No prazo
662,1694,5,2026-03-31,2026-03-31,0,No prazo
663,1695,3,2026-05-20,2026-05-22,2,Atrasada
664,1698,4,2026-05-17,2026-05-17,0,No prazo
665,1699,3,2026-05-07,2026-05-07,0,No prazo
666,1704,1,2026-05-15,2026-05-15,0,No prazo
667,1705,4,2026-05-08,2026-05-09,1,Atrasada
668,1706,5,2026-07-28,2026-07-28,0,No prazo
669,1708,1,2026-04-15,2026-04-20,5,Atrasada
670,1711,3,2026-03-18,2026-03-18,0,No prazo
671,1713,3,2026-03-22,2026-03-23,1,Atrasada
672,1714,3,2026-03-31,2026-03-31,0,No prazo
673,1715,3,2026-06-20,2026-06-20,0,No prazo
674,1720,5,2026-06-03,2026-06-03,0,No prazo
675,1721,4,2026-01-12,2026-01-13,1,Atrasada
676,1723,1,2026-01-09,2026-01-09,0,No prazo
677,1730,4,2026-06-16,2026-06-17,1,Atrasada
678,1731,4,2026-05-10,2026-05-13,3,Atrasada
679,1732,4,2026-07-14,2026-07-14,0,No prazo
680,1733,1,2026-03-18,2026-03-18,0,No prazo
681,1737,3,2026-08-05,2026-08-05,0,No prazo
682,1739,5,2026-04-19,2026-04-19,0,No prazo
683,1740,4,2026-04-27,2026-04-28,1,Atrasada
684,1744,3,2026-02-28,2026-02-28,0,No prazo
685,1748,1,2026-04-17,2026-04-17,0,No prazo
686,1749,4,2026-01-21,2026-01-23,2,Atrasada
687,1750,4,2026-08-01,2026-07-31,0,No prazo
688,1766,3,2026-07-20,2026-07-23,3,Atrasada
689,1768,2,2026-08-07,2026-08-07,0,No prazo
690,1769,2,2026-05-19,2026-05-19,0,No prazo
691,1770,5,2026-08-06,2026-08-06,0,No prazo
692,1772,1,2026-07-31,2026-07-31,0,No prazo
693,1776,5,2026-02-03,2026-02-03,0,No prazo
694,1777,1,2026-07-29,2026-07-29,0,No prazo
695,1784,5,2026-07-07,2026-07-07,0,No prazo
696,1789,4,2026-04-28,2026-04-27,0,No prazo
697,1791,1,2026-01-19,2026-01-19,0,No prazo
698,1792,4,2026-02-27,2026-02-27,0,No prazo
699,1795,2,2026-01-25,2026-01-25,0,No prazo
700,1796,4,2026-07-09,2026-07-12,3,Atrasada
701,1797,3,2026-03-25,2026-03-26,1,Atrasada
702,1805,2,2026-07-06,2026-07-06,0,No prazo
703,1806,3,2026-04-01,2026-04-01,0,No prazo
704,1808,2,2026-06-20,2026-06-22,2,Atrasada
705,1809,1,2026-01-08,2026-01-08,0,No prazo
706,1813,3,2026-05-14,2026-05-13,0,No prazo
707,1816,1,2026-01-29,2026-01-31,2,Atrasada
708,1819,3,2026-06-11,2026-06-14,3,Atrasada
709,1823,1,2026-02-12,2026-02-14,2,Atrasada
710,1826,1,2026-02-12,2026-02-12,0,No prazo
711,1828,5,2026-04-03,2026-04-05,2,Atrasada
712,1834,3,2026-06-08,2026-06-08,0,No prazo
713,1835,1,2026-02-01,2026-02-01,0,No prazo
714,1836,4,2026-07-10,2026-07-11,1,Atrasada
715,1837,4,2026-05-09,2026-05-09,0,No prazo
716,1838,1,2026-07-14,2026-07-15,1,Atrasada
717,1839,5,2026-06-15,2026-06-15,0,No prazo
718,1841,1,2026-04-29,2026-04-29,0,No prazo
719,1848,3,2026-02-07,2026-02-07,0,No prazo
720,1854,3,2026-06-22,2026-06-22,0,No prazo
721,1860,4,2026-04-30,2026-04-30,0,No prazo
722,1863,1,2026-07-02,2026-07-03,1,Atrasada
723,1866,3,2026-02-01,2026-02-01,0,No prazo
724,1867,4,2026-03-22,2026-03-21,0,No prazo
725,1870,3,2026-08-01,2026-08-02,1,Atrasada
726,1871,3,2026-01-23,2026-01-23,0,No prazo
727,1872,4,2026-04-19,2026-04-19,0,No prazo
728,1874,3,2026-07-30,2026-07-30,0,No prazo
729,1877,5,2026-03-25,2026-03-25,0,No prazo
730,1881,5,2026-02-09,2026-02-08,0,No prazo
731,1888,2,2026-07-22,2026-07-23,1,Atrasada
732,1889,2,2026-01-04,2026-01-04,0,No prazo
733,1890,3,2026-03-13,2026-03-13,0,No prazo
734,1891,4,2026-07-22,2026-07-24,2,Atrasada
735,1892,4,2026-05-15,2026-05-20,5,Atrasada
736,1902,5,2026-08-09,2026-08-09,0,No prazo
737,1906,1,2026-06-14,2026-06-14,0,No prazo
738,1912,3,2026-07-23,2026-07-23,0,No prazo
739,1916,3,2026-01-13,2026-01-13,0,No prazo
740,1919,4,2026-01-15,2026-01-15,0,No prazo
741,1922,3,2026-05-19,2026-05-19,0,No prazo
742,1924,4,2026-06-16,2026-06-17,1,Atrasada
743,1927,5,2026-07-04,2026-07-04,0,No prazo
744,1930,5,2026-07-26,2026-07-29,3,Atrasada
745,1941,3,2026-07-15,2026-07-15,0,No prazo
746,1944,4,2026-04-13,2026-04-13,0,No prazo
747,1945,5,2026-06-28,2026-06-28,0,No prazo
748,1948,4,2026-02-04,2026-02-04,0,No prazo
749,1953,2,2026-02-04,2026-02-04,0,No prazo
750,1956,5,2026-03-15,2026-03-15,0,No prazo
751,1958,1,2026-06-11,2026-06-11,0,No prazo
752,1960,4,2026-04-14,2026-04-14,0,No prazo
753,1963,5,2026-05-27,2026-05-26,0,No prazo
754,1965,5,2026-01-18,2026-01-18,0,No prazo
755,1966,5,2026-04-17,2026-04-17,0,No prazo
756,1967,2,2026-05-19,2026-05-20,1,Atrasada
757,1968,2,2026-07-30,2026-07-30,0,No prazo
758,1969,4,2026-04-27,2026-04-28,1,Atrasada
759,1973,3,2026-01-22,2026-01-25,3,Atrasada
760,1979,1,2026-08-08,2026-08-10,2,Atrasada
761,1980,4,2026-04-11,2026-04-12,1,Atrasada
762,1982,4,2026-07-17,2026-07-17,0,No prazo
763,1983,4,2026-06-15,2026-06-15,0,No prazo
764,1984,3,2026-06-15,2026-06-15,0,No prazo
765,1985,2,2026-03-05,2026-03-04,0,No prazo
766,1990,3,2026-05-27,2026-06-01,5,Atrasada
767,1992,4,2026-03-10,2026-03-10,0,No prazo
768,1995,2,2026-06-08,2026-06-08,0,No prazo
769,2002,4,2026-05-06,2026-05-06,0,No prazo
770,2003,3,2026-02-03,2026-02-04,1,Atrasada
771,2004,4,2026-06-09,2026-06-09,0,No prazo
772,2005,1,2026-05-13,2026-05-13,0,No prazo
773,2007,1,2026-06-11,2026-06-11,0,No prazo
774,2009,3,2026-03-16,2026-03-15,0,No prazo
775,2010,3,2026-04-06,2026-04-06,0,No prazo
776,2013,4,2026-04-02,2026-04-02,0,No prazo
777,2021,4,2026-07-04,2026-07-04,0,No prazo
778,2022,2,2026-01-24,2026-01-24,0,No prazo
779,2026,3,2026-05-28,2026-05-30,2,Atrasada
780,2027,1,2026-06-14,2026-06-14,0,No prazo
781,2029,3,2026-03-12,2026-03-11,0,No prazo
782,2035,1,2026-02-06,2026-02-06,0,No prazo
783,2040,4,2026-02-27,2026-02-27,0,No prazo
784,2042,5,2026-05-28,2026-05-27,0,No prazo
785,2044,4,2026-02-01,2026-02-01,0,No prazo
786,2046,3,2026-03-03,2026-03-04,1,Atrasada
787,2047,5,2026-06-20,2026-06-20,0,No prazo
788,2052,3,2026-06-01,2026-06-02,1,Atrasada
789,2054,4,2026-07-22,2026-07-23,1,Atrasada
790,2055,5,2026-06-16,2026-06-21,5,Atrasada
791,2056,3,2026-02-17,2026-02-17,0,No prazo
792,2060,3,2026-06-05,2026-06-05,0,No prazo
793,2062,3,2026-08-01,2026-08-01,0,No prazo
794,2066,2,2026-02-27,2026-02-28,1,Atrasada
795,2067,5,2026-03-11,2026-03-11,0,No prazo
796,2068,1,2026-05-21,2026-05-21,0,No prazo
797,2070,3,2026-03-14,2026-03-16,2,Atrasada
798,2075,1,2026-04-08,2026-04-08,0,No prazo
799,2076,2,2026-06-02,2026-06-02,0,No prazo
800,2079,3,2026-04-30,2026-04-30,0,No prazo
801,2082,4,2026-07-15,2026-07-15,0,No prazo
802,2085,4,2026-03-22,2026-03-23,1,Atrasada
803,2086,4,2026-04-10,2026-04-10,0,No prazo
804,2087,5,2026-02-09,2026-02-09,0,No prazo
805,2088,2,2026-07-28,2026-07-28,0,No prazo
806,2090,3,2026-07-10,2026-07-10,0,No prazo
807,2091,4,2026-03-17,2026-03-19,2,Atrasada
808,2096,5,2026-04-21,2026-04-21,0,No prazo
809,2100,2,2026-03-16,2026-03-16,0,No prazo
810,2102,4,2026-02-25,2026-02-25,0,No prazo
811,2110,3,2026-08-06,2026-08-07,1,Atrasada
812,2112,5,2026-06-16,2026-06-16,0,No prazo
813,2113,5,2026-08-09,2026-08-09,0,No prazo
814,2116,1,2026-06-20,2026-06-20,0,No prazo
815,2118,5,2026-04-19,2026-04-20,1,Atrasada
816,2120,5,2026-04-12,2026-04-12,0,No prazo
817,2128,3,2026-02-27,2026-02-28,1,Atrasada
818,2130,4,2026-05-12,2026-05-12,0,No prazo
819,2133,4,2026-03-06,2026-03-06,0,No prazo
820,2134,3,2026-02-21,2026-02-21,0,No prazo
821,2135,2,2026-05-26,2026-05-27,1,Atrasada
822,2136,5,2026-07-02,2026-07-05,3,Atrasada
823,2137,3,2026-03-06,2026-03-06,0,No prazo
824,2139,1,2026-05-09,2026-05-09,0,No prazo
825,2141,4,2026-03-25,2026-03-25,0,No prazo
826,2142,4,2026-01-05,2026-01-05,0,No prazo
827,2145,5,2026-04-13,2026-04-13,0,No prazo
828,2146,4,2026-06-26,2026-06-28,2,Atrasada
829,2147,3,2026-01-31,2026-02-05,5,Atrasada
830,2151,1,2026-06-04,2026-06-04,0,No prazo
831,2153,1,2026-05-17,2026-05-17,0,No prazo
832,2154,4,2026-01-29,2026-02-01,3,Atrasada
833,2155,4,2026-01-29,2026-01-29,0,No prazo
834,2158,1,2026-08-09,2026-08-14,5,Atrasada
835,2166,5,2026-05-19,2026-05-21,2,Atrasada
836,2167,3,2026-07-15,2026-07-15,0,No prazo
837,2168,3,2026-07-26,2026-07-27,1,Atrasada
838,2169,3,2026-03-07,2026-03-10,3,Atrasada
839,2172,4,2026-01-18,2026-01-18,0,No prazo
840,2174,3,2026-02-03,2026-02-06,3,Atrasada
841,2175,2,2026-05-13,2026-05-18,5,Atrasada
842,2176,4,2026-06-26,2026-06-26,0,No prazo
843,2178,1,2026-03-02,2026-03-02,0,No prazo
844,2179,4,2026-04-16,2026-04-17,1,Atrasada
845,2183,4,2026-04-12,2026-04-12,0,No prazo
846,2184,3,2026-01-27,2026-01-27,0,No prazo
847,2185,3,2026-06-08,2026-06-08,0,No prazo
848,2189,1,2026-02-05,2026-02-06,1,Atrasada
849,2190,5,2026-04-06,2026-04-06,0,No prazo
850,2195,2,2026-03-08,2026-03-08,0,No prazo
851,2196,3,2026-06-01,2026-06-02,1,Atrasada
852,2198,3,2026-05-27,2026-05-27,0,No prazo
853,2200,5,2026-08-08,2026-08-08,0,No prazo
854,2202,1,2026-08-10,2026-08-10,0,No prazo
855,2203,4,2026-01-10,2026-01-10,0,No prazo
856,2208,4,2026-06-11,2026-06-11,0,No prazo
857,2209,4,2026-01-29,2026-01-29,0,No prazo
858,2210,1,2026-08-06,2026-08-06,0,No prazo
859,2212,5,2026-03-15,2026-03-16,1,Atrasada
860,2214,2,2026-04-15,2026-04-18,3,Atrasada
861,2215,1,2026-02-12,2026-02-15,3,Atrasada
862,2217,1,2026-02-18,2026-02-18,0,No prazo
863,2221,5,2026-06-18,2026-06-18,0,No prazo
864,2222,3,2026-03-22,2026-03-22,0,No prazo
865,2223,5,2026-03-16,2026-03-16,0,No prazo
866,2224,1,2026-06-24,2026-06-25,1,Atrasada
867,2226,4,2026-07-05,2026-07-05,0,No prazo
868,2227,1,2026-07-21,2026-07-20,0,No prazo
869,2228,4,2026-07-03,2026-07-03,0,No prazo
870,2230,4,2026-04-03,2026-04-03,0,No prazo
871,2233,5,2026-02-24,2026-02-26,2,Atrasada
872,2235,1,2026-06-10,2026-06-10,0,No prazo
873,2236,4,2026-06-27,2026-06-27,0,No prazo
874,2238,4,2026-04-21,2026-04-21,0,No prazo
875,2239,5,2026-02-20,2026-02-20,0,No prazo
876,2241,4,2026-03-03,2026-03-03,0,No prazo
877,2242,1,2026-02-03,2026-02-03,0,No prazo
878,2246,3,2026-01-25,2026-01-24,0,No prazo
879,2248,1,2026-02-06,2026-02-09,3,Atrasada
880,2251,3,2026-03-06,2026-03-06,0,No prazo
881,2253,5,2026-04-26,2026-04-26,0,No prazo
882,2255,5,2026-02-22,2026-02-22,0,No prazo
883,2256,1,2026-01-03,2026-01-06,3,Atrasada
884,2265,4,2026-06-16,2026-06-15,0,No prazo
885,2266,1,2026-07-03,2026-07-03,0,No prazo
886,2267,4,2026-03-18,2026-03-18,0,No prazo
887,2268,5,2026-02-07,2026-02-07,0,No prazo
888,2271,4,2026-01-17,2026-01-17,0,No prazo
889,2272,4,2026-07-10,2026-07-10,0,No prazo
890,2276,1,2026-05-01,2026-05-01,0,No prazo
891,2278,1,2026-07-01,2026-07-02,1,Atrasada
892,2280,1,2026-01-23,2026-01-23,0,No prazo
893,2282,2,2026-03-31,2026-03-31,0,No prazo
894,2287,3,2026-03-17,2026-03-20,3,Atrasada
895,2291,5,2026-04-30,2026-04-30,0,No prazo
896,2298,3,2026-02-20,2026-02-20,0,No prazo
897,2299,1,2026-05-21,2026-05-21,0,No prazo
898,2300,3,2026-02-16,2026-02-18,2,Atrasada
899,2301,4,2026-05-24,2026-05-29,5,Atrasada
900,2302,1,2026-06-17,2026-06-17,0,No prazo
901,2306,5,2026-01-22,2026-01-22,0,No prazo
902,2309,4,2026-02-08,2026-02-08,0,No prazo
903,2311,4,2026-01-11,2026-01-11,0,No prazo
904,2313,3,2026-01-15,2026-01-15,0,No prazo
905,2316,4,2026-08-07,2026-08-07,0,No prazo
906,2320,3,2026-05-25,2026-05-25,0,No prazo
907,2324,4,2026-03-31,2026-03-31,0,No prazo
908,2326,5,2026-07-15,2026-07-16,1,Atrasada
909,2327,5,2026-08-01,2026-08-01,0,No prazo
910,2333,4,2026-05-17,2026-05-22,5,Atrasada
911,2335,1,2026-04-16,2026-04-16,0,No prazo
912,2340,2,2026-06-12,2026-06-12,0,No prazo
913,2343,1,2026-06-16,2026-06-16,0,No prazo
914,2345,1,2026-03-27,2026-03-27,0,No prazo
915,2347,4,2026-03-24,2026-03-23,0,No prazo
916,2349,5,2026-04-15,2026-04-15,0,No prazo
917,2350,3,2026-01-09,2026-01-09,0,No prazo
918,2351,4,2026-04-29,2026-04-30,1,Atrasada
919,2352,1,2026-01-14,2026-01-13,0,No prazo
920,2356,3,2026-04-18,2026-04-18,0,No prazo
921,2359,4,2026-03-07,2026-03-08,1,Atrasada
922,2360,1,2026-04-05,2026-04-05,0,No prazo
923,2361,4,2026-02-27,2026-02-27,0,No prazo
924,2362,3,2026-06-18,2026-06-18,0,No prazo
925,2363,4,2026-01-24,2026-01-26,2,Atrasada
926,2365,4,2026-03-21,2026-03-21,0,No prazo
927,2375,4,2026-04-11,2026-04-12,1,Atrasada
928,2376,3,2026-05-07,2026-05-07,0,No prazo
929,2380,3,2026-01-16,2026-01-16,0,No prazo
930,2381,1,2026-03-24,2026-03-24,0,No prazo
931,2382,1,2026-01-04,2026-01-04,0,No prazo
932,2387,4,2026-06-23,2026-06-23,0,No prazo
933,2389,3,2026-06-23,2026-06-23,0,No prazo
934,2391,3,2026-07-07,2026-07-08,1,Atrasada
935,2393,1,2026-01-24,2026-01-23,0,No prazo
936,2394,3,2026-04-17,2026-04-20,3,Atrasada
937,2395,4,2026-07-05,2026-07-04,0,No prazo
938,2404,5,2026-05-11,2026-05-11,0,No prazo
939,2405,3,2026-04-16,2026-04-16,0,No prazo
940,2406,5,2026-02-15,2026-02-15,0,No prazo
941,2409,4,2026-01-08,2026-01-08,0,No prazo
942,2413,4,2026-04-03,2026-04-04,1,Atrasada
943,2415,5,2026-01-26,2026-01-26,0,No prazo
944,2421,1,2026-05-26,2026-05-26,0,No prazo
945,2426,1,2026-03-23,2026-03-23,0,No prazo
946,2435,1,2026-04-06,2026-04-06,0,No prazo
947,2436,3,2026-02-18,2026-02-19,1,Atrasada
948,2437,3,2026-06-27,2026-06-27,0,No prazo
949,2439,4,2026-01-11,2026-01-11,0,No prazo
950,2440,3,2026-07-27,2026-07-27,0,No prazo
951,2442,4,2026-01-24,2026-01-27,3,Atrasada
952,2443,5,2026-06-17,2026-06-17,0,No prazo
953,2445,4,2026-01-15,2026-01-17,2,Atrasada
954,2446,4,2026-01-27,2026-01-27,0,No prazo
955,2448,5,2026-05-20,2026-05-20,0,No prazo
956,2449,1,2026-04-02,2026-04-03,1,Atrasada
957,2450,5,2026-01-28,2026-01-28,0,No prazo
958,2451,2,2026-02-16,2026-02-16,0,No prazo
959,2453,4,2026-08-03,2026-08-03,0,No prazo
960,2456,4,2026-07-01,2026-07-02,1,Atrasada
961,2458,3,2026-04-28,2026-05-03,5,Atrasada
962,2459,4,2026-02-02,2026-02-02,0,No prazo
963,2468,5,2026-07-30,2026-08-01,2,Atrasada
964,2472,3,2026-06-28,2026-06-28,0,No prazo
965,2477,3,2026-03-14,2026-03-14,0,No prazo
966,2481,1,2026-03-07,2026-03-07,0,No prazo
967,2482,5,2026-08-03,2026-08-03,0,No prazo
968,2484,4,2026-03-28,2026-03-28,0,No prazo
969,2486,4,2026-04-01,2026-04-02,1,Atrasada
970,2488,1,2026-05-10,2026-05-10,0,No prazo
971,2493,2,2026-02-18,2026-02-18,0,No prazo
972,2494,3,2026-02-15,2026-02-15,0,No prazo
973,2496,1,2026-01-24,2026-01-24,0,No prazo
974,2498,4,2026-07-12,2026-07-12,0,No prazo
975,2499,3,2026-01-10,2026-01-10,0,No prazo
976,2500,3,2026-05-12,2026-05-11,0,No prazo
977,2502,5,2026-03-21,2026-03-21,0,No prazo
978,2504,1,2026-04-03,2026-04-03,0,No prazo
979,2506,1,2026-04-06,2026-04-06,0,No prazo
980,2509,2,2026-03-28,2026-03-28,0,No prazo
981,2513,1,2026-06-11,2026-06-11,0,No prazo
982,2517,3,2026-03-03,2026-03-08,5,Atrasada
983,2519,4,2026-08-05,2026-08-07,2,Atrasada
984,2520,3,2026-05-08,2026-05-10,2,Atrasada
985,2523,3,2026-03-09,2026-03-09,0,No prazo
986,2528,4,2026-03-14,2026-03-14,0,No prazo
987,2529,3,2026-08-04,2026-08-05,1,Atrasada
988,2532,2,2026-03-27,2026-03-27,0,No prazo
989,2534,3,2026-01-23,2026-01-23,0,No prazo
990,2535,2,2026-03-11,2026-03-11,0,No prazo
991,2537,4,2026-04-23,2026-04-23,0,No prazo
992,2541,4,2026-07-10,2026-07-10,0,No prazo
993,2542,4,2026-02-19,2026-02-20,1,Atrasada
994,2544,3,2026-05-05,2026-05-05,0,No prazo
995,2546,1,2026-06-19,2026-06-20,1,Atrasada
996,2547,4,2026-04-29,2026-04-29,0,No prazo
997,2550,1,2026-07-02,2026-07-04,2,Atrasada
998,2555,2,2026-01-26,2026-01-26,0,No prazo
999,2557,4,2026-08-09,2026-08-11,2,Atrasada
1000,2560,1,2026-07-29,2026-07-31,2,Atrasada
1001,2562,5,2026-03-29,2026-03-30,1,Atrasada
1002,2565,5,2026-07-24,2026-07-24,0,No prazo
1003,2567,5,2026-08-05,2026-08-05,0,No prazo
1004,2570,3,2026-01-12,2026-01-12,0,No prazo
1005,2572,4,2026-06-02,2026-06-02,0,No prazo
1006,2575,4,2026-01-20,2026-01-19,0,No prazo
1007,2579,5,2026-02-06,2026-02-06,0,No prazo
1008,2580,3,2026-07-08,2026-07-08,0,No prazo
1009,2584,3,2026-04-14,2026-04-14,0,No prazo
1010,2585,4,2026-04-12,2026-04-12,0,No prazo
1011,2586,4,2026-01-04,2026-01-04,0,No prazo
1012,2588,1,2026-06-25,2026-06-25,0,No prazo
1013,2590,5,2026-03-15,2026-03-16,1,Atrasada
1014,2593,4,2026-08-09,2026-08-09,0,No prazo
1015,2596,4,2026-05-06,2026-05-06,0,No prazo
1016,2597,3,2026-01-14,2026-01-14,0,No prazo
1017,2603,1,2026-02-03,2026-02-03,0,No prazo
1018,2605,2,2026-02-20,2026-02-21,1,Atrasada
1019,2606,4,2026-05-01,2026-05-01,0,No prazo
1020,2609,4,2026-01-20,2026-01-20,0,No prazo
1021,2610,3,2026-08-01,2026-07-31,0,No prazo
1022,2615,4,2026-07-27,2026-07-26,0,No prazo
1023,2617,3,2026-08-02,2026-08-02,0,No prazo
1024,2618,3,2026-07-15,2026-07-15,0,No prazo
1025,2620,3,2026-03-26,2026-03-31,5,Atrasada
1026,2622,4,2026-01-24,2026-01-24,0,No prazo
1027,2623,5,2026-03-28,2026-03-28,0,No prazo
1028,2625,4,2026-04-25,2026-04-27,2,Atrasada
1029,2627,5,2026-02-25,2026-02-25,0,No prazo
1030,2630,1,2026-08-06,2026-08-09,3,Atrasada
1031,2636,4,2026-03-25,2026-03-25,0,No prazo
1032,2637,3,2026-02-01,2026-02-01,0,No prazo
1033,2639,1,2026-01-31,2026-02-02,2,Atrasada
1034,2641,2,2026-07-16,2026-07-17,1,Atrasada
1035,2642,5,2026-06-25,2026-06-25,0,No prazo
1036,2645,1,2026-01-17,2026-01-19,2,Atrasada
1037,2646,3,2026-03-05,2026-03-05,0,No prazo
1038,2648,5,2026-03-10,2026-03-10,0,No prazo
1039,2653,1,2026-07-28,2026-07-28,0,No prazo
1040,2657,5,2026-04-08,2026-04-08,0,No prazo
1041,2658,3,2026-06-04,2026-06-04,0,No prazo
1042,2662,3,2026-05-31,2026-05-30,0,No prazo
1043,2663,3,2026-01-28,2026-01-28,0,No prazo
1044,2665,4,2026-06-26,2026-06-26,0,No prazo
1045,2670,5,2026-04-14,2026-04-17,3,Atrasada
1046,2677,3,2026-05-08,2026-05-08,0,No prazo
1047,2678,1,2026-02-12,2026-02-12,0,No prazo
1048,2679,5,2026-04-22,2026-04-23,1,Atrasada
1049,2681,3,2026-02-13,2026-02-13,0,No prazo
1050,2682,1,2026-01-24,2026-01-24,0,No prazo
1051,2684,4,2026-07-30,2026-07-29,0,No prazo
1052,2685,5,2026-02-16,2026-02-19,3,Atrasada
1053,2688,5,2026-06-29,2026-06-29,0,No prazo
1054,2689,4,2026-04-04,2026-04-04,0,No prazo
1055,2695,1,2026-08-08,2026-08-08,0,No prazo
1056,2698,3,2026-05-21,2026-05-23,2,Atrasada
1057,2699,3,2026-03-22,2026-03-22,0,No prazo
1058,2700,1,2026-04-06,2026-04-06,0,No prazo
1059,2702,4,2026-04-08,2026-04-13,5,Atrasada
1060,2703,3,2026-03-24,2026-03-25,1,Atrasada
1061,2704,3,2026-01-11,2026-01-12,1,Atrasada
1062,2705,4,2026-02-17,2026-02-22,5,Atrasada
1063,2706,4,2026-05-01,2026-05-04,3,Atrasada
1064,2708,1,2026-08-10,2026-08-11,1,Atrasada
1065,2711,5,2026-05-27,2026-05-27,0,No prazo
1066,2713,3,2026-02-16,2026-02-17,1,Atrasada
1067,2715,4,2026-05-01,2026-05-01,0,No prazo
1068,2716,1,2026-03-11,2026-03-11,0,No prazo
1069,2719,5,2026-03-30,2026-03-30,0,No prazo
1070,2725,4,2026-07-21,2026-07-20,0,No prazo
1071,2726,3,2026-01-29,2026-01-29,0,No prazo
1072,2727,5,2026-03-07,2026-03-07,0,No prazo
1073,2728,3,2026-01-15,2026-01-17,2,Atrasada
1074,2729,3,2026-01-04,2026-01-04,0,No prazo
1075,2731,3,2026-07-29,2026-07-29,0,No prazo
1076,2734,5,2026-04-29,2026-04-29,0,No prazo
1077,2735,1,2026-01-18,2026-01-21,3,Atrasada
1078,2737,3,2026-07-12,2026-07-12,0,No prazo
1079,2738,1,2026-05-08,2026-05-08,0,No prazo
1080,2741,2,2026-06-25,2026-06-25,0,No prazo
1081,2743,4,2026-08-07,2026-08-07,0,No prazo
1082,2744,4,2026-01-17,2026-01-17,0,No prazo
1083,2745,5,2026-02-08,2026-02-08,0,No prazo
1084,2747,5,2026-03-06,2026-03-06,0,No prazo
1085,2749,3,2026-06-25,2026-06-27,2,Atrasada
1086,2752,3,2026-03-05,2026-03-04,0,No prazo
1087,2753,3,2026-02-16,2026-02-17,1,Atrasada
1088,2754,3,2026-08-04,2026-08-04,0,No prazo
1089,2755,4,2026-02-14,2026-02-14,0,No prazo
1090,2761,4,2026-05-01,2026-05-01,0,No prazo
1091,2763,4,2026-01-31,2026-01-31,0,No prazo
1092,2765,4,2026-05-18,2026-05-19,1,Atrasada
1093,2767,2,2026-03-23,2026-03-28,5,Atrasada
1094,2768,4,2026-07-29,2026-07-29,0,No prazo
1095,2772,5,2026-06-28,2026-07-01,3,Atrasada
1096,2773,3,2026-03-10,2026-03-10,0,No prazo
1097,2775,5,2026-03-28,2026-03-29,1,Atrasada
1098,2778,3,2026-07-18,2026-07-19,1,Atrasada
1099,2779,4,2026-02-19,2026-02-19,0,No prazo
1100,2782,4,2026-06-07,2026-06-07,0,No prazo
1101,2783,4,2026-06-19,2026-06-19,0,No prazo
1102,2784,4,2026-04-20,2026-04-20,0,No prazo
1103,2790,1,2026-03-24,2026-03-24,0,No prazo
1104,2791,3,2026-02-15,2026-02-15,0,No prazo
1105,2795,5,2026-06-10,2026-06-10,0,No prazo
1106,2797,4,2026-05-07,2026-05-07,0,No prazo
1107,2798,1,2026-06-23,2026-06-26,3,Atrasada
1108,2800,5,2026-04-12,2026-04-12,0,No prazo
1109,2803,3,2026-07-06,2026-07-06,0,No prazo
1110,2804,5,2026-05-18,2026-05-18,0,No prazo
1111,2806,5,2026-01-10,2026-01-15,5,Atrasada
1112,2807,5,2026-03-14,2026-03-14,0,No prazo
1113,2808,3,2026-02-05,2026-02-07,2,Atrasada
1114,2813,5,2026-07-03,2026-07-03,0,No prazo
1115,2814,3,2026-02-20,2026-02-25,5,Atrasada
1116,2815,5,2026-03-28,2026-03-28,0,No prazo
1117,2819,4,2026-07-14,2026-07-14,0,No prazo
1118,2821,1,2026-01-11,2026-01-11,0,No prazo
1119,2822,3,2026-02-23,2026-02-23,0,No prazo
1120,2827,1,2026-07-27,2026-07-27,0,No prazo
1121,2831,3,2026-02-03,2026-02-04,1,Atrasada
1122,2837,4,2026-05-29,2026-06-03,5,Atrasada
1123,2839,3,2026-06-28,2026-06-28,0,No prazo
1124,2843,4,2026-07-11,2026-07-11,0,No prazo
1125,2849,5,2026-01-30,2026-01-30,0,No prazo
1126,2852,3,2026-01-21,2026-01-22,1,Atrasada
1127,2856,1,2026-04-10,2026-04-10,0,No prazo
1128,2857,5,2026-05-19,2026-05-19,0,No prazo
1129,2858,1,2026-07-29,2026-07-29,0,No prazo
1130,2859,1,2026-07-07,2026-07-07,0,No prazo
1131,2860,4,2026-03-26,2026-03-31,5,Atrasada
1132,2863,5,2026-01-31,2026-01-31,0,No prazo
1133,2865,1,2026-04-05,2026-04-05,0,No prazo
1134,2871,4,2026-02-09,2026-02-12,3,Atrasada
1135,2873,4,2026-02-08,2026-02-08,0,No prazo
1136,2875,4,2026-06-28,2026-06-28,0,No prazo
1137,2877,5,2026-06-21,2026-06-24,3,Atrasada
1138,2879,4,2026-07-21,2026-07-21,0,No prazo
1139,2880,5,2026-02-08,2026-02-08,0,No prazo
1140,2885,1,2026-07-01,2026-06-30,0,No prazo
1141,2886,2,2026-01-25,2026-01-24,0,No prazo
1142,2894,4,2026-04-08,2026-04-08,0,No prazo
1143,2895,4,2026-03-03,2026-03-02,0,No prazo
1144,2898,1,2026-04-20,2026-04-20,0,No prazo
1145,2899,4,2026-04-25,2026-04-25,0,No prazo
1146,2901,1,2026-07-23,2026-07-22,0,No prazo
1147,2905,3,2026-06-12,2026-06-12,0,No prazo
1148,2906,3,2026-05-14,2026-05-14,0,No prazo
1149,2907,4,2026-02-25,2026-02-27,2,Atrasada
1150,2908,4,2026-02-23,2026-02-23,0,No prazo
1151,2910,3,2026-05-23,2026-05-23,0,No prazo
1152,2911,2,2026-05-18,2026-05-18,0,No prazo
1153,2913,3,2026-05-14,2026-05-14,0,No prazo
1154,2916,1,2026-04-16,2026-04-17,1,Atrasada
1155,2919,4,2026-03-06,2026-03-06,0,No prazo
1156,2920,3,2026-04-18,2026-04-18,0,No prazo
1157,2924,3,2026-07-03,2026-07-03,0,No prazo
1158,2928,1,2026-06-23,2026-06-23,0,No prazo
1159,2929,5,2026-07-21,2026-07-24,3,Atrasada
1160,2930,3,2026-04-08,2026-04-08,0,No prazo
1161,2931,3,2026-04-12,2026-04-13,1,Atrasada
1162,2933,1,2026-02-14,2026-02-14,0,No prazo
1163,2936,1,2026-05-22,2026-05-22,0,No prazo
1164,2938,2,2026-03-19,2026-03-19,0,No prazo
1165,2939,3,2026-04-08,2026-04-10,2,Atrasada
1166,2944,4,2026-08-03,2026-08-03,0,No prazo
1167,2947,2,2026-05-15,2026-05-16,1,Atrasada
1168,2948,4,2026-04-05,2026-04-04,0,No prazo
1169,2949,5,2026-05-22,2026-05-23,1,Atrasada
1170,2951,3,2026-03-24,2026-03-24,0,No prazo
1171,2954,5,2026-06-14,2026-06-16,2,Atrasada
1172,2955,1,2026-04-19,2026-04-19,0,No prazo
1173,2959,4,2026-05-14,2026-05-17,3,Atrasada
1174,2960,5,2026-06-16,2026-06-16,0,No prazo
1175,2967,5,2026-01-27,2026-01-28,1,Atrasada
1176,2969,5,2026-02-21,2026-02-20,0,No prazo
1177,2974,5,2026-01-28,2026-01-27,0,No prazo
1178,2975,1,2026-01-24,2026-01-29,5,Atrasada
1179,2982,2,2026-03-09,2026-03-09,0,No prazo
1180,2989,3,2026-02-09,2026-02-09,0,No prazo
1181,2992,1,2026-02-09,2026-02-11,2,Atrasada
1182,2993,3,2026-06-17,2026-06-19,2,Atrasada
1183,2994,3,2026-03-22,2026-03-24,2,Atrasada
1184,2996,3,2026-04-19,2026-04-19,0,No prazo
1185,2999,5,2026-03-28,2026-04-02,5,Atrasada
1186,3001,4,2026-02-25,2026-02-26,1,Atrasada
1187,3002,3,2026-03-12,2026-03-12,0,No prazo
1188,3003,2,2026-03-28,2026-03-28,0,No prazo
1189,3009,2,2026-02-05,2026-02-05,0,No prazo
1190,3012,4,2026-04-19,2026-04-19,0,No prazo
1191,3014,5,2026-06-25,2026-06-25,0,No prazo
1192,3015,2,2026-05-10,2026-05-11,1,Atrasada
1193,3016,4,2026-06-15,2026-06-15,0,No prazo
1194,3017,5,2026-01-27,2026-01-27,0,No prazo
1195,3019,2,2026-02-18,2026-02-18,0,No prazo
1196,3024,3,2026-02-25,2026-02-25,0,No prazo
1197,3025,3,2026-03-19,2026-03-19,0,No prazo
1198,3026,3,2026-03-22,2026-03-22,0,No prazo
1199,3028,5,2026-02-10,2026-02-11,1,Atrasada
1200,3032,5,2026-03-31,2026-03-31,0,No prazo
1201,3036,1,2026-06-17,2026-06-17,0,No prazo
1202,3040,1,2026-03-05,2026-03-07,2,Atrasada
1203,3044,5,2026-04-10,2026-04-10,0,No prazo
1204,3046,3,2026-03-11,2026-03-16,5,Atrasada
1205,3048,1,2026-03-26,2026-03-26,0,No prazo
1206,3049,3,2026-07-21,2026-07-21,0,No prazo
1207,3051,4,2026-04-30,2026-04-30,0,No prazo
1208,3054,1,2026-07-27,2026-07-27,0,No prazo
1209,3059,2,2026-01-08,2026-01-08,0,No prazo
1210,3060,4,2026-07-11,2026-07-11,0,No prazo
1211,3062,3,2026-08-10,2026-08-09,0,No prazo
1212,3063,2,2026-04-17,2026-04-17,0,No prazo
1213,3065,1,2026-04-09,2026-04-12,3,Atrasada
1214,3069,3,2026-04-22,2026-04-22,0,No prazo
1215,3070,3,2026-06-27,2026-06-28,1,Atrasada
1216,3071,4,2026-03-22,2026-03-22,0,No prazo
1217,3074,4,2026-01-21,2026-01-21,0,No prazo
1218,3077,5,2026-05-11,2026-05-12,1,Atrasada
1219,3078,4,2026-04-16,2026-04-16,0,No prazo
1220,3079,5,2026-04-16,2026-04-21,5,Atrasada
1221,3080,5,2026-04-22,2026-04-24,2,Atrasada
1222,3092,2,2026-02-22,2026-02-22,0,No prazo
1223,3097,1,2026-06-20,2026-06-23,3,Atrasada
1224,3101,4,2026-01-29,2026-01-29,0,No prazo
1225,3103,4,2026-02-08,2026-02-08,0,No prazo
1226,3106,1,2026-03-31,2026-03-31,0,No prazo
1227,3107,3,2026-06-16,2026-06-16,0,No prazo
1228,3108,3,2026-03-01,2026-03-01,0,No prazo
1229,3109,4,2026-07-01,2026-07-01,0,No prazo
1230,3111,4,2026-05-21,2026-05-21,0,No prazo
1231,3112,4,2026-07-27,2026-07-27,0,No prazo
1232,3114,4,2026-03-20,2026-03-21,1,Atrasada
1233,3116,4,2026-05-06,2026-05-06,0,No prazo
1234,3120,4,2026-02-09,2026-02-09,0,No prazo
1235,3121,2,2026-02-22,2026-02-22,0,No prazo
1236,3123,1,2026-06-15,2026-06-15,0,No prazo
1237,3126,5,2026-07-29,2026-07-29,0,No prazo
1238,3129,5,2026-01-17,2026-01-20,3,Atrasada
1239,3143,4,2026-06-21,2026-06-21,0,No prazo
1240,3144,1,2026-02-01,2026-02-01,0,No prazo
1241,3148,4,2026-07-02,2026-07-04,2,Atrasada
1242,3157,1,2026-01-04,2026-01-04,0,No prazo
1243,3163,1,2026-06-22,2026-06-22,0,No prazo
1244,3166,4,2026-06-20,2026-06-20,0,No prazo
1245,3167,5,2026-05-11,2026-05-11,0,No prazo
1246,3169,1,2026-06-14,2026-06-14,0,No prazo
1247,3170,1,2026-07-04,2026-07-04,0,No prazo
1248,3172,1,2026-02-19,2026-02-19,0,No prazo
1249,3173,3,2026-06-01,2026-06-01,0,No prazo
1250,3178,4,2026-08-09,2026-08-09,0,No prazo
1251,3180,4,2026-01-10,2026-01-10,0,No prazo
1252,3182,3,2026-02-16,2026-02-19,3,Atrasada
1253,3185,4,2026-06-11,2026-06-11,0,No prazo
1254,3188,4,2026-01-22,2026-01-22,0,No prazo
1255,3190,2,2026-03-31,2026-04-02,2,Atrasada
1256,3194,4,2026-03-25,2026-03-25,0,No prazo
1257,3195,3,2026-02-23,2026-02-23,0,No prazo
1258,3198,3,2026-02-14,2026-02-15,1,Atrasada
1259,3199,4,2026-05-07,2026-05-08,1,Atrasada
1260,3201,3,2026-04-08,2026-04-13,5,Atrasada
1261,3205,3,2026-04-29,2026-04-29,0,No prazo
1262,3208,5,2026-06-04,2026-06-04,0,No prazo
1263,3209,5,2026-02-02,2026-02-04,2,Atrasada
1264,3210,3,2026-08-07,2026-08-06,0,No prazo
1265,3211,1,2026-02-07,2026-02-07,0,No prazo
1266,3212,4,2026-04-04,2026-04-07,3,Atrasada
1267,3214,4,2026-04-02,2026-04-02,0,No prazo
1268,3215,4,2026-02-26,2026-02-26,0,No prazo
1269,3221,5,2026-01-22,2026-01-22,0,No prazo
1270,3223,3,2026-08-03,2026-08-08,5,Atrasada
1271,3224,3,2026-01-23,2026-01-23,0,No prazo
1272,3227,3,2026-02-01,2026-02-04,3,Atrasada
1273,3231,4,2026-04-01,2026-03-31,0,No prazo
1274,3234,4,2026-03-06,2026-03-06,0,No prazo
1275,3235,3,2026-02-14,2026-02-17,3,Atrasada
1276,3238,4,2026-07-22,2026-07-22,0,No prazo
1277,3243,4,2026-05-14,2026-05-14,0,No prazo
1278,3246,4,2026-03-01,2026-03-01,0,No prazo
1279,3247,4,2026-03-03,2026-03-03,0,No prazo
1280,3249,2,2026-01-08,2026-01-10,2,Atrasada
1281,3252,2,2026-03-31,2026-04-05,5,Atrasada
1282,3255,3,2026-04-02,2026-04-02,0,No prazo
1283,3257,5,2026-05-21,2026-05-21,0,No prazo
1284,3262,5,2026-02-08,2026-02-10,2,Atrasada
1285,3264,4,2026-05-24,2026-05-24,0,No prazo
1286,3265,4,2026-04-08,2026-04-08,0,No prazo
1287,3266,4,2026-06-25,2026-06-25,0,No prazo
1288,3269,1,2026-03-29,2026-03-28,0,No prazo
1289,3270,2,2026-07-22,2026-07-23,1,Atrasada
1290,3273,4,2026-02-27,2026-02-27,0,No prazo
1291,3275,4,2026-01-17,2026-01-16,0,No prazo
1292,3277,4,2026-04-28,2026-04-28,0,No prazo
1293,3278,1,2026-01-15,2026-01-16,1,Atrasada
1294,3283,4,2026-01-25,2026-01-25,0,No prazo
1295,3285,3,2026-05-02,2026-05-02,0,No prazo
1296,3287,1,2026-05-15,2026-05-15,0,No prazo
1297,3288,2,2026-01-31,2026-01-31,0,No prazo
1298,3289,1,2026-01-28,2026-01-29,1,Atrasada
1299,3290,2,2026-06-22,2026-06-23,1,Atrasada
1300,3296,5,2026-04-11,2026-04-11,0,No prazo
1301,3297,5,2026-01-16,2026-01-16,0,No prazo
1302,3299,2,2026-02-12,2026-02-14,2,Atrasada
1303,3303,3,2026-01-13,2026-01-13,0,No prazo
1304,3309,2,2026-04-07,2026-04-07,0,No prazo
1305,3311,2,2026-08-08,2026-08-09,1,Atrasada
1306,3315,1,2026-05-30,2026-05-31,1,Atrasada
1307,3316,3,2026-04-23,2026-04-26,3,Atrasada
1308,3317,4,2026-04-25,2026-04-25,0,No prazo
1309,3319,4,2026-07-09,2026-07-14,5,Atrasada
1310,3324,1,2026-07-21,2026-07-22,1,Atrasada
1311,3329,4,2026-03-08,2026-03-08,0,No prazo
1312,3330,3,2026-06-02,2026-06-03,1,Atrasada
1313,3334,4,2026-02-12,2026-02-12,0,No prazo
1314,3335,2,2026-03-17,2026-03-17,0,No prazo
1315,3336,1,2026-06-27,2026-06-27,0,No prazo
1316,3337,1,2026-04-12,2026-04-12,0,No prazo
1317,3338,4,2026-08-01,2026-08-01,0,No prazo
1318,3342,1,2026-07-23,2026-07-23,0,No prazo
1319,3345,2,2026-03-31,2026-03-31,0,No prazo
1320,3348,3,2026-05-23,2026-05-23,0,No prazo
1321,3351,5,2026-01-17,2026-01-17,0,No prazo
1322,3352,4,2026-08-07,2026-08-07,0,No prazo
1323,3353,1,2026-02-19,2026-02-19,0,No prazo
1324,3354,5,2026-01-23,2026-01-28,5,Atrasada
1325,3355,1,2026-05-14,2026-05-13,0,No prazo
1326,3358,4,2026-07-14,2026-07-14,0,No prazo
1327,3363,4,2026-05-16,2026-05-16,0,No prazo
1328,3367,2,2026-04-19,2026-04-24,5,Atrasada
1329,3370,4,2026-03-10,2026-03-13,3,Atrasada
1330,3373,2,2026-02-18,2026-02-18,0,No prazo
1331,3376,4,2026-05-16,2026-05-19,3,Atrasada
1332,3377,1,2026-03-08,2026-03-09,1,Atrasada
1333,3380,5,2026-07-04,2026-07-07,3,Atrasada
1334,3382,3,2026-01-09,2026-01-12,3,Atrasada
1335,3383,3,2026-04-13,2026-04-13,0,No prazo
1336,3384,1,2026-02-19,2026-02-19,0,No prazo
1337,3387,4,2026-03-14,2026-03-14,0,No prazo
1338,3388,4,2026-05-06,2026-05-07,1,Atrasada
1339,3389,1,2026-05-16,2026-05-16,0,No prazo
1340,3394,3,2026-03-20,2026-03-20,0,No prazo
1341,3395,2,2026-07-03,2026-07-03,0,No prazo
1342,3397,4,2026-06-16,2026-06-16,0,No prazo
1343,3399,3,2026-07-07,2026-07-07,0,No prazo
1344,3403,2,2026-07-13,2026-07-13,0,No prazo
1345,3404,3,2026-01-13,2026-01-13,0,No prazo
1346,3406,5,2026-06-17,2026-06-20,3,Atrasada
1347,3411,1,2026-02-21,2026-02-21,0,No prazo
1348,3412,1,2026-06-16,2026-06-16,0,No prazo
1349,3416,3,2026-02-19,2026-02-19,0,No prazo
1350,3419,3,2026-04-04,2026-04-09,5,Atrasada
1351,3422,5,2026-02-25,2026-02-27,2,Atrasada
1352,3423,2,2026-06-26,2026-06-29,3,Atrasada
1353,3426,4,2026-01-07,2026-01-07,0,No prazo
1354,3427,4,2026-03-19,2026-03-22,3,Atrasada
1355,3430,5,2026-06-07,2026-06-07,0,No prazo
1356,3434,2,2026-06-16,2026-06-15,0,No prazo
1357,3435,1,2026-07-26,2026-07-27,1,Atrasada
1358,3438,1,2026-04-18,2026-04-21,3,Atrasada
1359,3439,2,2026-01-31,2026-01-31,0,No prazo
1360,3442,5,2026-05-24,2026-05-24,0,No prazo
1361,3449,4,2026-01-14,2026-01-14,0,No prazo
1362,3450,1,2026-03-20,2026-03-20,0,No prazo
1363,3452,4,2026-05-10,2026-05-12,2,Atrasada
1364,3456,4,2026-08-04,2026-08-05,1,Atrasada
1365,3459,4,2026-06-01,2026-06-01,0,No prazo
1366,3460,1,2026-07-23,2026-07-23,0,No prazo
1367,3462,4,2026-03-16,2026-03-18,2,Atrasada
1368,3463,3,2026-07-05,2026-07-05,0,No prazo
1369,3464,5,2026-02-09,2026-02-11,2,Atrasada
1370,3468,4,2026-01-23,2026-01-23,0,No prazo
1371,3469,3,2026-02-12,2026-02-11,0,No prazo
1372,3471,3,2026-03-27,2026-03-28,1,Atrasada
1373,3473,1,2026-01-17,2026-01-19,2,Atrasada
1374,3474,2,2026-08-07,2026-08-07,0,No prazo
1375,3475,1,2026-01-22,2026-01-22,0,No prazo
1376,3476,5,2026-01-20,2026-01-23,3,Atrasada
1377,3478,4,2026-02-01,2026-02-04,3,Atrasada
1378,3479,5,2026-04-30,2026-04-30,0,No prazo
1379,3480,2,2026-07-04,2026-07-04,0,No prazo
1380,3481,3,2026-06-14,2026-06-16,2,Atrasada
1381,3482,2,2026-05-10,2026-05-09,0,No prazo
1382,3483,3,2026-01-21,2026-01-20,0,No prazo
1383,3486,5,2026-05-21,2026-05-21,0,No prazo
1384,3487,1,2026-04-03,2026-04-03,0,No prazo
1385,3489,4,2026-03-10,2026-03-10,0,No prazo
1386,3490,1,2026-05-24,2026-05-23,0,No prazo
1387,3493,1,2026-07-28,2026-07-28,0,No prazo
1388,3494,3,2026-06-09,2026-06-09,0,No prazo
1389,3495,1,2026-04-05,2026-04-04,0,No prazo
1390,3497,5,2026-06-06,2026-06-06,0,No prazo
1391,3498,4,2026-03-19,2026-03-18,0,No prazo
1392,3499,5,2026-02-08,2026-02-08,0,No prazo
1393,3502,4,2026-02-10,2026-02-10,0,No prazo
1394,3503,3,2026-04-05,2026-04-06,1,Atrasada
1395,3504,4,2026-06-26,2026-06-26,0,No prazo
1396,3506,4,2026-03-02,2026-03-02,0,No prazo
1397,3508,4,2026-02-05,2026-02-05,0,No prazo
1398,3509,4,2026-06-17,2026-06-19,2,Atrasada
1399,3510,3,2026-02-26,2026-02-25,0,No prazo
1400,3512,5,2026-07-08,2026-07-08,0,No prazo
1401,3519,4,2026-07-15,2026-07-15,0,No prazo
1402,3520,1,2026-01-21,2026-01-21,0,No prazo
1403,3523,3,2026-02-18,2026-02-20,2,Atrasada
1404,3526,2,2026-02-18,2026-02-23,5,Atrasada
1405,3527,3,2026-04-12,2026-04-14,2,Atrasada
1406,3529,4,2026-05-27,2026-05-29,2,Atrasada
1407,3530,1,2026-07-23,2026-07-23,0,No prazo
1408,3532,4,2026-03-07,2026-03-09,2,Atrasada
1409,3533,1,2026-08-08,2026-08-08,0,No prazo
1410,3534,1,2026-05-07,2026-05-06,0,No prazo
1411,3538,1,2026-05-04,2026-05-04,0,No prazo
1412,3539,2,2026-03-05,2026-03-05,0,No prazo
1413,3542,3,2026-05-17,2026-05-17,0,No prazo
1414,3546,2,2026-02-02,2026-02-01,0,No prazo
1415,3548,4,2026-06-03,2026-06-03,0,No prazo
1416,3549,4,2026-05-18,2026-05-21,3,Atrasada
1417,3551,2,2026-05-07,2026-05-07,0,No prazo
1418,3560,2,2026-01-23,2026-01-23,0,No prazo
1419,3563,1,2026-03-16,2026-03-16,0,No prazo
1420,3567,4,2026-06-20,2026-06-21,1,Atrasada
1421,3570,5,2026-07-03,2026-07-08,5,Atrasada
1422,3571,4,2026-04-16,2026-04-16,0,No prazo
1423,3572,3,2026-05-04,2026-05-04,0,No prazo
1424,3573,4,2026-01-10,2026-01-10,0,No prazo
1425,3577,1,2026-05-02,2026-05-03,1,Atrasada
1426,3578,4,2026-04-22,2026-04-22,0,No prazo
1427,3579,3,2026-01-21,2026-01-23,2,Atrasada
1428,3580,3,2026-05-18,2026-05-17,0,No prazo
1429,3581,2,2026-06-10,2026-06-10,0,No prazo
1430,3582,4,2026-07-25,2026-07-25,0,No prazo
1431,3583,4,2026-07-25,2026-07-25,0,No prazo
1432,3586,1,2026-04-30,2026-04-30,0,No prazo
1433,3589,3,2026-08-09,2026-08-09,0,No prazo
1434,3590,3,2026-06-13,2026-06-18,5,Atrasada
1435,3593,4,2026-04-03,2026-04-03,0,No prazo
1436,3595,4,2026-05-30,2026-05-30,0,No prazo
1437,3596,2,2026-04-17,2026-04-17,0,No prazo
1438,3600,4,2026-04-21,2026-04-21,0,No prazo
1439,3602,3,2026-04-15,2026-04-15,0,No prazo
1440,3605,4,2026-04-26,2026-04-29,3,Atrasada
1441,3608,1,2026-02-12,2026-02-13,1,Atrasada
1442,3609,1,2026-04-05,2026-04-06,1,Atrasada
1443,3610,4,2026-02-19,2026-02-19,0,No prazo
1444,3614,5,2026-01-02,2026-01-02,0,No prazo
1445,3616,2,2026-04-09,2026-04-10,1,Atrasada
1446,3617,2,2026-03-25,2026-03-24,0,No prazo
1447,3618,4,2026-06-21,2026-06-22,1,Atrasada
1448,3621,3,2026-06-07,2026-06-07,0,No prazo
1449,3624,4,2026-05-07,2026-05-07,0,No prazo
1450,3625,4,2026-08-06,2026-08-06,0,No prazo
1451,3626,2,2026-02-05,2026-02-05,0,No prazo
1452,3634,2,2026-03-14,2026-03-13,0,No prazo
1453,3635,1,2026-03-29,2026-03-29,0,No prazo
1454,3636,1,2026-05-24,2026-05-24,0,No prazo
1455,3639,5,2026-03-06,2026-03-06,0,No prazo
1456,3640,3,2026-06-18,2026-06-18,0,No prazo
1457,3644,2,2026-07-22,2026-07-22,0,No prazo
1458,3650,1,2026-07-08,2026-07-08,0,No prazo
1459,3652,5,2026-08-11,2026-08-11,0,No prazo
1460,3653,4,2026-06-30,2026-06-30,0,No prazo
1461,3656,4,2026-03-08,2026-03-10,2,Atrasada
1462,3657,5,2026-03-19,2026-03-19,0,No prazo
1463,3659,4,2026-06-03,2026-06-03,0,No prazo
1464,3662,4,2026-05-11,2026-05-11,0,No prazo
1465,3663,2,2026-06-17,2026-06-16,0,No prazo
1466,3666,1,2026-08-07,2026-08-07,0,No prazo
1467,3669,3,2026-03-17,2026-03-18,1,Atrasada
1468,3670,3,2026-05-24,2026-05-24,0,No prazo
1469,3673,4,2026-04-01,2026-04-01,0,No prazo
1470,3674,1,2026-07-26,2026-07-26,0,No prazo
1471,3683,5,2026-07-28,2026-08-02,5,Atrasada
1472,3685,2,2026-02-24,2026-02-24,0,No prazo
1473,3686,4,2026-08-06,2026-08-05,0,No prazo
1474,3687,1,2026-04-11,2026-04-11,0,No prazo
1475,3690,1,2026-07-21,2026-07-22,1,Atrasada
1476,3691,2,2026-05-10,2026-05-10,0,No prazo
1477,3693,3,2026-08-03,2026-08-02,0,No prazo
1478,3694,4,2026-03-02,2026-03-02,0,No prazo
1479,3695,3,2026-01-10,2026-01-10,0,No prazo
1480,3698,5,2026-05-04,2026-05-04,0,No prazo
1481,3699,4,2026-01-19,2026-01-19,0,No prazo
1482,3700,1,2026-05-07,2026-05-08,1,Atrasada
1483,3703,5,2026-05-10,2026-05-10,0,No prazo
1484,3704,3,2026-05-23,2026-05-23,0,No prazo
1485,3705,2,2026-04-04,2026-04-04,0,No prazo
1486,3707,1,2026-05-31,2026-05-31,0,No prazo
1487,3708,4,2026-06-15,2026-06-15,0,No prazo
1488,3711,1,2026-04-05,2026-04-05,0,No prazo
1489,3712,2,2026-03-16,2026-03-16,0,No prazo
1490,3715,5,2026-04-06,2026-04-06,0,No prazo
1491,3722,2,2026-02-22,2026-02-22,0,No prazo
1492,3726,3,2026-05-04,2026-05-04,0,No prazo
1493,3729,3,2026-08-05,2026-08-05,0,No prazo
1494,3733,1,2026-03-01,2026-03-01,0,No prazo
1495,3734,4,2026-05-28,2026-05-28,0,No prazo
1496,3735,3,2026-07-19,2026-07-19,0,No prazo
1497,3736,3,2026-03-04,2026-03-06,2,Atrasada
1498,3738,1,2026-01-17,2026-01-17,0,No prazo
1499,3740,4,2026-01-16,2026-01-16,0,No prazo
1500,3741,4,2026-07-24,2026-07-24,0,No prazo
1501,3743,5,2026-06-29,2026-06-29,0,No prazo
1502,3746,5,2026-07-07,2026-07-07,0,No prazo
1503,3747,4,2026-01-26,2026-01-26,0,No prazo
1504,3753,3,2026-05-30,2026-05-31,1,Atrasada
1505,3754,4,2026-04-10,2026-04-10,0,No prazo
1506,3756,3,2026-01-18,2026-01-20,2,Atrasada
1507,3762,1,2026-01-06,2026-01-06,0,No prazo
1508,3770,4,2026-02-06,2026-02-06,0,No prazo
1509,3777,4,2026-02-16,2026-02-17,1,Atrasada
1510,3779,4,2026-08-01,2026-07-31,0,No prazo
1511,3781,3,2026-07-12,2026-07-12,0,No prazo
1512,3782,3,2026-04-22,2026-04-22,0,No prazo
1513,3785,5,2026-07-23,2026-07-23,0,No prazo
1514,3788,4,2026-03-22,2026-03-22,0,No prazo
1515,3789,3,2026-06-13,2026-06-13,0,No prazo
1516,3790,3,2026-02-20,2026-02-20,0,No prazo
1517,3793,3,2026-01-26,2026-01-31,5,Atrasada
1518,3795,1,2026-04-20,2026-04-20,0,No prazo
1519,3796,3,2026-06-07,2026-06-10,3,Atrasada
1520,3799,4,2026-03-16,2026-03-16,0,No prazo
1521,3800,5,2026-04-08,2026-04-08,0,No prazo
1522,3801,5,2026-05-02,2026-05-02,0,No prazo
1523,3802,5,2026-05-25,2026-05-25,0,No prazo
1524,3804,3,2026-05-16,2026-05-16,0,No prazo
1525,3807,1,2026-04-28,2026-04-28,0,No prazo
1526,3814,1,2026-04-16,2026-04-16,0,No prazo
1527,3818,3,2026-02-27,2026-02-27,0,No prazo
1528,3821,5,2026-07-11,2026-07-11,0,No prazo
1529,3822,3,2026-02-22,2026-02-22,0,No prazo
1530,3825,1,2026-02-06,2026-02-08,2,Atrasada
1531,3827,3,2026-01-20,2026-01-20,0,No prazo
1532,3830,3,2026-07-03,2026-07-03,0,No prazo
1533,3835,3,2026-05-15,2026-05-15,0,No prazo
1534,3837,1,2026-04-29,2026-04-29,0,No prazo
1535,3841,3,2026-04-28,2026-04-28,0,No prazo
1536,3844,4,2026-01-04,2026-01-04,0,No prazo
1537,3845,4,2026-07-14,2026-07-14,0,No prazo
1538,3847,5,2026-06-08,2026-06-08,0,No prazo
1539,3848,4,2026-08-04,2026-08-04,0,No prazo
1540,3849,3,2026-02-16,2026-02-21,5,Atrasada
1541,3852,3,2026-08-03,2026-08-03,0,No prazo
1542,3853,3,2026-02-15,2026-02-15,0,No prazo
1543,3856,3,2026-01-20,2026-01-20,0,No prazo
1544,3858,3,2026-07-08,2026-07-08,0,No prazo
1545,3861,4,2026-07-29,2026-07-29,0,No prazo
1546,3866,4,2026-05-09,2026-05-09,0,No prazo
1547,3871,4,2026-06-06,2026-06-06,0,No prazo
1548,3875,1,2026-02-13,2026-02-13,0,No prazo
1549,3877,4,2026-04-29,2026-04-29,0,No prazo
1550,3878,2,2026-04-17,2026-04-19,2,Atrasada
1551,3879,5,2026-06-12,2026-06-17,5,Atrasada
1552,3883,3,2026-07-25,2026-07-25,0,No prazo
1553,3885,3,2026-01-31,2026-02-02,2,Atrasada
1554,3887,1,2026-01-07,2026-01-09,2,Atrasada
1555,3888,1,2026-03-24,2026-03-24,0,No prazo
1556,3895,4,2026-05-14,2026-05-14,0,No prazo
1557,3900,3,2026-02-18,2026-02-18,0,No prazo
1558,3902,4,2026-07-12,2026-07-12,0,No prazo
1559,3904,4,2026-03-27,2026-03-27,0,No prazo
1560,3911,3,2026-04-18,2026-04-18,0,No prazo
1561,3913,5,2026-01-29,2026-01-29,0,No prazo
1562,3915,3,2026-01-22,2026-01-25,3,Atrasada
1563,3920,1,2026-02-05,2026-02-05,0,No prazo
1564,3921,3,2026-04-13,2026-04-13,0,No prazo
1565,3922,1,2026-01-22,2026-01-22,0,No prazo
1566,3923,5,2026-05-30,2026-06-02,3,Atrasada
1567,3927,3,2026-03-12,2026-03-13,1,Atrasada
1568,3930,3,2026-04-17,2026-04-17,0,No prazo
1569,3931,1,2026-06-16,2026-06-16,0,No prazo
1570,3932,3,2026-06-18,2026-06-18,0,No prazo
1571,3935,2,2026-04-24,2026-04-24,0,No prazo
1572,3939,5,2026-06-13,2026-06-14,1,Atrasada
1573,3941,2,2026-03-13,2026-03-13,0,No prazo
1574,3942,4,2026-07-07,2026-07-07,0,No prazo
1575,3943,3,2026-01-10,2026-01-10,0,No prazo
1576,3947,2,2026-02-26,2026-02-26,0,No prazo
1577,3948,5,2026-05-26,2026-05-26,0,No prazo
1578,3949,2,2026-02-12,2026-02-12,0,No prazo
1579,3950,4,2026-01-29,2026-01-30,1,Atrasada
1580,3951,3,2026-03-22,2026-03-22,0,No prazo
1581,3954,4,2026-04-20,2026-04-20,0,No prazo
1582,3959,1,2026-02-13,2026-02-13,0,No prazo
1583,3965,2,2026-04-13,2026-04-13,0,No prazo
1584,3966,2,2026-02-01,2026-02-01,0,No prazo
1585,3967,3,2026-02-17,2026-02-17,0,No prazo
1586,3972,4,2026-04-27,2026-04-29,2,Atrasada
1587,3975,1,2026-04-05,2026-04-05,0,No prazo
1588,3976,5,2026-01-09,2026-01-09,0,No prazo
1589,3978,3,2026-05-18,2026-05-18,0,No prazo
1590,3979,1,2026-03-12,2026-03-12,0,No prazo
1591,3980,5,2026-03-27,2026-03-27,0,No prazo
1592,3985,5,2026-04-03,2026-04-03,0,No prazo
1593,3987,5,2026-04-11,2026-04-11,0,No prazo
1594,3990,4,2026-04-14,2026-04-16,2,Atrasada
1595,3993,3,2026-06-21,2026-06-23,2,Atrasada
1596,3994,1,2026-06-29,2026-06-29,0,No prazo
1597,3996,4,2026-03-27,2026-03-30,3,Atrasada
1598,3998,5,2026-04-30,2026-05-03,3,Atrasada
1599,4000,3,2026-05-14,2026-05-14,0,No prazo
1600,4004,1,2026-04-27,2026-04-30,3,Atrasada
1601,4006,3,2026-03-18,2026-03-18,0,No prazo
1602,4008,1,2026-04-06,2026-04-06,0,No prazo
1603,4011,3,2026-01-25,2026-01-25,0,No prazo
1604,4013,5,2026-07-06,2026-07-06,0,No prazo
1605,4014,5,2026-07-29,2026-07-29,0,No prazo
1606,4016,3,2026-01-06,2026-01-06,0,No prazo
1607,4022,3,2026-03-05,2026-03-07,2,Atrasada
1608,4025,1,2026-04-24,2026-04-27,3,Atrasada
1609,4027,4,2026-03-03,2026-03-06,3,Atrasada
1610,4029,1,2026-08-06,2026-08-08,2,Atrasada
1611,4030,3,2026-08-07,2026-08-07,0,No prazo
1612,4032,4,2026-01-13,2026-01-13,0,No prazo
1613,4033,3,2026-03-23,2026-03-23,0,No prazo
1614,4035,1,2026-08-01,2026-08-04,3,Atrasada
1615,4037,2,2026-04-29,2026-04-30,1,Atrasada
1616,4038,4,2026-02-03,2026-02-03,0,No prazo
1617,4040,1,2026-03-18,2026-03-19,1,Atrasada
1618,4044,3,2026-01-07,2026-01-07,0,No prazo
1619,4045,1,2026-01-20,2026-01-19,0,No prazo
1620,4046,1,2026-04-13,2026-04-13,0,No prazo
1621,4047,4,2026-01-25,2026-01-26,1,Atrasada
1622,4048,4,2026-07-07,2026-07-09,2,Atrasada
1623,4049,4,2026-04-26,2026-04-26,0,No prazo
1624,4050,4,2026-03-15,2026-03-15,0,No prazo
1625,4052,2,2026-04-18,2026-04-18,0,No prazo
1626,4058,5,2026-02-01,2026-02-03,2,Atrasada
1627,4059,4,2026-02-17,2026-02-17,0,No prazo
1628,4060,4,2026-01-15,2026-01-15,0,No prazo
1629,4062,4,2026-07-28,2026-07-28,0,No prazo
1630,4064,4,2026-03-01,2026-03-01,0,No prazo
1631,4067,5,2026-01-14,2026-01-14,0,No prazo
1632,4069,4,2026-05-03,2026-05-03,0,No prazo
1633,4070,4,2026-04-07,2026-04-07,0,No prazo
1634,4071,4,2026-01-05,2026-01-05,0,No prazo
1635,4073,3,2026-06-11,2026-06-11,0,No prazo
1636,4074,5,2026-04-23,2026-04-23,0,No prazo
1637,4075,2,2026-08-07,2026-08-07,0,No prazo
1638,4085,1,2026-01-31,2026-01-30,0,No prazo
1639,4086,4,2026-03-06,2026-03-08,2,Atrasada
1640,4090,3,2026-03-30,2026-03-30,0,No prazo
1641,4094,1,2026-08-06,2026-08-08,2,Atrasada
1642,4098,3,2026-03-10,2026-03-10,0,No prazo
1643,4102,1,2026-03-30,2026-03-30,0,No prazo
1644,4105,5,2026-06-09,2026-06-09,0,No prazo
1645,4106,4,2026-06-01,2026-06-02,1,Atrasada
1646,4107,4,2026-04-14,2026-04-14,0,No prazo
1647,4111,2,2026-03-25,2026-03-25,0,No prazo
1648,4112,5,2026-03-01,2026-03-01,0,No prazo
1649,4114,1,2026-03-21,2026-03-20,0,No prazo
1650,4116,5,2026-03-20,2026-03-20,0,No prazo
1651,4117,3,2026-03-10,2026-03-11,1,Atrasada
1652,4120,4,2026-04-16,2026-04-21,5,Atrasada
1653,4126,2,2026-05-08,2026-05-08,0,No prazo
1654,4127,3,2026-03-01,2026-03-04,3,Atrasada
1655,4128,4,2026-02-19,2026-02-19,0,No prazo
1656,4129,4,2026-01-13,2026-01-16,3,Atrasada
1657,4133,2,2026-06-16,2026-06-16,0,No prazo
1658,4140,2,2026-02-23,2026-02-23,0,No prazo
1659,4141,3,2026-05-31,2026-06-03,3,Atrasada
1660,4144,3,2026-01-30,2026-01-30,0,No prazo
1661,4149,3,2026-02-21,2026-02-23,2,Atrasada
1662,4150,5,2026-05-15,2026-05-15,0,No prazo
1663,4153,3,2026-04-03,2026-04-03,0,No prazo
1664,4154,5,2026-06-08,2026-06-08,0,No prazo
1665,4155,2,2026-06-02,2026-06-02,0,No prazo
1666,4157,1,2026-04-21,2026-04-23,2,Atrasada
1667,4158,3,2026-03-18,2026-03-18,0,No prazo
1668,4160,1,2026-02-08,2026-02-08,0,No prazo
1669,4161,5,2026-01-27,2026-01-30,3,Atrasada
1670,4166,4,2026-02-11,2026-02-13,2,Atrasada
1671,4167,1,2026-04-10,2026-04-13,3,Atrasada
1672,4169,3,2026-03-19,2026-03-19,0,No prazo
1673,4171,3,2026-01-20,2026-01-20,0,No prazo
1674,4179,4,2026-06-20,2026-06-20,0,No prazo
1675,4187,1,2026-03-03,2026-03-03,0,No prazo
1676,4190,3,2026-03-28,2026-03-28,0,No prazo
1677,4192,2,2026-03-27,2026-03-27,0,No prazo
1678,4193,1,2026-08-07,2026-08-08,1,Atrasada
1679,4194,1,2026-03-18,2026-03-18,0,No prazo
1680,4195,5,2026-03-20,2026-03-20,0,No prazo
1681,4198,2,2026-01-23,2026-01-23,0,No prazo
1682,4200,4,2026-01-07,2026-01-07,0,No prazo
1683,4202,1,2026-02-17,2026-02-20,3,Atrasada
1684,4203,2,2026-03-09,2026-03-12,3,Atrasada
1685,4204,3,2026-06-19,2026-06-18,0,No prazo
1686,4206,4,2026-08-09,2026-08-09,0,No prazo
1687,4207,3,2026-03-21,2026-03-23,2,Atrasada
1688,4212,3,2026-04-29,2026-04-29,0,No prazo
1689,4220,5,2026-07-07,2026-07-07,0,No prazo
1690,4221,3,2026-04-17,2026-04-17,0,No prazo
1691,4223,1,2026-02-09,2026-02-09,0,No prazo
1692,4224,5,2026-04-08,2026-04-08,0,No prazo
1693,4225,4,2026-01-29,2026-01-28,0,No prazo
1694,4227,5,2026-06-09,2026-06-11,2,Atrasada
1695,4230,1,2026-03-12,2026-03-13,1,Atrasada
1696,4231,4,2026-01-18,2026-01-18,0,No prazo
1697,4236,3,2026-08-08,2026-08-09,1,Atrasada
1698,4242,4,2026-05-28,2026-05-28,0,No prazo
1699,4245,1,2026-05-30,2026-05-30,0,No prazo
1700,4246,4,2026-06-22,2026-06-22,0,No prazo
1701,4247,3,2026-06-13,2026-06-12,0,No prazo
1702,4253,3,2026-03-19,2026-03-19,0,No prazo
1703,4255,1,2026-06-18,2026-06-18,0,No prazo
1704,4257,3,2026-08-05,2026-08-05,0,No prazo
1705,4259,4,2026-07-08,2026-07-08,0,No prazo
1706,4266,5,2026-03-31,2026-04-01,1,Atrasada
1707,4270,3,2026-07-14,2026-07-14,0,No prazo
1708,4272,1,2026-03-02,2026-03-02,0,No prazo
1709,4274,5,2026-07-17,2026-07-20,3,Atrasada
1710,4276,1,2026-04-07,2026-04-08,1,Atrasada
1711,4280,1,2026-04-22,2026-04-23,1,Atrasada
1712,4282,5,2026-04-05,2026-04-06,1,Atrasada
1713,4283,5,2026-04-16,2026-04-16,0,No prazo
1714,4286,4,2026-04-22,2026-04-24,2,Atrasada
1715,4287,4,2026-01-12,2026-01-12,0,No prazo
1716,4291,4,2026-05-16,2026-05-16,0,No prazo
1717,4292,2,2026-05-07,2026-05-07,0,No prazo
1718,4294,3,2026-04-04,2026-04-05,1,Atrasada
1719,4295,5,2026-04-18,2026-04-20,2,Atrasada
1720,4297,2,2026-08-02,2026-08-02,0,No prazo
1721,4304,4,2026-08-02,2026-08-02,0,No prazo
1722,4305,1,2026-05-11,2026-05-13,2,Atrasada
1723,4306,5,2026-07-05,2026-07-05,0,No prazo
1724,4307,5,2026-02-09,2026-02-09,0,No prazo
1725,4308,4,2026-02-04,2026-02-04,0,No prazo
1726,4310,4,2026-04-29,2026-04-29,0,No prazo
1727,4316,3,2026-05-10,2026-05-10,0,No prazo
1728,4319,3,2026-02-07,2026-02-07,0,No prazo
1729,4323,5,2026-03-21,2026-03-21,0,No prazo
1730,4326,3,2026-06-11,2026-06-11,0,No prazo
1731,4329,2,2026-03-19,2026-03-19,0,No prazo
1732,4334,2,2026-01-16,2026-01-15,0,No prazo
1733,4337,3,2026-03-08,2026-03-10,2,Atrasada
1734,4338,4,2026-03-01,2026-03-01,0,No prazo
1735,4339,4,2026-01-17,2026-01-18,1,Atrasada
1736,4340,3,2026-05-27,2026-05-27,0,No prazo
1737,4343,3,2026-03-31,2026-03-31,0,No prazo
1738,4344,5,2026-07-29,2026-07-29,0,No prazo
1739,4345,1,2026-02-28,2026-02-28,0,No prazo
1740,4346,5,2026-07-17,2026-07-19,2,Atrasada
1741,4348,5,2026-02-13,2026-02-18,5,Atrasada
1742,4352,4,2026-05-11,2026-05-11,0,No prazo
1743,4353,4,2026-03-17,2026-03-17,0,No prazo
1744,4354,4,2026-06-08,2026-06-09,1,Atrasada
1745,4357,2,2026-04-15,2026-04-16,1,Atrasada
1746,4363,4,2026-06-19,2026-06-19,0,No prazo
1747,4372,1,2026-01-21,2026-01-20,0,No prazo
1748,4373,4,2026-07-18,2026-07-18,0,No prazo
1749,4374,3,2026-01-27,2026-01-27,0,No prazo
1750,4376,1,2026-07-27,2026-07-27,0,No prazo
1751,4377,5,2026-05-28,2026-05-28,0,No prazo
1752,4384,4,2026-04-13,2026-04-16,3,Atrasada
1753,4385,2,2026-06-15,2026-06-15,0,No prazo
1754,4386,5,2026-04-04,2026-04-04,0,No prazo
1755,4388,4,2026-02-14,2026-02-14,0,No prazo
1756,4389,2,2026-05-05,2026-05-06,1,Atrasada
1757,4392,3,2026-02-28,2026-03-02,2,Atrasada
1758,4394,3,2026-06-07,2026-06-07,0,No prazo
1759,4398,3,2026-01-11,2026-01-11,0,No prazo
1760,4399,5,2026-01-28,2026-01-28,0,No prazo
1761,4401,5,2026-01-24,2026-01-29,5,Atrasada
1762,4402,3,2026-03-17,2026-03-22,5,Atrasada
1763,4405,3,2026-04-10,2026-04-10,0,No prazo
1764,4406,4,2026-01-22,2026-01-24,2,Atrasada
1765,4411,1,2026-04-02,2026-04-01,0,No prazo
1766,4412,3,2026-07-13,2026-07-14,1,Atrasada
1767,4414,1,2026-02-02,2026-02-02,0,No prazo
1768,4416,5,2026-03-13,2026-03-13,0,No prazo
1769,4417,3,2026-07-29,2026-07-31,2,Atrasada
1770,4418,3,2026-03-26,2026-03-26,0,No prazo
1771,4419,4,2026-07-14,2026-07-19,5,Atrasada
1772,4421,2,2026-04-16,2026-04-18,2,Atrasada
1773,4422,4,2026-03-08,2026-03-08,0,No prazo
1774,4425,4,2026-04-16,2026-04-16,0,No prazo
1775,4437,3,2026-03-16,2026-03-16,0,No prazo
1776,4439,4,2026-02-26,2026-03-03,5,Atrasada
1777,4442,4,2026-04-30,2026-04-30,0,No prazo
1778,4443,4,2026-08-11,2026-08-10,0,No prazo
1779,4446,5,2026-03-27,2026-03-27,0,No prazo
1780,4447,3,2026-03-08,2026-03-09,1,Atrasada
1781,4448,3,2026-05-12,2026-05-14,2,Atrasada
1782,4449,5,2026-03-01,2026-03-01,0,No prazo
1783,4450,1,2026-08-04,2026-08-04,0,No prazo
1784,4451,4,2026-03-08,2026-03-08,0,No prazo
1785,4454,4,2026-07-23,2026-07-24,1,Atrasada
1786,4456,2,2026-06-26,2026-06-26,0,No prazo
1787,4457,5,2026-03-20,2026-03-19,0,No prazo
1788,4462,4,2026-06-06,2026-06-06,0,No prazo
1789,4463,1,2026-05-02,2026-05-05,3,Atrasada
1790,4464,5,2026-08-07,2026-08-07,0,No prazo
1791,4465,3,2026-06-28,2026-06-28,0,No prazo
1792,4467,1,2026-01-08,2026-01-08,0,No prazo
1793,4468,1,2026-01-23,2026-01-23,0,No prazo
1794,4469,2,2026-04-11,2026-04-11,0,No prazo
1795,4470,4,2026-05-06,2026-05-06,0,No prazo
1796,4472,5,2026-01-29,2026-01-29,0,No prazo
1797,4473,4,2026-06-07,2026-06-07,0,No prazo
1798,4475,3,2026-01-09,2026-01-09,0,No prazo
1799,4476,3,2026-04-24,2026-04-24,0,No prazo
1800,4480,3,2026-07-13,2026-07-12,0,No prazo
1801,4481,3,2026-05-14,2026-05-14,0,No prazo
1802,4485,3,2026-04-10,2026-04-11,1,Atrasada
1803,4488,3,2026-07-08,2026-07-08,0,No prazo
1804,4489,5,2026-04-28,2026-04-28,0,No prazo
1805,4490,4,2026-07-14,2026-07-14,0,No prazo
1806,4497,5,2026-02-05,2026-02-05,0,No prazo
1807,4502,3,2026-04-06,2026-04-06,0,No prazo
1808,4505,1,2026-07-19,2026-07-19,0,No prazo
1809,4506,2,2026-03-19,2026-03-22,3,Atrasada
1810,4510,3,2026-02-15,2026-02-15,0,No prazo
1811,4511,1,2026-06-04,2026-06-04,0,No prazo
1812,4515,1,2026-06-07,2026-06-07,0,No prazo
1813,4517,4,2026-01-21,2026-01-21,0,No prazo
1814,4519,2,2026-03-04,2026-03-05,1,Atrasada
1815,4520,5,2026-03-07,2026-03-07,0,No prazo
1816,4521,2,2026-02-13,2026-02-14,1,Atrasada
1817,4526,5,2026-05-16,2026-05-16,0,No prazo
1818,4528,3,2026-03-11,2026-03-16,5,Atrasada
1819,4529,1,2026-05-17,2026-05-16,0,No prazo
1820,4534,5,2026-06-13,2026-06-15,2,Atrasada
1821,4535,1,2026-05-18,2026-05-18,0,No prazo
1822,4540,5,2026-06-13,2026-06-13,0,No prazo
1823,4541,3,2026-08-07,2026-08-07,0,No prazo
1824,4546,5,2026-04-15,2026-04-15,0,No prazo
1825,4547,5,2026-02-25,2026-02-25,0,No prazo
1826,4548,4,2026-04-20,2026-04-20,0,No prazo
1827,4549,4,2026-07-14,2026-07-14,0,No prazo
1828,4551,3,2026-01-23,2026-01-23,0,No prazo
1829,4557,4,2026-03-09,2026-03-12,3,Atrasada
1830,4561,4,2026-05-18,2026-05-18,0,No prazo
1831,4564,1,2026-01-19,2026-01-19,0,No prazo
1832,4565,2,2026-03-30,2026-03-30,0,No prazo
1833,4570,3,2026-03-22,2026-03-27,5,Atrasada
1834,4572,1,2026-03-06,2026-03-06,0,No prazo
1835,4573,4,2026-03-05,2026-03-05,0,No prazo
1836,4575,1,2026-01-24,2026-01-24,0,No prazo
1837,4578,4,2026-04-22,2026-04-22,0,No prazo
1838,4580,5,2026-07-25,2026-07-25,0,No prazo
1839,4581,4,2026-07-07,2026-07-07,0,No prazo
1840,4586,3,2026-04-01,2026-04-01,0,No prazo
1841,4591,4,2026-04-01,2026-04-04,3,Atrasada
1842,4592,3,2026-08-08,2026-08-08,0,No prazo
1843,4597,3,2026-02-02,2026-02-02,0,No prazo
1844,4601,4,2026-07-04,2026-07-04,0,No prazo
1845,4602,1,2026-05-09,2026-05-09,0,No prazo
1846,4603,3,2026-02-06,2026-02-06,0,No prazo
1847,4606,4,2026-07-02,2026-07-01,0,No prazo
1848,4610,1,2026-04-08,2026-04-08,0,No prazo
1849,4611,3,2026-01-25,2026-01-25,0,No prazo
1850,4615,3,2026-07-04,2026-07-04,0,No prazo
1851,4619,3,2026-05-25,2026-05-24,0,No prazo
1852,4623,1,2026-06-04,2026-06-04,0,No prazo
1853,4624,1,2026-01-18,2026-01-19,1,Atrasada
1854,4626,3,2026-06-12,2026-06-12,0,No prazo
1855,4630,4,2026-06-11,2026-06-11,0,No prazo
1856,4631,5,2026-01-03,2026-01-03,0,No prazo
1857,4635,4,2026-06-07,2026-06-08,1,Atrasada
1858,4640,4,2026-01-08,2026-01-08,0,No prazo
1859,4642,3,2026-01-16,2026-01-15,0,No prazo
1860,4646,3,2026-02-22,2026-02-22,0,No prazo
1861,4654,4,2026-04-21,2026-04-21,0,No prazo
1862,4661,3,2026-05-08,2026-05-08,0,No prazo
1863,4668,2,2026-07-17,2026-07-18,1,Atrasada
1864,4672,3,2026-06-02,2026-06-02,0,No prazo
1865,4673,4,2026-06-20,2026-06-20,0,No prazo
1866,4679,5,2026-03-20,2026-03-23,3,Atrasada
1867,4680,5,2026-04-26,2026-04-26,0,No prazo
1868,4681,3,2026-03-01,2026-03-01,0,No prazo
1869,4686,5,2026-03-11,2026-03-11,0,No prazo
1870,4689,5,2026-07-11,2026-07-11,0,No prazo
1871,4690,4,2026-03-24,2026-03-23,0,No prazo
1872,4692,2,2026-02-04,2026-02-04,0,No prazo
1873,4694,3,2026-07-13,2026-07-13,0,No prazo
1874,4697,4,2026-05-09,2026-05-09,0,No prazo
1875,4700,3,2026-06-05,2026-06-05,0,No prazo
1876,4703,1,2026-01-24,2026-01-24,0,No prazo
1877,4705,4,2026-04-10,2026-04-10,0,No prazo
1878,4706,2,2026-02-05,2026-02-05,0,No prazo
1879,4707,2,2026-05-07,2026-05-09,2,Atrasada
1880,4708,4,2026-01-05,2026-01-05,0,No prazo
1881,4715,1,2026-03-02,2026-03-02,0,No prazo
1882,4716,3,2026-01-12,2026-01-12,0,No prazo
1883,4721,1,2026-07-07,2026-07-06,0,No prazo
1884,4725,3,2026-07-07,2026-07-07,0,No prazo
1885,4731,4,2026-02-16,2026-02-15,0,No prazo
1886,4732,4,2026-08-09,2026-08-09,0,No prazo
1887,4735,5,2026-03-30,2026-03-30,0,No prazo
1888,4739,2,2026-03-30,2026-03-30,0,No prazo
1889,4740,4,2026-05-04,2026-05-04,0,No prazo
1890,4741,1,2026-05-16,2026-05-21,5,Atrasada
1891,4742,3,2026-05-14,2026-05-14,0,No prazo
1892,4743,3,2026-02-21,2026-02-21,0,No prazo
1893,4744,2,2026-06-27,2026-06-28,1,Atrasada
1894,4745,2,2026-06-04,2026-06-04,0,No prazo
1895,4746,2,2026-06-17,2026-06-20,3,Atrasada
1896,4750,3,2026-06-29,2026-06-29,0,No prazo
1897,4751,3,2026-02-15,2026-02-15,0,No prazo
1898,4752,4,2026-02-26,2026-02-27,1,Atrasada
1899,4753,2,2026-04-28,2026-04-28,0,No prazo
1900,4756,5,2026-03-09,2026-03-09,0,No prazo
1901,4768,1,2026-04-30,2026-05-01,1,Atrasada
1902,4769,3,2026-07-24,2026-07-24,0,No prazo
1903,4771,3,2026-03-20,2026-03-20,0,No prazo
1904,4772,1,2026-01-27,2026-01-27,0,No prazo
1905,4773,1,2026-03-30,2026-03-30,0,No prazo
1906,4775,3,2026-08-06,2026-08-09,3,Atrasada
1907,4780,1,2026-07-26,2026-07-26,0,No prazo
1908,4784,3,2026-02-15,2026-02-15,0,No prazo
1909,4786,1,2026-06-21,2026-06-23,2,Atrasada
1910,4788,2,2026-01-24,2026-01-24,0,No prazo
1911,4789,3,2026-02-06,2026-02-07,1,Atrasada
1912,4795,1,2026-01-16,2026-01-16,0,No prazo
1913,4798,3,2026-05-20,2026-05-20,0,No prazo
1914,4801,2,2026-01-15,2026-01-15,0,No prazo
1915,4808,4,2026-03-15,2026-03-15,0,No prazo
1916,4809,4,2026-07-25,2026-07-25,0,No prazo
1917,4814,4,2026-05-13,2026-05-16,3,Atrasada
1918,4817,5,2026-04-04,2026-04-04,0,No prazo
1919,4820,4,2026-06-19,2026-06-19,0,No prazo
1920,4822,4,2026-08-11,2026-08-11,0,No prazo
1921,4823,3,2026-04-22,2026-04-22,0,No prazo
1922,4825,5,2026-01-03,2026-01-03,0,No prazo
1923,4829,3,2026-03-17,2026-03-22,5,Atrasada
1924,4833,1,2026-01-16,2026-01-16,0,No prazo
1925,4835,1,2026-04-18,2026-04-18,0,No prazo
1926,4837,3,2026-07-08,2026-07-10,2,Atrasada
1927,4843,3,2026-05-18,2026-05-18,0,No prazo
1928,4844,4,2026-06-10,2026-06-12,2,Atrasada
1929,4845,4,2026-02-14,2026-02-14,0,No prazo
1930,4846,1,2026-05-24,2026-05-24,0,No prazo
1931,4848,4,2026-06-25,2026-06-25,0,No prazo
1932,4849,4,2026-06-27,2026-06-28,1,Atrasada
1933,4851,5,2026-07-29,2026-07-31,2,Atrasada
1934,4852,1,2026-04-30,2026-04-29,0,No prazo
1935,4853,3,2026-01-07,2026-01-06,0,No prazo
1936,4860,3,2026-04-29,2026-04-29,0,No prazo
1937,4864,3,2026-06-01,2026-06-01,0,No prazo
1938,4872,3,2026-06-12,2026-06-12,0,No prazo
1939,4875,4,2026-03-28,2026-03-28,0,No prazo
1940,4878,4,2026-05-12,2026-05-13,1,Atrasada
1941,4880,3,2026-03-17,2026-03-19,2,Atrasada
1942,4881,1,2026-06-11,2026-06-11,0,No prazo
1943,4882,2,2026-04-10,2026-04-10,0,No prazo
1944,4885,4,2026-01-10,2026-01-10,0,No prazo
1945,4886,3,2026-06-11,2026-06-13,2,Atrasada
1946,4895,4,2026-03-27,2026-03-27,0,No prazo
1947,4897,5,2026-02-07,2026-02-07,0,No prazo
1948,4901,4,2026-03-28,2026-03-28,0,No prazo
1949,4902,5,2026-04-25,2026-04-26,1,Atrasada
1950,4903,5,2026-08-06,2026-08-06,0,No prazo
1951,4904,4,2026-02-23,2026-02-28,5,Atrasada
1952,4905,4,2026-07-28,2026-07-31,3,Atrasada
1953,4910,2,2026-07-02,2026-07-02,0,No prazo
1954,4914,4,2026-06-20,2026-06-20,0,No prazo
1955,4915,1,2026-06-28,2026-06-28,0,No prazo
1956,4916,4,2026-06-27,2026-06-27,0,No prazo
1957,4919,4,2026-07-25,2026-07-25,0,No prazo
1958,4922,3,2026-08-01,2026-08-01,0,No prazo
1959,4931,1,2026-05-24,2026-05-27,3,Atrasada
1960,4933,1,2026-08-10,2026-08-10,0,No prazo
1961,4935,3,2026-05-23,2026-05-23,0,No prazo
1962,4936,5,2026-02-17,2026-02-17,0,No prazo
1963,4937,1,2026-06-16,2026-06-16,0,No prazo
1964,4942,1,2026-01-11,2026-01-11,0,No prazo
1965,4950,4,2026-03-03,2026-03-05,2,Atrasada
1966,4951,4,2026-07-06,2026-07-06,0,No prazo
1967,4955,3,2026-05-27,2026-05-27,0,No prazo
1968,4956,5,2026-07-28,2026-07-28,0,No prazo
1969,4958,5,2026-04-29,2026-04-28,0,No prazo
1970,4964,1,2026-04-04,2026-04-04,0,No prazo
1971,4966,4,2026-01-30,2026-01-30,0,No prazo
1972,4967,3,2026-02-28,2026-02-28,0,No prazo
1973,4973,5,2026-03-24,2026-03-25,1,Atrasada
1974,4974,3,2026-02-04,2026-02-05,1,Atrasada
1975,4975,3,2026-01-08,2026-01-09,1,Atrasada
1976,4978,1,2026-05-02,2026-05-02,0,No prazo
1977,4979,3,2026-08-10,2026-08-10,0,No prazo
1978,4981,2,2026-03-22,2026-03-24,2,Atrasada
1979,4982,5,2026-02-08,2026-02-10,2,Atrasada
1980,4983,4,2026-03-31,2026-04-01,1,Atrasada
1981,4984,2,2026-05-05,2026-05-05,0,No prazo
1982,4985,5,2026-06-30,2026-06-30,0,No prazo
1983,4986,5,2026-03-25,2026-03-30,5,Atrasada
1984,4989,2,2026-03-08,2026-03-10,2,Atrasada
1985,4990,5,2026-07-21,2026-07-21,0,No prazo
1986,4991,3,2026-04-07,2026-04-12,5,Atrasada
1987,4992,3,2026-02-05,2026-02-05,0,No prazo
1988,5000,1,2026-05-21,2026-05-21,0,No prazo
1989,5001,5,2026-04-30,2026-04-30,0,No prazo
1990,5002,1,2026-05-19,2026-05-22,3,Atrasada
1991,5004,3,2026-05-22,2026-05-22,0,No prazo
1992,5006,4,2026-06-04,2026-06-04,0,No prazo
1993,5008,2,2026-01-06,2026-01-06,0,No prazo
1994,5016,2,2026-03-27,2026-03-27,0,No prazo
1995,5019,3,2026-06-29,2026-06-29,0,No prazo
1996,5020,3,2026-04-24,2026-04-24,0,No prazo
1997,5021,3,2026-03-12,2026-03-12,0,No prazo
1998,5023,3,2026-01-02,2026-01-02,0,No prazo
1999,5024,5,2026-04-08,2026-04-07,0,No prazo
2000,5027,2,2026-07-03,2026-07-03,0,No prazo
2001,5028,5,2026-02-26,2026-02-26,0,No prazo
2002,5032,1,2026-03-25,2026-03-25,0,No prazo
2003,5035,4,2026-04-09,2026-04-09,0,No prazo
2004,5036,3,2026-02-09,2026-02-09,0,No prazo
2005,5039,3,2026-07-28,2026-07-28,0,No prazo
2006,5043,3,2026-02-24,2026-02-24,0,No prazo
2007,5044,2,2026-04-21,2026-04-21,0,No prazo
2008,5046,3,2026-05-24,2026-05-25,1,Atrasada
2009,5047,5,2026-06-18,2026-06-21,3,Atrasada
2010,5048,4,2026-07-30,2026-07-30,0,No prazo
2011,5049,3,2026-03-15,2026-03-15,0,No prazo
2012,5050,5,2026-03-06,2026-03-06,0,No prazo
2013,5051,5,2026-05-03,2026-05-04,1,Atrasada
2014,5054,1,2026-01-08,2026-01-08,0,No prazo
2015,5060,1,2026-01-10,2026-01-10,0,No prazo
2016,5062,3,2026-05-18,2026-05-18,0,No prazo
2017,5069,4,2026-05-30,2026-05-30,0,No prazo
2018,5071,3,2026-03-14,2026-03-16,2,Atrasada
2019,5072,5,2026-04-01,2026-04-01,0,No prazo
2020,5077,3,2026-04-13,2026-04-14,1,Atrasada
2021,5082,2,2026-01-05,2026-01-05,0,No prazo
2022,5083,4,2026-05-26,2026-05-26,0,No prazo
2023,5084,3,2026-05-04,2026-05-03,0,No prazo
2024,5091,3,2026-02-07,2026-02-07,0,No prazo
2025,5092,2,2026-05-18,2026-05-21,3,Atrasada
2026,5095,5,2026-06-29,2026-06-30,1,Atrasada
2027,5097,1,2026-07-25,2026-07-25,0,No prazo
2028,5099,4,2026-02-03,2026-02-03,0,No prazo
2029,5100,1,2026-07-24,2026-07-24,0,No prazo
2030,5101,1,2026-03-26,2026-03-26,0,No prazo
2031,5103,1,2026-03-07,2026-03-07,0,No prazo
2032,5107,3,2026-06-11,2026-06-11,0,No prazo
2033,5108,3,2026-02-14,2026-02-14,0,No prazo
2034,5113,1,2026-07-13,2026-07-13,0,No prazo
2035,5115,3,2026-02-16,2026-02-17,1,Atrasada
2036,5116,4,2026-02-08,2026-02-08,0,No prazo
2037,5117,1,2026-02-17,2026-02-17,0,No prazo
2038,5118,1,2026-04-12,2026-04-12,0,No prazo
2039,5129,5,2026-07-03,2026-07-04,1,Atrasada
2040,5130,2,2026-03-09,2026-03-12,3,Atrasada
2041,5136,3,2026-04-01,2026-04-04,3,Atrasada
2042,5140,4,2026-07-30,2026-07-30,0,No prazo
2043,5141,4,2026-04-09,2026-04-09,0,No prazo
2044,5144,2,2026-05-30,2026-06-01,2,Atrasada
2045,5145,3,2026-04-27,2026-04-27,0,No prazo
2046,5147,4,2026-06-08,2026-06-08,0,No prazo
2047,5149,4,2026-04-19,2026-04-19,0,No prazo
2048,5150,3,2026-01-08,2026-01-08,0,No prazo
2049,5152,3,2026-02-03,2026-02-03,0,No prazo
2050,5156,1,2026-02-24,2026-02-25,1,Atrasada
2051,5158,4,2026-05-29,2026-05-29,0,No prazo
2052,5161,4,2026-03-11,2026-03-11,0,No prazo
2053,5164,2,2026-07-02,2026-07-04,2,Atrasada
2054,5166,3,2026-04-22,2026-04-22,0,No prazo
2055,5169,3,2026-01-20,2026-01-20,0,No prazo
2056,5170,5,2026-03-04,2026-03-04,0,No prazo
2057,5171,4,2026-02-02,2026-02-03,1,Atrasada
2058,5175,3,2026-03-25,2026-03-26,1,Atrasada
2059,5177,4,2026-05-04,2026-05-04,0,No prazo
2060,5181,3,2026-03-20,2026-03-25,5,Atrasada
2061,5183,5,2026-07-21,2026-07-21,0,No prazo
2062,5184,4,2026-08-03,2026-08-02,0,No prazo
2063,5187,2,2026-05-12,2026-05-12,0,No prazo
2064,5188,2,2026-07-28,2026-07-28,0,No prazo
2065,5192,4,2026-04-06,2026-04-06,0,No prazo
2066,5195,4,2026-03-21,2026-03-23,2,Atrasada
2067,5196,1,2026-03-18,2026-03-18,0,No prazo
2068,5199,1,2026-05-29,2026-05-31,2,Atrasada
2069,5200,3,2026-02-25,2026-02-25,0,No prazo
2070,5201,1,2026-08-08,2026-08-09,1,Atrasada
2071,5202,4,2026-01-20,2026-01-20,0,No prazo
2072,5204,3,2026-04-22,2026-04-22,0,No prazo
2073,5208,4,2026-05-22,2026-05-22,0,No prazo
2074,5211,2,2026-02-13,2026-02-13,0,No prazo
2075,5212,4,2026-04-08,2026-04-08,0,No prazo
2076,5215,3,2026-05-17,2026-05-17,0,No prazo
2077,5216,3,2026-02-17,2026-02-17,0,No prazo
2078,5217,4,2026-02-26,2026-03-01,3,Atrasada
2079,5218,4,2026-07-04,2026-07-04,0,No prazo
2080,5219,5,2026-03-26,2026-03-26,0,No prazo
2081,5220,2,2026-02-14,2026-02-14,0,No prazo
2082,5223,3,2026-07-03,2026-07-05,2,Atrasada
2083,5225,5,2026-08-08,2026-08-08,0,No prazo
2084,5226,1,2026-05-09,2026-05-09,0,No prazo
2085,5227,3,2026-03-08,2026-03-08,0,No prazo
2086,5228,3,2026-07-11,2026-07-11,0,No prazo
2087,5231,3,2026-07-05,2026-07-05,0,No prazo
2088,5235,4,2026-07-23,2026-07-25,2,Atrasada
2089,5236,2,2026-06-28,2026-06-28,0,No prazo
2090,5237,5,2026-01-05,2026-01-05,0,No prazo
2091,5245,5,2026-02-22,2026-02-22,0,No prazo
2092,5246,2,2026-07-01,2026-07-01,0,No prazo
2093,5251,4,2026-07-22,2026-07-24,2,Atrasada
2094,5253,2,2026-02-16,2026-02-16,0,No prazo
2095,5254,3,2026-03-31,2026-03-31,0,No prazo
2096,5255,3,2026-04-04,2026-04-04,0,No prazo
2097,5260,2,2026-02-21,2026-02-20,0,No prazo
2098,5261,4,2026-03-13,2026-03-12,0,No prazo
2099,5263,3,2026-06-02,2026-06-01,0,No prazo
2100,5269,4,2026-02-12,2026-02-12,0,No prazo
2101,5273,1,2026-03-29,2026-03-30,1,Atrasada
2102,5275,5,2026-05-17,2026-05-17,0,No prazo
2103,5278,1,2026-05-10,2026-05-11,1,Atrasada
2104,5283,3,2026-05-07,2026-05-07,0,No prazo
2105,5285,2,2026-03-07,2026-03-07,0,No prazo
2106,5287,4,2026-04-22,2026-04-22,0,No prazo
2107,5289,3,2026-03-11,2026-03-11,0,No prazo
2108,5291,1,2026-02-22,2026-02-22,0,No prazo
2109,5294,4,2026-04-15,2026-04-18,3,Atrasada
2110,5298,5,2026-06-17,2026-06-17,0,No prazo
2111,5301,5,2026-05-26,2026-05-26,0,No prazo
2112,5304,5,2026-07-08,2026-07-08,0,No prazo
2113,5305,5,2026-03-04,2026-03-04,0,No prazo
2114,5306,3,2026-02-04,2026-02-04,0,No prazo
2115,5307,5,2026-01-22,2026-01-22,0,No prazo
2116,5313,1,2026-03-22,2026-03-22,0,No prazo
2117,5315,3,2026-06-15,2026-06-15,0,No prazo
2118,5318,3,2026-02-27,2026-02-27,0,No prazo
2119,5322,5,2026-07-31,2026-07-31,0,No prazo
2120,5325,3,2026-01-17,2026-01-17,0,No prazo
2121,5326,3,2026-07-15,2026-07-18,3,Atrasada
2122,5327,4,2026-02-22,2026-02-22,0,No prazo
2123,5332,4,2026-02-07,2026-02-07,0,No prazo
2124,5333,2,2026-06-28,2026-06-28,0,No prazo
2125,5334,4,2026-07-01,2026-07-01,0,No prazo
2126,5338,2,2026-03-30,2026-03-31,1,Atrasada
2127,5340,1,2026-07-14,2026-07-14,0,No prazo
2128,5344,4,2026-04-29,2026-04-29,0,No prazo
2129,5346,3,2026-03-29,2026-03-29,0,No prazo
2130,5349,3,2026-05-05,2026-05-05,0,No prazo
2131,5351,4,2026-01-06,2026-01-07,1,Atrasada
2132,5352,3,2026-04-17,2026-04-17,0,No prazo
2133,5353,4,2026-04-23,2026-04-22,0,No prazo
2134,5355,4,2026-03-12,2026-03-12,0,No prazo
2135,5358,4,2026-02-10,2026-02-10,0,No prazo
2136,5360,5,2026-05-25,2026-05-24,0,No prazo
2137,5361,4,2026-06-29,2026-06-29,0,No prazo
2138,5363,2,2026-01-18,2026-01-18,0,No prazo
2139,5364,1,2026-02-27,2026-02-27,0,No prazo
2140,5365,3,2026-03-11,2026-03-11,0,No prazo
2141,5366,4,2026-02-25,2026-02-24,0,No prazo
2142,5372,4,2026-02-22,2026-02-22,0,No prazo
2143,5377,1,2026-03-31,2026-03-31,0,No prazo
2144,5378,5,2026-01-04,2026-01-04,0,No prazo
2145,5380,3,2026-05-06,2026-05-06,0,No prazo
2146,5381,4,2026-04-25,2026-04-25,0,No prazo
2147,5382,1,2026-04-24,2026-04-25,1,Atrasada
2148,5383,4,2026-07-24,2026-07-24,0,No prazo
2149,5385,4,2026-02-28,2026-02-28,0,No prazo
2150,5386,4,2026-03-21,2026-03-21,0,No prazo
2151,5389,4,2026-04-08,2026-04-08,0,No prazo
2152,5392,1,2026-06-14,2026-06-14,0,No prazo
2153,5395,1,2026-03-12,2026-03-12,0,No prazo
2154,5406,2,2026-05-05,2026-05-05,0,No prazo
2155,5408,1,2026-03-16,2026-03-16,0,No prazo
2156,5413,3,2026-06-28,2026-06-28,0,No prazo
2157,5415,3,2026-01-15,2026-01-15,0,No prazo
2158,5417,1,2026-03-01,2026-03-01,0,No prazo
2159,5419,3,2026-01-23,2026-01-28,5,Atrasada
2160,5422,4,2026-01-22,2026-01-23,1,Atrasada
2161,5427,3,2026-02-19,2026-02-18,0,No prazo
2162,5428,3,2026-06-20,2026-06-20,0,No prazo
2163,5437,2,2026-06-22,2026-06-24,2,Atrasada
2164,5438,3,2026-04-22,2026-04-22,0,No prazo
2165,5439,1,2026-08-09,2026-08-09,0,No prazo
2166,5447,1,2026-01-26,2026-01-26,0,No prazo
2167,5450,4,2026-07-17,2026-07-20,3,Atrasada
2168,5454,2,2026-07-14,2026-07-14,0,No prazo
2169,5457,4,2026-04-28,2026-04-28,0,No prazo
2170,5459,3,2026-05-08,2026-05-08,0,No prazo
2171,5460,2,2026-04-28,2026-04-28,0,No prazo
2172,5461,2,2026-04-08,2026-04-08,0,No prazo
2173,5465,2,2026-05-16,2026-05-16,0,No prazo
2174,5467,3,2026-05-11,2026-05-11,0,No prazo
2175,5469,4,2026-01-08,2026-01-09,1,Atrasada
2176,5473,2,2026-04-23,2026-04-23,0,No prazo
2177,5474,4,2026-04-09,2026-04-08,0,No prazo
2178,5475,4,2026-01-23,2026-01-23,0,No prazo
2179,5478,3,2026-07-07,2026-07-07,0,No prazo
2180,5479,1,2026-07-01,2026-07-01,0,No prazo
2181,5484,5,2026-06-26,2026-06-26,0,No prazo
2182,5486,4,2026-07-17,2026-07-20,3,Atrasada
2183,5490,1,2026-06-18,2026-06-19,1,Atrasada
2184,5497,5,2026-01-26,2026-01-28,2,Atrasada
2185,5501,1,2026-04-16,2026-04-16,0,No prazo
2186,5502,3,2026-01-29,2026-01-29,0,No prazo
2187,5503,4,2026-06-25,2026-06-25,0,No prazo
2188,5504,5,2026-01-26,2026-01-31,5,Atrasada
2189,5505,1,2026-01-23,2026-01-23,0,No prazo
2190,5506,3,2026-05-24,2026-05-24,0,No prazo
2191,5508,3,2026-03-20,2026-03-20,0,No prazo
2192,5509,5,2026-03-12,2026-03-12,0,No prazo
2193,5512,2,2026-06-05,2026-06-04,0,No prazo
2194,5513,3,2026-02-23,2026-02-25,2,Atrasada
2195,5514,1,2026-06-03,2026-06-03,0,No prazo
2196,5515,1,2026-06-09,2026-06-09,0,No prazo
2197,5517,4,2026-05-09,2026-05-09,0,No prazo
2198,5519,1,2026-04-11,2026-04-10,0,No prazo
2199,5524,5,2026-01-18,2026-01-18,0,No prazo
2200,5526,1,2026-06-15,2026-06-15,0,No prazo
2201,5528,2,2026-08-09,2026-08-09,0,No prazo
2202,5529,4,2026-06-28,2026-06-27,0,No prazo
2203,5533,3,2026-04-30,2026-04-29,0,No prazo
2204,5534,3,2026-05-19,2026-05-19,0,No prazo
2205,5536,1,2026-03-22,2026-03-24,2,Atrasada
2206,5538,1,2026-06-02,2026-06-02,0,No prazo
2207,5546,2,2026-01-16,2026-01-16,0,No prazo
2208,5548,3,2026-05-13,2026-05-16,3,Atrasada
2209,5549,4,2026-05-17,2026-05-17,0,No prazo
2210,5550,1,2026-01-30,2026-01-31,1,Atrasada
2211,5551,3,2026-03-04,2026-03-04,0,No prazo
2212,5552,5,2026-02-25,2026-02-25,0,No prazo
2213,5554,5,2026-03-16,2026-03-16,0,No prazo
2214,5555,4,2026-05-08,2026-05-09,1,Atrasada
2215,5558,1,2026-02-11,2026-02-13,2,Atrasada
2216,5562,4,2026-01-11,2026-01-12,1,Atrasada
2217,5565,5,2026-02-16,2026-02-18,2,Atrasada
2218,5567,3,2026-04-06,2026-04-06,0,No prazo
2219,5568,4,2026-01-11,2026-01-11,0,No prazo
2220,5569,5,2026-04-09,2026-04-09,0,No prazo
2221,5571,2,2026-04-17,2026-04-17,0,No prazo
2222,5573,4,2026-04-28,2026-04-28,0,No prazo
2223,5576,2,2026-05-14,2026-05-14,0,No prazo
2224,5577,4,2026-03-01,2026-03-04,3,Atrasada
2225,5585,1,2026-05-17,2026-05-17,0,No prazo
2226,5588,2,2026-08-01,2026-08-01,0,No prazo
2227,5590,1,2026-08-06,2026-08-06,0,No prazo
2228,5594,3,2026-04-14,2026-04-13,0,No prazo
2229,5598,5,2026-06-29,2026-06-29,0,No prazo
2230,5599,2,2026-04-28,2026-04-28,0,No prazo
2231,5602,5,2026-02-19,2026-02-19,0,No prazo
2232,5606,2,2026-04-13,2026-04-13,0,No prazo
2233,5611,4,2026-03-20,2026-03-20,0,No prazo
2234,5618,3,2026-03-26,2026-03-27,1,Atrasada
2235,5622,4,2026-06-26,2026-07-01,5,Atrasada
2236,5626,3,2026-04-09,2026-04-11,2,Atrasada
2237,5628,1,2026-02-25,2026-02-25,0,No prazo
2238,5631,5,2026-03-26,2026-03-28,2,Atrasada
2239,5632,3,2026-05-13,2026-05-13,0,No prazo
2240,5636,5,2026-01-18,2026-01-21,3,Atrasada
2241,5639,1,2026-06-11,2026-06-14,3,Atrasada
2242,5643,5,2026-03-03,2026-03-03,0,No prazo
2243,5648,4,2026-03-14,2026-03-14,0,No prazo
2244,5653,2,2026-04-13,2026-04-13,0,No prazo
2245,5654,5,2026-05-28,2026-05-29,1,Atrasada
2246,5655,2,2026-08-02,2026-08-02,0,No prazo
2247,5658,4,2026-06-17,2026-06-17,0,No prazo
2248,5659,4,2026-01-05,2026-01-07,2,Atrasada
2249,5663,4,2026-06-03,2026-06-03,0,No prazo
2250,5664,4,2026-04-29,2026-04-30,1,Atrasada
2251,5666,1,2026-03-12,2026-03-13,1,Atrasada
2252,5668,3,2026-01-26,2026-01-26,0,No prazo
2253,5672,2,2026-01-31,2026-01-31,0,No prazo
2254,5674,3,2026-04-03,2026-04-03,0,No prazo
2255,5677,5,2026-03-10,2026-03-10,0,No prazo
2256,5679,1,2026-02-21,2026-02-24,3,Atrasada
2257,5684,1,2026-04-13,2026-04-13,0,No prazo
2258,5686,3,2026-01-08,2026-01-08,0,No prazo
2259,5688,4,2026-02-27,2026-02-27,0,No prazo
2260,5690,2,2026-01-29,2026-01-29,0,No prazo
2261,5702,1,2026-02-06,2026-02-06,0,No prazo
2262,5703,4,2026-02-13,2026-02-18,5,Atrasada
2263,5706,1,2026-05-04,2026-05-04,0,No prazo
2264,5707,4,2026-03-11,2026-03-11,0,No prazo
2265,5709,4,2026-04-17,2026-04-20,3,Atrasada
2266,5710,1,2026-05-03,2026-05-03,0,No prazo
2267,5712,1,2026-02-19,2026-02-19,0,No prazo
2268,5715,4,2026-04-21,2026-04-21,0,No prazo
2269,5717,5,2026-03-30,2026-03-30,0,No prazo
2270,5720,4,2026-01-30,2026-01-30,0,No prazo
2271,5722,4,2026-02-05,2026-02-05,0,No prazo
2272,5724,3,2026-08-07,2026-08-09,2,Atrasada
2273,5728,4,2026-05-16,2026-05-16,0,No prazo
2274,5729,3,2026-05-01,2026-05-01,0,No prazo
2275,5733,3,2026-03-31,2026-03-31,0,No prazo
2276,5736,3,2026-02-17,2026-02-16,0,No prazo
2277,5737,3,2026-07-13,2026-07-13,0,No prazo
2278,5743,3,2026-04-08,2026-04-08,0,No prazo
2279,5744,3,2026-07-27,2026-07-26,0,No prazo
2280,5747,2,2026-04-07,2026-04-07,0,No prazo
2281,5749,3,2026-04-18,2026-04-19,1,Atrasada
2282,5750,3,2026-03-27,2026-03-27,0,No prazo
2283,5752,3,2026-05-25,2026-05-25,0,No prazo
2284,5755,5,2026-05-13,2026-05-13,0,No prazo
2285,5761,4,2026-05-17,2026-05-17,0,No prazo
2286,5763,3,2026-07-14,2026-07-13,0,No prazo
2287,5764,3,2026-02-05,2026-02-05,0,No prazo
2288,5765,3,2026-04-27,2026-04-27,0,No prazo
2289,5771,5,2026-03-16,2026-03-16,0,No prazo
2290,5772,3,2026-02-07,2026-02-07,0,No prazo
2291,5781,3,2026-06-24,2026-06-24,0,No prazo
2292,5785,3,2026-07-14,2026-07-14,0,No prazo
2293,5788,3,2026-06-01,2026-06-01,0,No prazo
2294,5793,4,2026-03-01,2026-03-02,1,Atrasada
2295,5801,4,2026-04-26,2026-04-26,0,No prazo
2296,5803,4,2026-05-10,2026-05-10,0,No prazo
2297,5805,3,2026-07-22,2026-07-22,0,No prazo
2298,5810,5,2026-05-30,2026-05-30,0,No prazo
2299,5812,4,2026-04-16,2026-04-16,0,No prazo
2300,5815,5,2026-06-09,2026-06-10,1,Atrasada
2301,5816,3,2026-01-20,2026-01-25,5,Atrasada
2302,5817,4,2026-07-23,2026-07-24,1,Atrasada
2303,5818,4,2026-02-26,2026-02-25,0,No prazo
2304,5827,5,2026-08-08,2026-08-08,0,No prazo
2305,5834,3,2026-03-16,2026-03-16,0,No prazo
2306,5835,1,2026-05-02,2026-05-02,0,No prazo
2307,5836,1,2026-06-27,2026-06-29,2,Atrasada
2308,5837,3,2026-01-07,2026-01-10,3,Atrasada
2309,5842,5,2026-02-04,2026-02-05,1,Atrasada
2310,5844,4,2026-06-21,2026-06-21,0,No prazo
2311,5847,1,2026-04-15,2026-04-18,3,Atrasada
2312,5848,4,2026-07-21,2026-07-21,0,No prazo
2313,5849,1,2026-06-27,2026-06-27,0,No prazo
2314,5850,1,2026-04-25,2026-04-24,0,No prazo
2315,5853,4,2026-06-04,2026-06-04,0,No prazo
2316,5854,1,2026-02-07,2026-02-08,1,Atrasada
2317,5857,1,2026-03-15,2026-03-15,0,No prazo
2318,5858,4,2026-02-25,2026-02-24,0,No prazo
2319,5860,5,2026-07-24,2026-07-24,0,No prazo
2320,5862,1,2026-06-26,2026-06-28,2,Atrasada
2321,5863,4,2026-05-26,2026-05-26,0,No prazo
2322,5864,1,2026-08-04,2026-08-04,0,No prazo
2323,5865,2,2026-07-23,2026-07-23,0,No prazo
2324,5866,5,2026-01-26,2026-01-26,0,No prazo
2325,5867,1,2026-06-15,2026-06-15,0,No prazo
2326,5872,4,2026-05-03,2026-05-08,5,Atrasada
2327,5876,3,2026-03-07,2026-03-07,0,No prazo
2328,5884,5,2026-05-25,2026-05-24,0,No prazo
2329,5886,3,2026-01-31,2026-02-01,1,Atrasada
2330,5888,4,2026-07-25,2026-07-24,0,No prazo
2331,5889,5,2026-07-26,2026-07-25,0,No prazo
2332,5894,1,2026-05-26,2026-05-26,0,No prazo
2333,5901,3,2026-02-11,2026-02-11,0,No prazo
2334,5906,3,2026-01-25,2026-01-27,2,Atrasada
2335,5909,4,2026-02-15,2026-02-15,0,No prazo
2336,5911,2,2026-06-15,2026-06-14,0,No prazo
2337,5916,3,2026-05-03,2026-05-03,0,No prazo
2338,5917,3,2026-07-25,2026-07-25,0,No prazo
2339,5918,3,2026-02-08,2026-02-08,0,No prazo
2340,5919,4,2026-02-17,2026-02-22,5,Atrasada
2341,5922,5,2026-06-26,2026-06-27,1,Atrasada
2342,5924,3,2026-07-02,2026-07-02,0,No prazo
2343,5926,2,2026-03-13,2026-03-13,0,No prazo
2344,5928,4,2026-05-03,2026-05-05,2,Atrasada
2345,5929,4,2026-07-11,2026-07-11,0,No prazo
2346,5930,1,2026-05-07,2026-05-07,0,No prazo
2347,5934,2,2026-05-27,2026-05-29,2,Atrasada
2348,5935,5,2026-01-31,2026-01-30,0,No prazo
2349,5938,3,2026-08-07,2026-08-08,1,Atrasada
2350,5941,1,2026-05-19,2026-05-19,0,No prazo
2351,5943,3,2026-05-24,2026-05-24,0,No prazo
2352,5944,2,2026-05-12,2026-05-12,0,No prazo
2353,5946,3,2026-02-25,2026-02-25,0,No prazo
2354,5949,3,2026-01-18,2026-01-18,0,No prazo
2355,5953,2,2026-05-28,2026-05-31,3,Atrasada
2356,5954,5,2026-05-12,2026-05-12,0,No prazo
2357,5955,3,2026-05-01,2026-05-01,0,No prazo
2358,5961,3,2026-02-28,2026-02-28,0,No prazo
2359,5964,3,2026-07-17,2026-07-18,1,Atrasada
2360,5965,5,2026-04-20,2026-04-20,0,No prazo
2361,5967,4,2026-04-10,2026-04-10,0,No prazo
2362,5971,1,2026-07-13,2026-07-13,0,No prazo
2363,5972,1,2026-06-07,2026-06-07,0,No prazo
2364,5976,4,2026-01-23,2026-01-25,2,Atrasada
2365,5980,4,2026-02-22,2026-02-22,0,No prazo
2366,5981,3,2026-03-31,2026-04-01,1,Atrasada
2367,5983,3,2026-03-20,2026-03-23,3,Atrasada
2368,5991,4,2026-04-03,2026-04-03,0,No prazo
2369,5993,1,2026-03-28,2026-03-28,0,No prazo
2370,5996,1,2026-07-10,2026-07-13,3,Atrasada
2371,5997,3,2026-01-05,2026-01-05,0,No prazo
2372,5999,5,2026-05-23,2026-05-24,1,Atrasada
2373,6000,3,2026-03-27,2026-03-27,0,No prazo
2374,6003,3,2026-03-27,2026-03-29,2,Atrasada
2375,6004,4,2026-01-17,2026-01-17,0,No prazo
2376,6007,3,2026-03-29,2026-03-30,1,Atrasada
2377,6012,3,2026-06-07,2026-06-07,0,No prazo
2378,6014,1,2026-05-19,2026-05-19,0,No prazo
2379,6015,4,2026-07-21,2026-07-21,0,No prazo
2380,6016,3,2026-01-03,2026-01-03,0,No prazo
2381,6018,1,2026-02-12,2026-02-11,0,No prazo
2382,6021,3,2026-07-18,2026-07-21,3,Atrasada
2383,6024,4,2026-07-25,2026-07-25,0,No prazo
2384,6025,1,2026-05-31,2026-05-31,0,No prazo
2385,6028,4,2026-04-10,2026-04-10,0,No prazo
2386,6030,2,2026-06-17,2026-06-17,0,No prazo
2387,6036,1,2026-05-25,2026-05-25,0,No prazo
2388,6037,5,2026-05-31,2026-05-31,0,No prazo
2389,6040,2,2026-02-25,2026-02-28,3,Atrasada
2390,6046,2,2026-05-24,2026-05-27,3,Atrasada
2391,6050,4,2026-05-18,2026-05-18,0,No prazo
2392,6052,4,2026-04-23,2026-04-23,0,No prazo
2393,6053,3,2026-04-14,2026-04-14,0,No prazo
2394,6054,4,2026-05-18,2026-05-19,1,Atrasada
2395,6057,4,2026-07-08,2026-07-08,0,No prazo
2396,6062,2,2026-05-15,2026-05-15,0,No prazo
2397,6063,3,2026-06-28,2026-06-28,0,No prazo
2398,6064,2,2026-04-11,2026-04-11,0,No prazo
2399,6065,4,2026-02-03,2026-02-03,0,No prazo
2400,6068,4,2026-07-15,2026-07-15,0,No prazo
2401,6069,1,2026-03-14,2026-03-14,0,No prazo
2402,6070,5,2026-03-26,2026-03-26,0,No prazo
2403,6071,1,2026-01-18,2026-01-18,0,No prazo
2404,6073,1,2026-07-22,2026-07-27,5,Atrasada
2405,6075,1,2026-05-26,2026-05-26,0,No prazo
2406,6076,1,2026-02-13,2026-02-13,0,No prazo
2407,6077,2,2026-02-02,2026-02-02,0,No prazo
2408,6078,4,2026-06-11,2026-06-11,0,No prazo
2409,6085,4,2026-01-19,2026-01-18,0,No prazo
2410,6088,1,2026-06-11,2026-06-11,0,No prazo
2411,6092,4,2026-07-21,2026-07-21,0,No prazo
2412,6096,5,2026-05-17,2026-05-17,0,No prazo
2413,6098,4,2026-05-15,2026-05-16,1,Atrasada
2414,6099,5,2026-06-23,2026-06-23,0,No prazo
2415,6101,4,2026-02-23,2026-02-23,0,No prazo
2416,6106,4,2026-05-29,2026-05-29,0,No prazo
2417,6107,4,2026-03-11,2026-03-11,0,No prazo
2418,6109,3,2026-07-02,2026-07-02,0,No prazo
2419,6115,5,2026-04-16,2026-04-16,0,No prazo
2420,6116,3,2026-04-13,2026-04-13,0,No prazo
2421,6120,4,2026-07-24,2026-07-24,0,No prazo
2422,6121,4,2026-03-30,2026-03-30,0,No prazo
2423,6124,5,2026-07-23,2026-07-23,0,No prazo
2424,6127,5,2026-03-30,2026-03-30,0,No prazo
2425,6129,3,2026-01-30,2026-01-30,0,No prazo
2426,6133,3,2026-03-03,2026-03-03,0,No prazo
2427,6134,1,2026-01-20,2026-01-22,2,Atrasada
2428,6135,2,2026-03-13,2026-03-13,0,No prazo
2429,6137,3,2026-05-18,2026-05-19,1,Atrasada
2430,6138,1,2026-03-01,2026-03-03,2,Atrasada
2431,6139,1,2026-02-05,2026-02-05,0,No prazo
2432,6142,2,2026-07-30,2026-07-30,0,No prazo
2433,6144,4,2026-02-15,2026-02-15,0,No prazo
2434,6146,2,2026-08-01,2026-08-02,1,Atrasada
2435,6149,1,2026-03-08,2026-03-08,0,No prazo
2436,6150,5,2026-05-23,2026-05-23,0,No prazo
2437,6152,5,2026-05-31,2026-05-31,0,No prazo
2438,6154,3,2026-03-16,2026-03-17,1,Atrasada
2439,6162,1,2026-03-10,2026-03-10,0,No prazo
2440,6163,4,2026-06-02,2026-06-02,0,No prazo
2441,6165,1,2026-03-25,2026-03-25,0,No prazo
2442,6166,4,2026-06-09,2026-06-09,0,No prazo
2443,6174,1,2026-02-07,2026-02-08,1,Atrasada
2444,6176,1,2026-05-30,2026-06-02,3,Atrasada
2445,6179,5,2026-08-11,2026-08-11,0,No prazo
2446,6180,4,2026-03-05,2026-03-05,0,No prazo
2447,6182,3,2026-02-08,2026-02-08,0,No prazo
2448,6187,1,2026-06-24,2026-06-24,0,No prazo
2449,6188,4,2026-04-13,2026-04-13,0,No prazo
2450,6189,3,2026-01-16,2026-01-16,0,No prazo
2451,6194,5,2026-05-02,2026-05-02,0,No prazo
2452,6196,1,2026-02-01,2026-02-01,0,No prazo
2453,6199,1,2026-06-14,2026-06-14,0,No prazo
2454,6203,5,2026-02-22,2026-02-22,0,No prazo
2455,6207,4,2026-06-04,2026-06-04,0,No prazo
2456,6210,1,2026-06-09,2026-06-14,5,Atrasada
2457,6211,4,2026-04-23,2026-04-23,0,No prazo
2458,6215,1,2026-05-06,2026-05-06,0,No prazo
2459,6216,3,2026-01-16,2026-01-16,0,No prazo
2460,6217,3,2026-01-18,2026-01-18,0,No prazo
2461,6219,4,2026-01-11,2026-01-11,0,No prazo
2462,6221,5,2026-01-06,2026-01-06,0,No prazo
2463,6224,3,2026-02-11,2026-02-11,0,No prazo
2464,6225,4,2026-04-14,2026-04-14,0,No prazo
2465,6226,3,2026-08-09,2026-08-08,0,No prazo
2466,6229,2,2026-03-04,2026-03-04,0,No prazo
2467,6231,3,2026-04-02,2026-04-02,0,No prazo
2468,6232,4,2026-05-22,2026-05-22,0,No prazo
2469,6233,3,2026-01-09,2026-01-10,1,Atrasada
2470,6235,2,2026-01-18,2026-01-18,0,No prazo
2471,6236,4,2026-06-07,2026-06-07,0,No prazo
2472,6238,3,2026-07-09,2026-07-09,0,No prazo
2473,6240,1,2026-02-12,2026-02-12,0,No prazo
2474,6242,4,2026-01-03,2026-01-05,2,Atrasada
2475,6243,2,2026-02-07,2026-02-07,0,No prazo
2476,6244,3,2026-05-14,2026-05-14,0,No prazo
2477,6245,1,2026-03-11,2026-03-12,1,Atrasada
2478,6246,1,2026-03-21,2026-03-21,0,No prazo
2479,6247,4,2026-06-30,2026-06-30,0,No prazo
2480,6249,3,2026-03-31,2026-03-31,0,No prazo
2481,6253,5,2026-01-13,2026-01-13,0,No prazo
2482,6254,4,2026-01-18,2026-01-19,1,Atrasada
2483,6258,1,2026-07-23,2026-07-23,0,No prazo
2484,6259,4,2026-04-16,2026-04-16,0,No prazo
2485,6260,3,2026-03-13,2026-03-13,0,No prazo
2486,6268,1,2026-06-10,2026-06-10,0,No prazo
2487,6271,2,2026-01-18,2026-01-18,0,No prazo
2488,6272,3,2026-06-02,2026-06-02,0,No prazo
2489,6276,4,2026-02-14,2026-02-14,0,No prazo
2490,6280,2,2026-05-16,2026-05-16,0,No prazo
2491,6281,4,2026-03-10,2026-03-12,2,Atrasada
2492,6282,4,2026-08-09,2026-08-10,1,Atrasada
2493,6286,5,2026-06-07,2026-06-07,0,No prazo
2494,6287,3,2026-05-07,2026-05-07,0,No prazo
2495,6290,3,2026-06-02,2026-06-04,2,Atrasada
2496,6291,5,2026-03-19,2026-03-21,2,Atrasada
2497,6293,1,2026-01-31,2026-01-30,0,No prazo
2498,6294,4,2026-07-12,2026-07-13,1,Atrasada
2499,6299,2,2026-01-12,2026-01-12,0,No prazo
2500,6302,4,2026-07-28,2026-07-31,3,Atrasada
2501,6307,3,2026-07-02,2026-07-03,1,Atrasada
2502,6308,4,2026-02-09,2026-02-09,0,No prazo
2503,6309,5,2026-01-07,2026-01-07,0,No prazo
2504,6310,5,2026-01-15,2026-01-20,5,Atrasada
2505,6312,1,2026-01-19,2026-01-19,0,No prazo
2506,6316,1,2026-07-13,2026-07-13,0,No prazo
2507,6317,4,2026-02-02,2026-02-02,0,No prazo
2508,6321,5,2026-03-08,2026-03-08,0,No prazo
2509,6324,4,2026-01-08,2026-01-09,1,Atrasada
2510,6326,2,2026-05-03,2026-05-04,1,Atrasada
2511,6329,4,2026-02-20,2026-02-20,0,No prazo
2512,6330,4,2026-05-25,2026-05-26,1,Atrasada
2513,6333,4,2026-02-27,2026-02-27,0,No prazo
2514,6336,1,2026-01-23,2026-01-23,0,No prazo
2515,6341,3,2026-04-30,2026-04-30,0,No prazo
2516,6346,4,2026-07-24,2026-07-24,0,No prazo
2517,6347,4,2026-06-16,2026-06-16,0,No prazo
2518,6349,3,2026-04-27,2026-04-28,1,Atrasada
2519,6351,4,2026-07-08,2026-07-08,0,No prazo
2520,6353,3,2026-01-20,2026-01-20,0,No prazo
2521,6355,4,2026-02-22,2026-02-22,0,No prazo
2522,6356,4,2026-01-16,2026-01-19,3,Atrasada
2523,6357,3,2026-02-19,2026-02-19,0,No prazo
2524,6358,4,2026-01-27,2026-01-27,0,No prazo
2525,6361,4,2026-05-21,2026-05-21,0,No prazo
2526,6363,4,2026-02-11,2026-02-11,0,No prazo
2527,6367,5,2026-08-04,2026-08-05,1,Atrasada
2528,6370,2,2026-02-04,2026-02-07,3,Atrasada
2529,6374,3,2026-03-21,2026-03-22,1,Atrasada
2530,6378,4,2026-03-06,2026-03-06,0,No prazo
2531,6380,1,2026-03-15,2026-03-15,0,No prazo
2532,6382,5,2026-03-03,2026-03-03,0,No prazo
2533,6385,5,2026-01-09,2026-01-09,0,No prazo
2534,6386,3,2026-06-18,2026-06-19,1,Atrasada
2535,6389,2,2026-02-12,2026-02-11,0,No prazo
2536,6390,1,2026-02-03,2026-02-03,0,No prazo
2537,6391,1,2026-06-26,2026-07-01,5,Atrasada
2538,6393,1,2026-08-06,2026-08-06,0,No prazo
2539,6395,3,2026-04-15,2026-04-15,0,No prazo
2540,6400,3,2026-04-18,2026-04-18,0,No prazo
2541,6401,4,2026-02-07,2026-02-07,0,No prazo
2542,6403,2,2026-02-25,2026-02-25,0,No prazo
2543,6405,1,2026-02-02,2026-02-03,1,Atrasada
2544,6406,4,2026-04-28,2026-04-28,0,No prazo
2545,6408,4,2026-01-23,2026-01-23,0,No prazo
2546,6410,5,2026-02-07,2026-02-09,2,Atrasada
2547,6416,1,2026-03-06,2026-03-06,0,No prazo
2548,6418,3,2026-03-22,2026-03-22,0,No prazo
2549,6419,3,2026-06-08,2026-06-10,2,Atrasada
2550,6420,2,2026-03-15,2026-03-16,1,Atrasada
2551,6422,3,2026-07-20,2026-07-20,0,No prazo
2552,6423,1,2026-07-30,2026-07-31,1,Atrasada
2553,6424,1,2026-05-05,2026-05-07,2,Atrasada
2554,6425,4,2026-06-07,2026-06-07,0,No prazo
2555,6426,1,2026-07-24,2026-07-24,0,No prazo
2556,6428,4,2026-03-10,2026-03-10,0,No prazo
2557,6429,1,2026-01-31,2026-01-31,0,No prazo
2558,6434,3,2026-03-19,2026-03-20,1,Atrasada
2559,6435,3,2026-03-04,2026-03-04,0,No prazo
2560,6439,5,2026-03-11,2026-03-11,0,No prazo
2561,6441,3,2026-01-29,2026-02-03,5,Atrasada
2562,6443,1,2026-04-25,2026-04-25,0,No prazo
2563,6444,2,2026-05-05,2026-05-08,3,Atrasada
2564,6445,1,2026-04-04,2026-04-04,0,No prazo
2565,6449,5,2026-05-30,2026-05-30,0,No prazo
2566,6452,4,2026-06-28,2026-06-29,1,Atrasada
2567,6454,4,2026-01-24,2026-01-24,0,No prazo
2568,6456,4,2026-03-12,2026-03-12,0,No prazo
2569,6461,3,2026-01-03,2026-01-04,1,Atrasada
2570,6463,4,2026-02-05,2026-02-05,0,No prazo
2571,6464,1,2026-06-05,2026-06-05,0,No prazo
2572,6467,4,2026-01-07,2026-01-07,0,No prazo
2573,6468,3,2026-04-18,2026-04-18,0,No prazo
2574,6474,5,2026-02-14,2026-02-16,2,Atrasada
2575,6479,3,2026-03-15,2026-03-15,0,No prazo
2576,6481,4,2026-07-28,2026-07-27,0,No prazo
2577,6482,3,2026-08-01,2026-08-01,0,No prazo
2578,6483,3,2026-03-12,2026-03-17,5,Atrasada
2579,6484,4,2026-05-14,2026-05-14,0,No prazo
2580,6485,2,2026-02-09,2026-02-09,0,No prazo
2581,6491,4,2026-05-04,2026-05-04,0,No prazo
2582,6492,1,2026-07-03,2026-07-03,0,No prazo
2583,6493,4,2026-02-11,2026-02-11,0,No prazo
2584,6495,4,2026-04-05,2026-04-05,0,No prazo
2585,6497,4,2026-02-02,2026-02-01,0,No prazo
2586,6498,1,2026-03-14,2026-03-14,0,No prazo
2587,6499,5,2026-08-01,2026-08-01,0,No prazo
2588,6501,3,2026-05-22,2026-05-22,0,No prazo
2589,6502,5,2026-05-28,2026-05-28,0,No prazo
2590,6504,4,2026-01-11,2026-01-13,2,Atrasada
2591,6505,3,2026-01-10,2026-01-11,1,Atrasada
2592,6507,4,2026-01-24,2026-01-29,5,Atrasada
2593,6509,3,2026-02-06,2026-02-05,0,No prazo
2594,6511,1,2026-07-07,2026-07-07,0,No prazo
2595,6516,4,2026-04-04,2026-04-04,0,No prazo
2596,6518,5,2026-01-21,2026-01-20,0,No prazo
2597,6519,1,2026-01-31,2026-01-31,0,No prazo
2598,6523,4,2026-05-18,2026-05-18,0,No prazo
2599,6527,1,2026-05-04,2026-05-06,2,Atrasada
2600,6528,3,2026-04-21,2026-04-21,0,No prazo
2601,6529,2,2026-02-25,2026-02-25,0,No prazo
2602,6530,3,2026-04-19,2026-04-19,0,No prazo
2603,6533,1,2026-03-26,2026-03-26,0,No prazo
2604,6535,2,2026-08-01,2026-08-02,1,Atrasada
2605,6536,4,2026-04-21,2026-04-21,0,No prazo
2606,6537,2,2026-07-12,2026-07-13,1,Atrasada
2607,6538,4,2026-04-18,2026-04-18,0,No prazo
2608,6539,3,2026-02-01,2026-02-01,0,No prazo
2609,6544,4,2026-03-15,2026-03-17,2,Atrasada
2610,6545,4,2026-04-12,2026-04-15,3,Atrasada
2611,6546,1,2026-02-27,2026-02-27,0,No prazo
2612,6548,3,2026-08-09,2026-08-09,0,No prazo
2613,6550,5,2026-06-10,2026-06-13,3,Atrasada
2614,6551,1,2026-03-18,2026-03-18,0,No prazo
2615,6552,4,2026-01-13,2026-01-15,2,Atrasada
2616,6553,1,2026-07-24,2026-07-24,0,No prazo
2617,6558,4,2026-05-15,2026-05-15,0,No prazo
2618,6562,1,2026-07-27,2026-07-27,0,No prazo
2619,6563,5,2026-06-29,2026-06-29,0,No prazo
2620,6567,1,2026-06-24,2026-06-24,0,No prazo
2621,6578,1,2026-01-21,2026-01-23,2,Atrasada
2622,6581,3,2026-03-14,2026-03-14,0,No prazo
2623,6587,1,2026-02-03,2026-02-04,1,Atrasada
2624,6591,1,2026-02-17,2026-02-22,5,Atrasada
2625,6593,1,2026-07-25,2026-07-26,1,Atrasada
2626,6594,4,2026-04-02,2026-04-03,1,Atrasada
2627,6596,3,2026-07-07,2026-07-07,0,No prazo
2628,6599,5,2026-05-09,2026-05-09,0,No prazo
2629,6600,5,2026-02-22,2026-02-24,2,Atrasada
2630,6601,3,2026-01-18,2026-01-18,0,No prazo
2631,6603,3,2026-04-20,2026-04-20,0,No prazo
2632,6604,4,2026-03-05,2026-03-05,0,No prazo
2633,6607,3,2026-01-21,2026-01-21,0,No prazo
2634,6608,3,2026-02-24,2026-02-24,0,No prazo
2635,6613,4,2026-03-17,2026-03-18,1,Atrasada
2636,6614,1,2026-04-28,2026-04-27,0,No prazo
2637,6620,2,2026-04-27,2026-04-27,0,No prazo
2638,6621,3,2026-02-14,2026-02-13,0,No prazo
2639,6625,2,2026-03-25,2026-03-25,0,No prazo
2640,6626,3,2026-02-05,2026-02-08,3,Atrasada
2641,6627,5,2026-02-14,2026-02-14,0,No prazo
2642,6629,3,2026-06-06,2026-06-08,2,Atrasada
2643,6632,4,2026-05-29,2026-05-29,0,No prazo
2644,6647,4,2026-01-07,2026-01-07,0,No prazo
2645,6648,4,2026-03-16,2026-03-16,0,No prazo
2646,6649,1,2026-02-15,2026-02-18,3,Atrasada
2647,6650,3,2026-04-22,2026-04-22,0,No prazo
2648,6651,1,2026-03-08,2026-03-10,2,Atrasada
2649,6654,4,2026-05-05,2026-05-07,2,Atrasada
2650,6658,4,2026-06-02,2026-06-01,0,No prazo
2651,6660,3,2026-05-30,2026-05-30,0,No prazo
2652,6661,5,2026-07-11,2026-07-11,0,No prazo
2653,6663,3,2026-02-11,2026-02-12,1,Atrasada
2654,6664,2,2026-03-19,2026-03-18,0,No prazo
2655,6665,1,2026-03-05,2026-03-05,0,No prazo
2656,6668,5,2026-05-15,2026-05-15,0,No prazo
2657,6670,3,2026-03-14,2026-03-14,0,No prazo
2658,6671,4,2026-06-04,2026-06-04,0,No prazo
2659,6673,3,2026-05-12,2026-05-12,0,No prazo
2660,6675,3,2026-03-15,2026-03-16,1,Atrasada
2661,6678,3,2026-02-02,2026-02-02,0,No prazo
2662,6679,4,2026-03-26,2026-03-26,0,No prazo
2663,6683,4,2026-04-30,2026-04-30,0,No prazo
2664,6686,5,2026-07-11,2026-07-14,3,Atrasada
2665,6688,4,2026-02-06,2026-02-07,1,Atrasada
2666,6689,2,2026-03-25,2026-03-28,3,Atrasada
2667,6690,1,2026-04-23,2026-04-23,0,No prazo
2668,6693,3,2026-05-18,2026-05-18,0,No prazo
2669,6699,3,2026-03-08,2026-03-08,0,No prazo
2670,6700,4,2026-07-31,2026-08-02,2,Atrasada
2671,6701,4,2026-01-11,2026-01-11,0,No prazo
2672,6704,2,2026-07-11,2026-07-11,0,No prazo
2673,6706,1,2026-07-23,2026-07-28,5,Atrasada
2674,6707,3,2026-05-29,2026-05-30,1,Atrasada
2675,6708,2,2026-05-04,2026-05-04,0,No prazo
2676,6713,3,2026-08-03,2026-08-04,1,Atrasada
2677,6714,4,2026-05-04,2026-05-04,0,No prazo
2678,6715,3,2026-07-27,2026-07-27,0,No prazo
2679,6716,5,2026-07-28,2026-07-28,0,No prazo
2680,6718,4,2026-04-10,2026-04-10,0,No prazo
2681,6724,1,2026-06-04,2026-06-04,0,No prazo
2682,6726,5,2026-08-06,2026-08-06,0,No prazo
2683,6727,3,2026-05-26,2026-05-26,0,No prazo
2684,6729,3,2026-02-25,2026-02-25,0,No prazo
2685,6730,3,2026-06-13,2026-06-13,0,No prazo
2686,6731,3,2026-07-11,2026-07-11,0,No prazo
2687,6735,3,2026-06-11,2026-06-11,0,No prazo
2688,6736,4,2026-01-26,2026-01-27,1,Atrasada
2689,6741,4,2026-07-08,2026-07-08,0,No prazo
2690,6742,2,2026-01-17,2026-01-17,0,No prazo
2691,6746,1,2026-04-28,2026-04-28,0,No prazo
2692,6751,2,2026-06-30,2026-06-30,0,No prazo
2693,6754,1,2026-04-25,2026-04-25,0,No prazo
2694,6756,4,2026-02-28,2026-02-28,0,No prazo
2695,6757,3,2026-07-13,2026-07-13,0,No prazo
2696,6758,3,2026-04-24,2026-04-24,0,No prazo
2697,6760,4,2026-01-24,2026-01-24,0,No prazo
2698,6761,1,2026-06-25,2026-06-25,0,No prazo
2699,6770,1,2026-03-09,2026-03-12,3,Atrasada
2700,6771,4,2026-05-19,2026-05-22,3,Atrasada
2701,6776,4,2026-06-24,2026-06-25,1,Atrasada
2702,6778,1,2026-01-14,2026-01-14,0,No prazo
2703,6779,5,2026-01-16,2026-01-16,0,No prazo
2704,6780,4,2026-07-08,2026-07-08,0,No prazo
2705,6782,4,2026-07-10,2026-07-10,0,No prazo
2706,6789,3,2026-03-19,2026-03-19,0,No prazo
2707,6791,4,2026-03-21,2026-03-21,0,No prazo
2708,6798,3,2026-07-26,2026-07-26,0,No prazo
2709,6799,3,2026-04-06,2026-04-06,0,No prazo
2710,6801,3,2026-06-11,2026-06-11,0,No prazo
2711,6804,4,2026-05-04,2026-05-03,0,No prazo
2712,6809,3,2026-06-16,2026-06-16,0,No prazo
2713,6811,4,2026-02-06,2026-02-07,1,Atrasada
2714,6813,1,2026-08-09,2026-08-09,0,No prazo
2715,6815,4,2026-04-09,2026-04-14,5,Atrasada
2716,6816,5,2026-03-13,2026-03-13,0,No prazo
2717,6818,4,2026-01-05,2026-01-06,1,Atrasada
2718,6825,4,2026-01-12,2026-01-12,0,No prazo
2719,6827,5,2026-07-14,2026-07-14,0,No prazo
2720,6831,3,2026-02-04,2026-02-04,0,No prazo
2721,6833,3,2026-01-06,2026-01-11,5,Atrasada
2722,6836,4,2026-06-17,2026-06-18,1,Atrasada
2723,6837,3,2026-03-01,2026-03-01,0,No prazo
2724,6843,1,2026-06-29,2026-06-29,0,No prazo
2725,6845,2,2026-05-22,2026-05-22,0,No prazo
2726,6847,2,2026-01-09,2026-01-08,0,No prazo
2727,6848,2,2026-01-10,2026-01-10,0,No prazo
2728,6849,4,2026-02-07,2026-02-07,0,No prazo
2729,6864,4,2026-06-24,2026-06-24,0,No prazo
2730,6865,3,2026-03-21,2026-03-23,2,Atrasada
2731,6866,5,2026-01-05,2026-01-05,0,No prazo
2732,6867,1,2026-03-30,2026-03-30,0,No prazo
2733,6869,5,2026-06-13,2026-06-14,1,Atrasada
2734,6871,3,2026-01-23,2026-01-25,2,Atrasada
2735,6872,2,2026-06-26,2026-06-26,0,No prazo
2736,6873,3,2026-01-17,2026-01-17,0,No prazo
2737,6875,3,2026-03-29,2026-03-29,0,No prazo
2738,6877,1,2026-04-19,2026-04-19,0,No prazo
2739,6879,5,2026-06-25,2026-06-28,3,Atrasada
2740,6880,2,2026-08-03,2026-08-03,0,No prazo
2741,6881,3,2026-07-02,2026-07-02,0,No prazo
2742,6886,2,2026-05-04,2026-05-04,0,No prazo
2743,6888,4,2026-04-02,2026-04-07,5,Atrasada
2744,6889,5,2026-03-27,2026-03-27,0,No prazo
2745,6892,4,2026-04-08,2026-04-09,1,Atrasada
2746,6893,5,2026-06-29,2026-06-29,0,No prazo
2747,6897,4,2026-02-10,2026-02-10,0,No prazo
2748,6900,4,2026-05-06,2026-05-06,0,No prazo
2749,6903,5,2026-03-17,2026-03-17,0,No prazo
2750,6904,3,2026-06-06,2026-06-06,0,No prazo
2751,6905,2,2026-01-21,2026-01-21,0,No prazo
2752,6907,4,2026-07-19,2026-07-19,0,No prazo
2753,6910,3,2026-06-05,2026-06-05,0,No prazo
2754,6913,4,2026-02-20,2026-02-25,5,Atrasada
2755,6914,4,2026-06-01,2026-06-01,0,No prazo
2756,6915,4,2026-03-12,2026-03-13,1,Atrasada
2757,6917,4,2026-06-26,2026-06-26,0,No prazo
2758,6919,2,2026-05-19,2026-05-19,0,No prazo
2759,6920,5,2026-04-23,2026-04-23,0,No prazo
2760,6921,4,2026-03-07,2026-03-07,0,No prazo
2761,6922,4,2026-05-12,2026-05-17,5,Atrasada
2762,6926,5,2026-07-09,2026-07-09,0,No prazo
2763,6927,3,2026-04-29,2026-04-29,0,No prazo
2764,6931,3,2026-05-08,2026-05-07,0,No prazo
2765,6933,2,2026-02-23,2026-02-23,0,No prazo
2766,6934,3,2026-06-10,2026-06-10,0,No prazo
2767,6935,2,2026-06-15,2026-06-20,5,Atrasada
2768,6937,1,2026-03-17,2026-03-17,0,No prazo
2769,6941,3,2026-07-20,2026-07-20,0,No prazo
2770,6945,1,2026-03-29,2026-03-29,0,No prazo
2771,6947,5,2026-05-17,2026-05-17,0,No prazo
2772,6948,1,2026-05-23,2026-05-23,0,No prazo
2773,6949,3,2026-08-05,2026-08-05,0,No prazo
2774,6951,1,2026-01-10,2026-01-13,3,Atrasada
2775,6952,4,2026-05-06,2026-05-06,0,No prazo
2776,6953,1,2026-06-16,2026-06-16,0,No prazo
2777,6955,3,2026-04-06,2026-04-07,1,Atrasada
2778,6957,2,2026-05-16,2026-05-16,0,No prazo
2779,6959,1,2026-04-15,2026-04-15,0,No prazo
2780,6960,2,2026-03-05,2026-03-05,0,No prazo
2781,6965,1,2026-01-29,2026-01-29,0,No prazo
2782,6966,4,2026-08-07,2026-08-07,0,No prazo
2783,6968,5,2026-08-05,2026-08-05,0,No prazo
2784,6970,3,2026-07-24,2026-07-24,0,No prazo
2785,6975,1,2026-07-07,2026-07-07,0,No prazo
2786,6978,5,2026-05-01,2026-05-01,0,No prazo
2787,6979,4,2026-06-29,2026-06-29,0,No prazo
2788,6984,3,2026-07-14,2026-07-14,0,No prazo
2789,6988,1,2026-03-28,2026-03-28,0,No prazo
2790,7002,5,2026-01-12,2026-01-12,0,No prazo
2791,7004,1,2026-01-06,2026-01-05,0,No prazo
2792,7008,2,2026-02-07,2026-02-08,1,Atrasada
2793,7015,1,2026-06-07,2026-06-07,0,No prazo
2794,7016,1,2026-05-12,2026-05-12,0,No prazo
2795,7020,2,2026-03-10,2026-03-10,0,No prazo
2796,7021,4,2026-03-19,2026-03-19,0,No prazo
2797,7027,5,2026-04-11,2026-04-11,0,No prazo
2798,7030,1,2026-03-17,2026-03-17,0,No prazo
2799,7031,4,2026-05-25,2026-05-24,0,No prazo
2800,7034,1,2026-04-19,2026-04-19,0,No prazo
2801,7041,3,2026-04-15,2026-04-20,5,Atrasada
2802,7047,5,2026-02-03,2026-02-03,0,No prazo
2803,7048,3,2026-04-27,2026-04-28,1,Atrasada
2804,7049,3,2026-03-04,2026-03-04,0,No prazo
2805,7050,3,2026-03-07,2026-03-07,0,No prazo
2806,7052,4,2026-06-28,2026-06-28,0,No prazo
2807,7069,1,2026-03-07,2026-03-07,0,No prazo
2808,7071,2,2026-03-14,2026-03-14,0,No prazo
2809,7072,3,2026-06-30,2026-06-30,0,No prazo
2810,7073,4,2026-06-25,2026-06-25,0,No prazo
2811,7078,4,2026-07-07,2026-07-07,0,No prazo
2812,7086,3,2026-03-12,2026-03-12,0,No prazo
2813,7088,4,2026-04-10,2026-04-10,0,No prazo
2814,7089,1,2026-03-07,2026-03-08,1,Atrasada
2815,7091,2,2026-05-14,2026-05-14,0,No prazo
2816,7094,4,2026-07-01,2026-07-04,3,Atrasada
2817,7095,1,2026-04-06,2026-04-06,0,No prazo
2818,7096,1,2026-02-28,2026-02-28,0,No prazo
2819,7098,5,2026-06-14,2026-06-14,0,No prazo
2820,7101,3,2026-01-13,2026-01-14,1,Atrasada
2821,7102,5,2026-06-21,2026-06-21,0,No prazo
2822,7105,1,2026-05-21,2026-05-21,0,No prazo
2823,7108,1,2026-06-10,2026-06-10,0,No prazo
2824,7110,5,2026-07-22,2026-07-22,0,No prazo
2825,7111,4,2026-07-18,2026-07-21,3,Atrasada
2826,7113,4,2026-08-08,2026-08-11,3,Atrasada
2827,7114,3,2026-03-30,2026-04-01,2,Atrasada
2828,7116,3,2026-04-19,2026-04-19,0,No prazo
2829,7118,4,2026-06-24,2026-06-24,0,No prazo
2830,7121,4,2026-04-11,2026-04-11,0,No prazo
2831,7122,3,2026-06-28,2026-06-28,0,No prazo
2832,7126,1,2026-06-30,2026-07-03,3,Atrasada
2833,7132,3,2026-08-10,2026-08-10,0,No prazo
2834,7133,5,2026-05-06,2026-05-06,0,No prazo
2835,7135,3,2026-06-15,2026-06-16,1,Atrasada
2836,7137,4,2026-03-13,2026-03-12,0,No prazo
2837,7139,1,2026-02-24,2026-02-24,0,No prazo
2838,7140,4,2026-04-08,2026-04-08,0,No prazo
2839,7142,3,2026-03-07,2026-03-06,0,No prazo
2840,7145,2,2026-01-03,2026-01-03,0,No prazo
2841,7150,5,2026-07-28,2026-07-28,0,No prazo
2842,7153,1,2026-04-23,2026-04-23,0,No prazo
2843,7154,4,2026-02-04,2026-02-04,0,No prazo
2844,7160,5,2026-02-21,2026-02-21,0,No prazo
2845,7161,5,2026-03-21,2026-03-21,0,No prazo
2846,7164,1,2026-03-15,2026-03-15,0,No prazo
2847,7168,3,2026-07-16,2026-07-16,0,No prazo
2848,7169,4,2026-07-24,2026-07-24,0,No prazo
2849,7173,3,2026-04-08,2026-04-08,0,No prazo
2850,7175,1,2026-03-22,2026-03-24,2,Atrasada
2851,7176,5,2026-02-08,2026-02-08,0,No prazo
2852,7178,1,2026-03-13,2026-03-13,0,No prazo
2853,7179,5,2026-03-07,2026-03-07,0,No prazo
2854,7186,2,2026-04-12,2026-04-15,3,Atrasada
2855,7192,1,2026-05-05,2026-05-08,3,Atrasada
2856,7198,5,2026-05-24,2026-05-24,0,No prazo
2857,7199,1,2026-02-04,2026-02-04,0,No prazo
2858,7200,5,2026-02-12,2026-02-12,0,No prazo
2859,7201,1,2026-02-17,2026-02-17,0,No prazo
2860,7202,4,2026-01-25,2026-01-25,0,No prazo
2861,7204,5,2026-08-03,2026-08-03,0,No prazo
2862,7205,5,2026-04-25,2026-04-25,0,No prazo
2863,7213,4,2026-05-06,2026-05-09,3,Atrasada
2864,7217,5,2026-02-28,2026-02-28,0,No prazo
2865,7218,4,2026-06-29,2026-06-28,0,No prazo
2866,7221,4,2026-05-24,2026-05-24,0,No prazo
2867,7222,1,2026-03-05,2026-03-05,0,No prazo
2868,7224,4,2026-01-10,2026-01-13,3,Atrasada
2869,7229,3,2026-04-10,2026-04-10,0,No prazo
2870,7232,4,2026-06-17,2026-06-17,0,No prazo
2871,7242,5,2026-03-10,2026-03-10,0,No prazo
2872,7246,3,2026-03-11,2026-03-11,0,No prazo
2873,7248,4,2026-02-17,2026-02-22,5,Atrasada
2874,7251,2,2026-07-13,2026-07-13,0,No prazo
2875,7257,1,2026-05-31,2026-05-31,0,No prazo
2876,7259,3,2026-04-30,2026-04-30,0,No prazo
2877,7260,1,2026-01-14,2026-01-14,0,No prazo
2878,7265,3,2026-04-18,2026-04-18,0,No prazo
2879,7268,2,2026-05-31,2026-05-31,0,No prazo
2880,7269,1,2026-03-30,2026-03-29,0,No prazo
2881,7271,1,2026-02-26,2026-02-26,0,No prazo
2882,7276,5,2026-01-30,2026-01-30,0,No prazo
2883,7278,1,2026-03-27,2026-03-27,0,No prazo
2884,7279,4,2026-01-25,2026-01-25,0,No prazo
2885,7285,5,2026-06-15,2026-06-17,2,Atrasada
2886,7286,5,2026-03-08,2026-03-13,5,Atrasada
2887,7287,4,2026-01-10,2026-01-10,0,No prazo
2888,7290,4,2026-06-26,2026-06-26,0,No prazo
2889,7291,1,2026-06-24,2026-06-24,0,No prazo
2890,7294,5,2026-03-13,2026-03-13,0,No prazo
2891,7295,4,2026-07-25,2026-07-28,3,Atrasada
2892,7299,3,2026-07-16,2026-07-16,0,No prazo
2893,7301,4,2026-01-16,2026-01-16,0,No prazo
2894,7302,3,2026-06-14,2026-06-15,1,Atrasada
2895,7303,5,2026-01-02,2026-01-05,3,Atrasada
2896,7304,4,2026-02-10,2026-02-12,2,Atrasada
2897,7305,1,2026-08-08,2026-08-08,0,No prazo
2898,7306,4,2026-04-07,2026-04-06,0,No prazo
2899,7307,5,2026-06-12,2026-06-12,0,No prazo
2900,7308,3,2026-04-19,2026-04-24,5,Atrasada
2901,7316,4,2026-07-31,2026-08-05,5,Atrasada
2902,7317,1,2026-05-17,2026-05-17,0,No prazo
2903,7318,1,2026-05-17,2026-05-17,0,No prazo
2904,7319,2,2026-03-20,2026-03-20,0,No prazo
2905,7323,4,2026-02-23,2026-02-23,0,No prazo
2906,7325,4,2026-05-21,2026-05-21,0,No prazo
2907,7327,5,2026-06-26,2026-07-01,5,Atrasada
2908,7331,4,2026-08-09,2026-08-09,0,No prazo
2909,7334,3,2026-03-08,2026-03-08,0,No prazo
2910,7335,1,2026-05-13,2026-05-13,0,No prazo
2911,7336,2,2026-01-13,2026-01-13,0,No prazo
2912,7338,3,2026-01-08,2026-01-08,0,No prazo
2913,7340,5,2026-04-06,2026-04-09,3,Atrasada
2914,7342,3,2026-07-15,2026-07-15,0,No prazo
2915,7347,4,2026-08-07,2026-08-08,1,Atrasada
2916,7349,3,2026-05-02,2026-05-05,3,Atrasada
2917,7354,1,2026-03-16,2026-03-16,0,No prazo
2918,7357,1,2026-06-30,2026-06-30,0,No prazo
2919,7360,4,2026-06-13,2026-06-13,0,No prazo
2920,7362,3,2026-07-12,2026-07-15,3,Atrasada
2921,7364,5,2026-06-19,2026-06-20,1,Atrasada
2922,7370,5,2026-07-08,2026-07-10,2,Atrasada
2923,7376,5,2026-06-28,2026-07-03,5,Atrasada
2924,7377,3,2026-07-01,2026-07-03,2,Atrasada
2925,7388,2,2026-04-07,2026-04-09,2,Atrasada
2926,7394,3,2026-08-02,2026-08-02,0,No prazo
2927,7396,1,2026-02-26,2026-02-27,1,Atrasada
2928,7398,4,2026-06-08,2026-06-08,0,No prazo
2929,7403,4,2026-02-17,2026-02-17,0,No prazo
2930,7404,4,2026-07-22,2026-07-22,0,No prazo
2931,7406,3,2026-05-08,2026-05-08,0,No prazo
2932,7407,4,2026-05-27,2026-05-27,0,No prazo
2933,7410,3,2026-02-07,2026-02-08,1,Atrasada
2934,7412,1,2026-08-05,2026-08-05,0,No prazo
2935,7415,4,2026-04-17,2026-04-22,5,Atrasada
2936,7418,4,2026-06-26,2026-06-26,0,No prazo
2937,7428,1,2026-04-25,2026-04-27,2,Atrasada
2938,7429,4,2026-01-05,2026-01-05,0,No prazo
2939,7432,4,2026-06-09,2026-06-09,0,No prazo
2940,7439,2,2026-05-11,2026-05-12,1,Atrasada
2941,7440,2,2026-02-17,2026-02-17,0,No prazo
2942,7443,3,2026-06-14,2026-06-14,0,No prazo
2943,7444,3,2026-04-25,2026-04-26,1,Atrasada
2944,7446,4,2026-04-12,2026-04-13,1,Atrasada
2945,7448,3,2026-06-18,2026-06-18,0,No prazo
2946,7450,4,2026-04-15,2026-04-15,0,No prazo
2947,7452,2,2026-03-19,2026-03-19,0,No prazo
2948,7457,3,2026-01-04,2026-01-03,0,No prazo
2949,7458,2,2026-07-26,2026-07-26,0,No prazo
2950,7459,2,2026-02-24,2026-02-25,1,Atrasada
2951,7460,3,2026-02-09,2026-02-10,1,Atrasada
2952,7463,4,2026-04-16,2026-04-16,0,No prazo
2953,7467,5,2026-03-14,2026-03-14,0,No prazo
2954,7468,4,2026-02-25,2026-02-25,0,No prazo
2955,7469,5,2026-06-27,2026-06-27,0,No prazo
2956,7470,1,2026-01-15,2026-01-15,0,No prazo
2957,7474,5,2026-04-26,2026-04-26,0,No prazo
2958,7475,2,2026-02-20,2026-02-20,0,No prazo
2959,7477,4,2026-02-21,2026-02-21,0,No prazo
2960,7478,3,2026-05-28,2026-05-28,0,No prazo
2961,7482,1,2026-07-29,2026-07-30,1,Atrasada
2962,7483,1,2026-03-26,2026-03-26,0,No prazo
2963,7485,5,2026-04-02,2026-04-02,0,No prazo
2964,7487,4,2026-05-28,2026-05-28,0,No prazo
2965,7489,3,2026-04-16,2026-04-16,0,No prazo
2966,7496,4,2026-01-19,2026-01-19,0,No prazo
2967,7498,5,2026-06-17,2026-06-18,1,Atrasada
2968,7500,4,2026-08-01,2026-08-01,0,No prazo
2969,7501,1,2026-05-27,2026-05-28,1,Atrasada
2970,7503,4,2026-04-21,2026-04-21,0,No prazo
2971,7504,1,2026-07-06,2026-07-06,0,No prazo
2972,7505,5,2026-03-04,2026-03-05,1,Atrasada
2973,7506,5,2026-07-26,2026-07-26,0,No prazo
2974,7511,5,2026-06-02,2026-06-02,0,No prazo
2975,7514,5,2026-08-02,2026-08-02,0,No prazo
2976,7516,3,2026-02-01,2026-02-01,0,No prazo
2977,7517,1,2026-07-26,2026-07-26,0,No prazo
2978,7519,3,2026-05-18,2026-05-18,0,No prazo
2979,7525,1,2026-01-04,2026-01-04,0,No prazo
2980,7526,4,2026-01-09,2026-01-11,2,Atrasada
2981,7528,5,2026-02-05,2026-02-05,0,No prazo
2982,7529,3,2026-01-24,2026-01-24,0,No prazo
2983,7531,4,2026-01-28,2026-02-02,5,Atrasada
2984,7533,5,2026-05-01,2026-05-01,0,No prazo
2985,7535,2,2026-04-21,2026-04-21,0,No prazo
2986,7537,3,2026-05-25,2026-05-25,0,No prazo
2987,7538,1,2026-04-03,2026-04-03,0,No prazo
2988,7539,5,2026-01-06,2026-01-05,0,No prazo
2989,7540,3,2026-03-03,2026-03-03,0,No prazo
2990,7543,5,2026-03-04,2026-03-05,1,Atrasada
2991,7548,3,2026-02-10,2026-02-10,0,No prazo
2992,7552,3,2026-02-07,2026-02-07,0,No prazo
2993,7553,4,2026-04-11,2026-04-11,0,No prazo
2994,7554,4,2026-05-29,2026-05-30,1,Atrasada
2995,7555,4,2026-06-26,2026-06-26,0,No prazo
2996,7556,3,2026-05-22,2026-05-22,0,No prazo
2997,7559,3,2026-03-01,2026-03-02,1,Atrasada
2998,7560,4,2026-06-26,2026-06-27,1,Atrasada
2999,7564,5,2026-02-02,2026-02-02,0,No prazo
3000,7568,1,2026-01-17,2026-01-22,5,Atrasada
3001,7569,5,2026-06-09,2026-06-09,0,No prazo
3002,7570,1,2026-04-07,2026-04-07,0,No prazo
3003,7572,1,2026-03-30,2026-03-30,0,No prazo
3004,7573,4,2026-08-10,2026-08-10,0,No prazo
3005,7576,1,2026-03-06,2026-03-06,0,No prazo
3006,7577,2,2026-02-03,2026-02-06,3,Atrasada
3007,7579,4,2026-06-29,2026-06-29,0,No prazo
3008,7581,1,2026-05-21,2026-05-24,3,Atrasada
3009,7582,3,2026-06-21,2026-06-21,0,No prazo
3010,7583,3,2026-04-05,2026-04-05,0,No prazo
3011,7584,4,2026-05-20,2026-05-19,0,No prazo
3012,7585,5,2026-01-25,2026-01-25,0,No prazo
3013,7586,5,2026-05-02,2026-05-04,2,Atrasada
3014,7589,4,2026-05-03,2026-05-03,0,No prazo
3015,7590,3,2026-06-10,2026-06-10,0,No prazo
3016,7592,4,2026-05-02,2026-05-02,0,No prazo
3017,7593,4,2026-03-05,2026-03-05,0,No prazo
3018,7600,1,2026-05-20,2026-05-20,0,No prazo
3019,7603,5,2026-04-06,2026-04-06,0,No prazo
3020,7604,2,2026-05-18,2026-05-18,0,No prazo
3021,7607,4,2026-05-08,2026-05-08,0,No prazo
3022,7609,2,2026-03-07,2026-03-07,0,No prazo
3023,7610,2,2026-03-06,2026-03-06,0,No prazo
3024,7614,5,2026-06-01,2026-06-01,0,No prazo
3025,7616,4,2026-01-12,2026-01-12,0,No prazo
3026,7626,3,2026-05-26,2026-05-26,0,No prazo
3027,7627,4,2026-01-18,2026-01-19,1,Atrasada
3028,7628,1,2026-05-17,2026-05-17,0,No prazo
3029,7629,3,2026-01-12,2026-01-13,1,Atrasada
3030,7639,4,2026-01-18,2026-01-18,0,No prazo
3031,7640,4,2026-03-06,2026-03-06,0,No prazo
3032,7647,4,2026-07-07,2026-07-09,2,Atrasada
3033,7648,5,2026-03-29,2026-03-29,0,No prazo
3034,7649,1,2026-04-10,2026-04-10,0,No prazo
3035,7650,1,2026-05-16,2026-05-16,0,No prazo
3036,7651,4,2026-03-02,2026-03-02,0,No prazo
3037,7654,5,2026-06-28,2026-06-28,0,No prazo
3038,7655,5,2026-02-04,2026-02-03,0,No prazo
3039,7656,3,2026-04-08,2026-04-08,0,No prazo
3040,7657,3,2026-05-31,2026-06-02,2,Atrasada
3041,7659,4,2026-04-07,2026-04-08,1,Atrasada
3042,7661,3,2026-01-05,2026-01-05,0,No prazo
3043,7662,3,2026-04-16,2026-04-19,3,Atrasada
3044,7663,3,2026-06-29,2026-07-04,5,Atrasada
3045,7666,5,2026-05-30,2026-05-30,0,No prazo
3046,7668,3,2026-03-18,2026-03-19,1,Atrasada
3047,7669,5,2026-02-20,2026-02-20,0,No prazo
3048,7672,2,2026-03-15,2026-03-15,0,No prazo
3049,7673,1,2026-03-05,2026-03-05,0,No prazo
3050,7677,2,2026-02-09,2026-02-09,0,No prazo
3051,7678,1,2026-05-19,2026-05-20,1,Atrasada
3052,7681,1,2026-02-03,2026-02-03,0,No prazo
3053,7682,1,2026-03-24,2026-03-24,0,No prazo
3054,7683,2,2026-07-08,2026-07-08,0,No prazo
3055,7684,3,2026-02-17,2026-02-18,1,Atrasada
3056,7686,3,2026-01-27,2026-01-27,0,No prazo
3057,7688,3,2026-01-28,2026-01-28,0,No prazo
3058,7692,1,2026-04-02,2026-04-02,0,No prazo
3059,7696,3,2026-07-31,2026-08-02,2,Atrasada
3060,7697,3,2026-02-02,2026-02-02,0,No prazo
3061,7699,2,2026-06-30,2026-06-30,0,No prazo
3062,7701,4,2026-03-21,2026-03-21,0,No prazo
3063,7704,4,2026-07-23,2026-07-22,0,No prazo
3064,7707,3,2026-07-16,2026-07-16,0,No prazo
3065,7709,5,2026-03-06,2026-03-08,2,Atrasada
3066,7713,3,2026-05-09,2026-05-09,0,No prazo
3067,7714,4,2026-08-07,2026-08-07,0,No prazo
3068,7718,3,2026-07-27,2026-07-27,0,No prazo
3069,7720,3,2026-03-01,2026-03-03,2,Atrasada
3070,7722,1,2026-02-04,2026-02-04,0,No prazo
3071,7723,3,2026-07-08,2026-07-10,2,Atrasada
3072,7725,2,2026-04-20,2026-04-20,0,No prazo
3073,7726,3,2026-04-25,2026-04-24,0,No prazo
3074,7727,4,2026-06-07,2026-06-07,0,No prazo
3075,7730,4,2026-07-26,2026-07-27,1,Atrasada
3076,7732,3,2026-05-18,2026-05-19,1,Atrasada
3077,7733,3,2026-06-15,2026-06-17,2,Atrasada
3078,7734,3,2026-03-11,2026-03-11,0,No prazo
3079,7736,4,2026-04-01,2026-04-03,2,Atrasada
3080,7739,4,2026-05-03,2026-05-03,0,No prazo
3081,7740,1,2026-02-14,2026-02-15,1,Atrasada
3082,7745,5,2026-06-19,2026-06-19,0,No prazo
3083,7746,1,2026-06-07,2026-06-07,0,No prazo
3084,7748,1,2026-04-29,2026-04-29,0,No prazo
3085,7749,4,2026-01-25,2026-01-25,0,No prazo
3086,7752,1,2026-05-31,2026-06-02,2,Atrasada
3087,7753,4,2026-01-23,2026-01-23,0,No prazo
3088,7754,4,2026-06-29,2026-06-29,0,No prazo
3089,7756,3,2026-07-15,2026-07-14,0,No prazo
3090,7758,4,2026-05-02,2026-05-04,2,Atrasada
3091,7761,3,2026-02-06,2026-02-08,2,Atrasada
3092,7764,3,2026-04-17,2026-04-17,0,No prazo
3093,7766,3,2026-07-11,2026-07-11,0,No prazo
3094,7773,4,2026-04-02,2026-04-03,1,Atrasada
3095,7776,3,2026-05-01,2026-05-01,0,No prazo
3096,7780,4,2026-04-06,2026-04-06,0,No prazo
3097,7781,3,2026-04-20,2026-04-20,0,No prazo
3098,7782,3,2026-02-18,2026-02-18,0,No prazo
3099,7783,3,2026-07-11,2026-07-13,2,Atrasada
3100,7785,4,2026-02-10,2026-02-10,0,No prazo
3101,7787,4,2026-03-02,2026-03-02,0,No prazo
3102,7790,2,2026-02-18,2026-02-18,0,No prazo
3103,7793,5,2026-02-27,2026-02-27,0,No prazo
3104,7794,2,2026-04-30,2026-04-30,0,No prazo
3105,7795,3,2026-06-16,2026-06-16,0,No prazo
3106,7797,4,2026-01-25,2026-01-24,0,No prazo
3107,7800,2,2026-07-23,2026-07-24,1,Atrasada
3108,7801,4,2026-05-26,2026-05-26,0,No prazo
3109,7802,3,2026-04-30,2026-04-30,0,No prazo
3110,7807,4,2026-06-05,2026-06-05,0,No prazo
3111,7809,1,2026-05-16,2026-05-16,0,No prazo
3112,7810,3,2026-04-23,2026-04-24,1,Atrasada
3113,7812,3,2026-03-01,2026-03-02,1,Atrasada
3114,7815,4,2026-03-07,2026-03-08,1,Atrasada
3115,7822,1,2026-01-19,2026-01-19,0,No prazo
3116,7827,3,2026-03-15,2026-03-15,0,No prazo
3117,7828,1,2026-05-15,2026-05-14,0,No prazo
3118,7829,2,2026-07-03,2026-07-03,0,No prazo
3119,7832,5,2026-07-16,2026-07-16,0,No prazo
3120,7835,1,2026-06-15,2026-06-15,0,No prazo
3121,7840,2,2026-03-08,2026-03-09,1,Atrasada
3122,7841,3,2026-01-28,2026-01-28,0,No prazo
3123,7842,4,2026-04-07,2026-04-08,1,Atrasada
3124,7846,3,2026-07-29,2026-07-29,0,No prazo
3125,7851,4,2026-01-12,2026-01-12,0,No prazo
3126,7859,4,2026-01-15,2026-01-15,0,No prazo
3127,7862,4,2026-03-12,2026-03-12,0,No prazo
3128,7871,3,2026-03-16,2026-03-18,2,Atrasada
3129,7874,2,2026-04-22,2026-04-23,1,Atrasada
3130,7878,3,2026-04-08,2026-04-08,0,No prazo
3131,7882,4,2026-07-31,2026-07-31,0,No prazo
3132,7883,1,2026-05-10,2026-05-10,0,No prazo
3133,7884,3,2026-02-02,2026-02-02,0,No prazo
3134,7885,3,2026-08-08,2026-08-08,0,No prazo
3135,7886,1,2026-04-27,2026-04-27,0,No prazo
3136,7887,4,2026-06-09,2026-06-14,5,Atrasada
3137,7889,4,2026-05-10,2026-05-10,0,No prazo
3138,7890,4,2026-01-20,2026-01-21,1,Atrasada
3139,7892,5,2026-02-15,2026-02-15,0,No prazo
3140,7894,4,2026-01-15,2026-01-15,0,No prazo
3141,7896,3,2026-02-01,2026-02-01,0,No prazo
3142,7899,5,2026-08-03,2026-08-03,0,No prazo
3143,7901,5,2026-03-24,2026-03-24,0,No prazo
3144,7902,4,2026-01-21,2026-01-23,2,Atrasada
3145,7908,3,2026-02-24,2026-02-24,0,No prazo
3146,7909,5,2026-01-04,2026-01-04,0,No prazo
3147,7912,2,2026-01-19,2026-01-22,3,Atrasada
3148,7913,3,2026-04-08,2026-04-08,0,No prazo
3149,7915,3,2026-02-02,2026-02-02,0,No prazo
3150,7916,4,2026-04-16,2026-04-16,0,No prazo
3151,7917,1,2026-01-17,2026-01-17,0,No prazo
3152,7918,5,2026-08-09,2026-08-10,1,Atrasada
3153,7919,1,2026-04-17,2026-04-17,0,No prazo
3154,7921,3,2026-07-16,2026-07-16,0,No prazo
3155,7922,1,2026-08-06,2026-08-06,0,No prazo
3156,7923,4,2026-05-03,2026-05-08,5,Atrasada
3157,7925,3,2026-06-11,2026-06-11,0,No prazo
3158,7926,1,2026-01-19,2026-01-19,0,No prazo
3159,7931,2,2026-02-25,2026-02-26,1,Atrasada
3160,7932,3,2026-01-05,2026-01-05,0,No prazo
3161,7933,4,2026-05-30,2026-05-31,1,Atrasada
3162,7935,1,2026-07-09,2026-07-09,0,No prazo
3163,7937,5,2026-06-11,2026-06-12,1,Atrasada
3164,7938,2,2026-03-18,2026-03-18,0,No prazo
3165,7945,1,2026-07-29,2026-07-29,0,No prazo
3166,7946,1,2026-07-09,2026-07-09,0,No prazo
3167,7947,4,2026-04-03,2026-04-03,0,No prazo
3168,7949,1,2026-03-10,2026-03-11,1,Atrasada
3169,7950,1,2026-05-01,2026-05-01,0,No prazo
3170,7956,1,2026-02-06,2026-02-06,0,No prazo
3171,7959,5,2026-02-25,2026-02-25,0,No prazo
3172,7965,3,2026-02-14,2026-02-14,0,No prazo
3173,7970,4,2026-05-08,2026-05-10,2,Atrasada
3174,7975,4,2026-06-30,2026-06-30,0,No prazo
3175,7977,4,2026-08-02,2026-08-02,0,No prazo
3176,7984,4,2026-02-14,2026-02-16,2,Atrasada
3177,7986,3,2026-03-14,2026-03-14,0,No prazo
3178,7998,2,2026-04-17,2026-04-17,0,No prazo
3179,7999,3,2026-05-26,2026-05-26,0,No prazo
3180,8006,3,2026-05-22,2026-05-22,0,No prazo
3181,8009,3,2026-06-30,2026-06-30,0,No prazo
3182,8011,3,2026-01-15,2026-01-15,0,No prazo
3183,8014,3,2026-03-11,2026-03-11,0,No prazo
3184,8019,4,2026-01-13,2026-01-13,0,No prazo
3185,8020,4,2026-07-03,2026-07-03,0,No prazo
3186,8021,1,2026-07-17,2026-07-17,0,No prazo
3187,8023,3,2026-04-25,2026-04-26,1,Atrasada
3188,8024,5,2026-06-17,2026-06-17,0,No prazo
3189,8026,5,2026-02-01,2026-02-01,0,No prazo
3190,8029,5,2026-06-16,2026-06-19,3,Atrasada
3191,8030,4,2026-04-17,2026-04-17,0,No prazo
3192,8031,3,2026-04-27,2026-04-28,1,Atrasada
3193,8035,2,2026-03-18,2026-03-18,0,No prazo
3194,8038,3,2026-03-25,2026-03-25,0,No prazo
3195,8040,4,2026-06-09,2026-06-09,0,No prazo
3196,8043,2,2026-02-12,2026-02-12,0,No prazo
3197,8044,1,2026-05-31,2026-05-31,0,No prazo
3198,8046,5,2026-05-03,2026-05-03,0,No prazo
3199,8049,1,2026-05-26,2026-05-27,1,Atrasada
3200,8050,4,2026-07-05,2026-07-04,0,No prazo
3201,8055,1,2026-03-13,2026-03-15,2,Atrasada
3202,8057,5,2026-01-28,2026-01-28,0,No prazo
3203,8058,4,2026-03-29,2026-03-29,0,No prazo
3204,8059,1,2026-04-07,2026-04-08,1,Atrasada
3205,8060,5,2026-06-27,2026-06-27,0,No prazo
3206,8065,5,2026-06-17,2026-06-17,0,No prazo
3207,8067,1,2026-04-11,2026-04-11,0,No prazo
3208,8070,5,2026-01-28,2026-01-28,0,No prazo
3209,8073,5,2026-05-28,2026-05-27,0,No prazo
3210,8075,5,2026-06-13,2026-06-13,0,No prazo
3211,8080,2,2026-02-10,2026-02-13,3,Atrasada
3212,8082,5,2026-03-29,2026-03-29,0,No prazo
3213,8083,3,2026-03-31,2026-03-31,0,No prazo
3214,8084,3,2026-05-24,2026-05-26,2,Atrasada
3215,8087,1,2026-08-11,2026-08-10,0,No prazo
3216,8088,4,2026-02-09,2026-02-09,0,No prazo
3217,8089,3,2026-01-23,2026-01-23,0,No prazo
3218,8092,3,2026-04-02,2026-04-03,1,Atrasada
3219,8095,5,2026-04-07,2026-04-07,0,No prazo
3220,8100,2,2026-04-12,2026-04-12,0,No prazo
3221,8101,3,2026-02-07,2026-02-09,2,Atrasada
3222,8102,4,2026-03-25,2026-03-25,0,No prazo
3223,8104,4,2026-03-04,2026-03-05,1,Atrasada
3224,8106,4,2026-06-12,2026-06-17,5,Atrasada
3225,8110,5,2026-05-02,2026-05-01,0,No prazo
3226,8114,2,2026-04-30,2026-05-03,3,Atrasada
3227,8115,1,2026-01-06,2026-01-06,0,No prazo
3228,8117,3,2026-02-05,2026-02-05,0,No prazo
3229,8118,4,2026-01-18,2026-01-20,2,Atrasada
3230,8120,5,2026-02-12,2026-02-12,0,No prazo
3231,8122,3,2026-01-26,2026-01-26,0,No prazo
3232,8123,4,2026-06-17,2026-06-17,0,No prazo
3233,8125,3,2026-05-10,2026-05-10,0,No prazo
3234,8127,1,2026-04-08,2026-04-08,0,No prazo
3235,8130,1,2026-02-19,2026-02-24,5,Atrasada
3236,8133,1,2026-02-19,2026-02-19,0,No prazo
3237,8137,4,2026-03-16,2026-03-16,0,No prazo
3238,8138,3,2026-06-04,2026-06-04,0,No prazo
3239,8139,4,2026-04-25,2026-04-25,0,No prazo
3240,8140,1,2026-07-22,2026-07-21,0,No prazo
3241,8142,5,2026-03-09,2026-03-10,1,Atrasada
3242,8144,3,2026-05-26,2026-05-26,0,No prazo
3243,8145,1,2026-04-09,2026-04-09,0,No prazo
3244,8146,1,2026-05-06,2026-05-06,0,No prazo
3245,8148,4,2026-03-11,2026-03-12,1,Atrasada
3246,8150,4,2026-07-21,2026-07-23,2,Atrasada
3247,8152,1,2026-01-25,2026-01-25,0,No prazo
3248,8157,4,2026-05-12,2026-05-17,5,Atrasada
3249,8158,3,2026-07-24,2026-07-24,0,No prazo
3250,8159,2,2026-04-21,2026-04-21,0,No prazo
3251,8162,4,2026-03-15,2026-03-15,0,No prazo
3252,8165,5,2026-07-17,2026-07-17,0,No prazo
3253,8166,4,2026-06-22,2026-06-24,2,Atrasada
3254,8171,2,2026-03-13,2026-03-13,0,No prazo
3255,8172,4,2026-03-01,2026-03-01,0,No prazo
3256,8175,5,2026-03-21,2026-03-26,5,Atrasada
3257,8179,1,2026-04-27,2026-04-28,1,Atrasada
3258,8181,2,2026-06-05,2026-06-05,0,No prazo
3259,8183,4,2026-05-04,2026-05-03,0,No prazo
3260,8185,1,2026-05-15,2026-05-18,3,Atrasada
3261,8188,3,2026-03-29,2026-04-01,3,Atrasada
3262,8189,3,2026-04-04,2026-04-04,0,No prazo
3263,8192,3,2026-02-04,2026-02-04,0,No prazo
3264,8193,3,2026-01-10,2026-01-12,2,Atrasada
3265,8194,2,2026-04-27,2026-04-29,2,Atrasada
3266,8196,1,2026-04-17,2026-04-17,0,No prazo
3267,8197,4,2026-05-06,2026-05-06,0,No prazo
3268,8198,3,2026-06-28,2026-06-30,2,Atrasada
3269,8199,1,2026-04-27,2026-04-27,0,No prazo
3270,8201,4,2026-05-22,2026-05-22,0,No prazo
3271,8204,3,2026-05-19,2026-05-19,0,No prazo
3272,8207,5,2026-02-02,2026-02-01,0,No prazo
3273,8212,5,2026-01-06,2026-01-06,0,No prazo
3274,8214,4,2026-04-22,2026-04-21,0,No prazo
3275,8215,3,2026-01-20,2026-01-22,2,Atrasada
3276,8221,3,2026-05-22,2026-05-22,0,No prazo
3277,8224,4,2026-04-28,2026-04-28,0,No prazo
3278,8226,3,2026-01-11,2026-01-11,0,No prazo
3279,8228,3,2026-03-28,2026-03-28,0,No prazo
3280,8230,2,2026-04-18,2026-04-18,0,No prazo
3281,8232,4,2026-02-27,2026-02-27,0,No prazo
3282,8234,2,2026-01-09,2026-01-09,0,No prazo
3283,8239,3,2026-01-21,2026-01-22,1,Atrasada
3284,8240,2,2026-04-04,2026-04-04,0,No prazo
3285,8241,4,2026-08-06,2026-08-06,0,No prazo
3286,8242,3,2026-02-25,2026-02-25,0,No prazo
3287,8243,5,2026-04-20,2026-04-20,0,No prazo
3288,8247,3,2026-04-15,2026-04-15,0,No prazo
3289,8248,1,2026-04-16,2026-04-16,0,No prazo
3290,8249,5,2026-06-08,2026-06-07,0,No prazo
3291,8252,4,2026-01-05,2026-01-04,0,No prazo
3292,8256,5,2026-01-19,2026-01-19,0,No prazo
3293,8257,4,2026-06-02,2026-06-07,5,Atrasada
3294,8263,3,2026-05-22,2026-05-22,0,No prazo
3295,8268,3,2026-03-31,2026-04-01,1,Atrasada
3296,8269,2,2026-02-07,2026-02-07,0,No prazo
3297,8271,3,2026-01-11,2026-01-11,0,No prazo
3298,8275,1,2026-08-08,2026-08-09,1,Atrasada
3299,8279,1,2026-05-23,2026-05-23,0,No prazo
3300,8280,5,2026-04-15,2026-04-15,0,No prazo
3301,8281,1,2026-07-15,2026-07-18,3,Atrasada
3302,8285,3,2026-03-09,2026-03-09,0,No prazo
3303,8286,1,2026-08-10,2026-08-10,0,No prazo
3304,8289,4,2026-06-08,2026-06-08,0,No prazo
3305,8291,5,2026-01-31,2026-01-31,0,No prazo
3306,8292,4,2026-05-05,2026-05-05,0,No prazo
3307,8293,4,2026-03-19,2026-03-19,0,No prazo
3308,8294,3,2026-05-18,2026-05-19,1,Atrasada
3309,8295,5,2026-05-05,2026-05-05,0,No prazo
3310,8296,3,2026-08-08,2026-08-08,0,No prazo
3311,8300,1,2026-07-19,2026-07-19,0,No prazo
3312,8301,4,2026-02-11,2026-02-11,0,No prazo
3313,8305,2,2026-07-14,2026-07-14,0,No prazo
3314,8307,4,2026-03-19,2026-03-19,0,No prazo
3315,8310,4,2026-07-23,2026-07-23,0,No prazo
3316,8311,5,2026-08-03,2026-08-03,0,No prazo
3317,8317,1,2026-02-07,2026-02-10,3,Atrasada
3318,8318,4,2026-01-18,2026-01-18,0,No prazo
3319,8319,3,2026-07-29,2026-07-29,0,No prazo
3320,8320,4,2026-04-22,2026-04-22,0,No prazo
3321,8324,1,2026-06-11,2026-06-11,0,No prazo
3322,8328,1,2026-07-04,2026-07-06,2,Atrasada
3323,8332,4,2026-04-26,2026-04-26,0,No prazo
3324,8333,5,2026-07-27,2026-07-27,0,No prazo
3325,8337,5,2026-05-30,2026-05-31,1,Atrasada
3326,8338,4,2026-02-09,2026-02-08,0,No prazo
3327,8342,3,2026-02-18,2026-02-18,0,No prazo
3328,8343,2,2026-01-19,2026-01-19,0,No prazo
3329,8345,4,2026-07-09,2026-07-11,2,Atrasada
3330,8346,5,2026-01-26,2026-01-28,2,Atrasada
3331,8350,3,2026-06-16,2026-06-16,0,No prazo
3332,8351,1,2026-07-22,2026-07-22,0,No prazo
3333,8352,2,2026-06-16,2026-06-16,0,No prazo
3334,8353,4,2026-02-21,2026-02-23,2,Atrasada
3335,8355,5,2026-06-01,2026-05-31,0,No prazo
3336,8356,4,2026-01-15,2026-01-15,0,No prazo
3337,8359,5,2026-06-16,2026-06-17,1,Atrasada
3338,8360,1,2026-02-15,2026-02-15,0,No prazo
3339,8361,2,2026-06-18,2026-06-18,0,No prazo
3340,8362,4,2026-06-06,2026-06-07,1,Atrasada
3341,8363,4,2026-02-25,2026-02-27,2,Atrasada
3342,8365,3,2026-01-17,2026-01-19,2,Atrasada
3343,8366,1,2026-04-11,2026-04-11,0,No prazo
3344,8367,4,2026-03-01,2026-03-01,0,No prazo
3345,8374,1,2026-05-31,2026-05-31,0,No prazo
3346,8375,5,2026-03-19,2026-03-19,0,No prazo
3347,8376,2,2026-01-17,2026-01-17,0,No prazo
3348,8378,5,2026-08-04,2026-08-04,0,No prazo
3349,8381,1,2026-04-15,2026-04-15,0,No prazo
3350,8389,2,2026-07-03,2026-07-03,0,No prazo
3351,8391,5,2026-05-08,2026-05-08,0,No prazo
3352,8394,4,2026-05-16,2026-05-17,1,Atrasada
3353,8395,1,2026-07-18,2026-07-18,0,No prazo
3354,8396,5,2026-02-09,2026-02-09,0,No prazo
3355,8397,1,2026-08-03,2026-08-03,0,No prazo
3356,8399,4,2026-04-02,2026-04-02,0,No prazo
3357,8404,4,2026-01-11,2026-01-11,0,No prazo
3358,8405,3,2026-04-17,2026-04-17,0,No prazo
3359,8406,3,2026-06-12,2026-06-14,2,Atrasada
3360,8407,3,2026-03-30,2026-03-30,0,No prazo
3361,8408,4,2026-06-23,2026-06-23,0,No prazo
3362,8410,4,2026-01-16,2026-01-16,0,No prazo
3363,8411,5,2026-05-06,2026-05-09,3,Atrasada
3364,8414,4,2026-03-27,2026-03-27,0,No prazo
3365,8417,3,2026-04-15,2026-04-15,0,No prazo
3366,8421,4,2026-05-22,2026-05-25,3,Atrasada
3367,8424,5,2026-07-04,2026-07-04,0,No prazo
3368,8426,3,2026-04-18,2026-04-18,0,No prazo
3369,8427,5,2026-04-15,2026-04-16,1,Atrasada
3370,8433,5,2026-04-13,2026-04-13,0,No prazo
3371,8440,4,2026-06-29,2026-06-29,0,No prazo
3372,8442,4,2026-03-19,2026-03-19,0,No prazo
3373,8443,3,2026-03-05,2026-03-05,0,No prazo
3374,8444,3,2026-02-05,2026-02-06,1,Atrasada
3375,8448,4,2026-04-28,2026-04-28,0,No prazo
3376,8450,1,2026-07-07,2026-07-06,0,No prazo
3377,8451,5,2026-06-01,2026-06-01,0,No prazo
3378,8452,3,2026-01-18,2026-01-18,0,No prazo
3379,8453,4,2026-07-08,2026-07-09,1,Atrasada
3380,8454,1,2026-01-09,2026-01-09,0,No prazo
3381,8455,3,2026-05-05,2026-05-07,2,Atrasada
3382,8457,5,2026-04-24,2026-04-26,2,Atrasada
3383,8461,1,2026-05-11,2026-05-11,0,No prazo
3384,8466,2,2026-03-07,2026-03-07,0,No prazo
3385,8467,2,2026-04-26,2026-04-26,0,No prazo
3386,8469,2,2026-07-25,2026-07-27,2,Atrasada
3387,8471,1,2026-06-06,2026-06-07,1,Atrasada
3388,8475,4,2026-04-23,2026-04-23,0,No prazo
3389,8477,2,2026-05-06,2026-05-07,1,Atrasada
3390,8478,3,2026-06-27,2026-06-27,0,No prazo
3391,8479,5,2026-01-09,2026-01-09,0,No prazo
3392,8483,4,2026-04-17,2026-04-17,0,No prazo
3393,8484,3,2026-04-19,2026-04-20,1,Atrasada
3394,8486,4,2026-06-28,2026-06-28,0,No prazo
3395,8487,1,2026-06-05,2026-06-07,2,Atrasada
3396,8488,1,2026-07-10,2026-07-11,1,Atrasada
3397,8490,1,2026-02-17,2026-02-20,3,Atrasada
3398,8493,2,2026-04-23,2026-04-23,0,No prazo
3399,8497,4,2026-07-20,2026-07-20,0,No prazo
3400,8498,5,2026-03-06,2026-03-07,1,Atrasada
3401,8500,5,2026-06-07,2026-06-07,0,No prazo
3402,8505,5,2026-01-31,2026-01-31,0,No prazo
3403,8506,3,2026-05-19,2026-05-19,0,No prazo
3404,8507,5,2026-06-22,2026-06-22,0,No prazo
3405,8509,1,2026-01-10,2026-01-10,0,No prazo
3406,8511,1,2026-07-27,2026-07-28,1,Atrasada
3407,8514,4,2026-07-21,2026-07-24,3,Atrasada
3408,8517,5,2026-05-10,2026-05-10,0,No prazo
3409,8518,4,2026-08-08,2026-08-08,0,No prazo
3410,8519,5,2026-07-20,2026-07-20,0,No prazo
3411,8523,3,2026-02-28,2026-02-28,0,No prazo
3412,8524,5,2026-01-18,2026-01-18,0,No prazo
3413,8526,5,2026-01-20,2026-01-21,1,Atrasada
3414,8529,2,2026-04-27,2026-04-27,0,No prazo
3415,8539,5,2026-03-09,2026-03-10,1,Atrasada
3416,8541,2,2026-07-03,2026-07-03,0,No prazo
3417,8542,3,2026-04-15,2026-04-15,0,No prazo
3418,8543,4,2026-02-27,2026-02-27,0,No prazo
3419,8545,5,2026-02-14,2026-02-14,0,No prazo
3420,8547,1,2026-03-12,2026-03-12,0,No prazo
3421,8551,5,2026-02-16,2026-02-19,3,Atrasada
3422,8552,1,2026-01-31,2026-01-31,0,No prazo
3423,8558,4,2026-07-28,2026-07-28,0,No prazo
3424,8565,3,2026-02-23,2026-02-23,0,No prazo
3425,8566,4,2026-02-28,2026-02-28,0,No prazo
3426,8569,1,2026-03-06,2026-03-06,0,No prazo
3427,8571,4,2026-04-09,2026-04-09,0,No prazo
3428,8574,3,2026-07-27,2026-07-29,2,Atrasada
3429,8575,5,2026-06-30,2026-06-30,0,No prazo
3430,8576,1,2026-06-26,2026-06-26,0,No prazo
3431,8577,5,2026-01-07,2026-01-06,0,No prazo
3432,8583,3,2026-07-22,2026-07-22,0,No prazo
3433,8584,1,2026-05-04,2026-05-04,0,No prazo
3434,8587,4,2026-06-01,2026-06-01,0,No prazo
3435,8589,5,2026-07-01,2026-07-02,1,Atrasada
3436,8590,1,2026-02-17,2026-02-17,0,No prazo
3437,8591,5,2026-07-16,2026-07-16,0,No prazo
3438,8603,1,2026-05-24,2026-05-29,5,Atrasada
3439,8604,4,2026-07-27,2026-07-28,1,Atrasada
3440,8605,3,2026-03-14,2026-03-13,0,No prazo
3441,8608,1,2026-04-18,2026-04-18,0,No prazo
3442,8609,3,2026-01-09,2026-01-09,0,No prazo
3443,8611,1,2026-06-01,2026-06-01,0,No prazo
3444,8612,5,2026-01-17,2026-01-17,0,No prazo
3445,8613,1,2026-02-28,2026-02-28,0,No prazo
3446,8615,4,2026-08-01,2026-08-01,0,No prazo
3447,8616,4,2026-01-09,2026-01-09,0,No prazo
3448,8617,2,2026-06-26,2026-06-26,0,No prazo
3449,8618,5,2026-04-26,2026-04-28,2,Atrasada
3450,8619,1,2026-05-12,2026-05-12,0,No prazo
3451,8623,4,2026-01-06,2026-01-08,2,Atrasada
3452,8624,1,2026-01-29,2026-01-29,0,No prazo
3453,8627,1,2026-01-22,2026-01-22,0,No prazo
3454,8629,5,2026-05-01,2026-05-01,0,No prazo
3455,8630,1,2026-06-11,2026-06-11,0,No prazo
3456,8632,1,2026-07-29,2026-07-30,1,Atrasada
3457,8640,4,2026-07-05,2026-07-06,1,Atrasada
3458,8643,5,2026-08-10,2026-08-10,0,No prazo
3459,8645,1,2026-06-04,2026-06-04,0,No prazo
3460,8648,3,2026-01-15,2026-01-15,0,No prazo
3461,8649,3,2026-04-20,2026-04-21,1,Atrasada
3462,8655,5,2026-04-26,2026-04-26,0,No prazo
3463,8658,1,2026-04-20,2026-04-20,0,No prazo
3464,8659,5,2026-05-20,2026-05-20,0,No prazo
3465,8666,3,2026-05-27,2026-05-29,2,Atrasada
3466,8669,4,2026-08-09,2026-08-09,0,No prazo
3467,8671,2,2026-05-14,2026-05-14,0,No prazo
3468,8673,4,2026-03-28,2026-03-28,0,No prazo
3469,8674,4,2026-04-17,2026-04-17,0,No prazo
3470,8676,1,2026-05-12,2026-05-12,0,No prazo
3471,8679,3,2026-06-09,2026-06-10,1,Atrasada
3472,8680,2,2026-04-09,2026-04-10,1,Atrasada
3473,8685,2,2026-04-03,2026-04-03,0,No prazo
3474,8686,3,2026-04-26,2026-04-27,1,Atrasada
3475,8687,3,2026-01-20,2026-01-20,0,No prazo
3476,8688,1,2026-02-08,2026-02-09,1,Atrasada
3477,8689,3,2026-07-28,2026-07-28,0,No prazo
3478,8693,4,2026-04-06,2026-04-07,1,Atrasada
3479,8695,5,2026-06-11,2026-06-11,0,No prazo
3480,8697,2,2026-06-12,2026-06-11,0,No prazo
3481,8699,1,2026-02-22,2026-02-22,0,No prazo
3482,8700,4,2026-01-07,2026-01-07,0,No prazo
3483,8701,5,2026-08-02,2026-08-02,0,No prazo
3484,8704,1,2026-03-13,2026-03-13,0,No prazo
3485,8705,4,2026-03-08,2026-03-08,0,No prazo
3486,8710,3,2026-07-06,2026-07-06,0,No prazo
3487,8711,4,2026-04-25,2026-04-25,0,No prazo
3488,8715,3,2026-04-26,2026-04-26,0,No prazo
3489,8716,4,2026-02-05,2026-02-05,0,No prazo
3490,8726,3,2026-04-27,2026-04-27,0,No prazo
3491,8727,1,2026-02-25,2026-02-25,0,No prazo
3492,8728,1,2026-05-27,2026-05-27,0,No prazo
3493,8729,1,2026-01-12,2026-01-12,0,No prazo
3494,8730,5,2026-03-22,2026-03-22,0,No prazo
3495,8732,3,2026-04-08,2026-04-08,0,No prazo
3496,8733,1,2026-05-17,2026-05-16,0,No prazo
3497,8736,5,2026-06-18,2026-06-19,1,Atrasada
3498,8740,2,2026-06-24,2026-06-24,0,No prazo
3499,8743,4,2026-06-22,2026-06-22,0,No prazo
3500,8744,4,2026-06-16,2026-06-16,0,No prazo
3501,8749,1,2026-06-23,2026-06-23,0,No prazo
3502,8758,4,2026-07-13,2026-07-13,0,No prazo
3503,8759,4,2026-06-18,2026-06-18,0,No prazo
3504,8761,1,2026-04-20,2026-04-20,0,No prazo
3505,8762,2,2026-03-25,2026-03-26,1,Atrasada
3506,8764,1,2026-01-14,2026-01-16,2,Atrasada
3507,8765,3,2026-06-09,2026-06-11,2,Atrasada
3508,8766,3,2026-06-15,2026-06-15,0,No prazo
3509,8767,3,2026-02-21,2026-02-22,1,Atrasada
3510,8770,1,2026-02-28,2026-02-28,0,No prazo
3511,8774,3,2026-04-29,2026-04-29,0,No prazo
3512,8778,3,2026-01-03,2026-01-05,2,Atrasada
3513,8779,4,2026-05-31,2026-05-31,0,No prazo
3514,8780,5,2026-04-26,2026-04-26,0,No prazo
3515,8782,2,2026-03-12,2026-03-11,0,No prazo
3516,8787,4,2026-02-23,2026-02-23,0,No prazo
3517,8791,3,2026-02-27,2026-03-02,3,Atrasada
3518,8795,4,2026-05-07,2026-05-07,0,No prazo
3519,8797,1,2026-02-02,2026-02-01,0,No prazo
3520,8798,4,2026-02-25,2026-02-25,0,No prazo
3521,8800,1,2026-01-08,2026-01-08,0,No prazo
3522,8806,3,2026-07-05,2026-07-06,1,Atrasada
3523,8808,2,2026-03-26,2026-03-26,0,No prazo
3524,8811,4,2026-01-04,2026-01-09,5,Atrasada
3525,8814,1,2026-07-04,2026-07-04,0,No prazo
3526,8816,4,2026-02-23,2026-02-22,0,No prazo
3527,8817,4,2026-03-11,2026-03-11,0,No prazo
3528,8819,4,2026-03-19,2026-03-19,0,No prazo
3529,8820,3,2026-03-10,2026-03-10,0,No prazo
3530,8822,4,2026-01-10,2026-01-10,0,No prazo
3531,8823,4,2026-03-04,2026-03-04,0,No prazo
3532,8827,3,2026-05-31,2026-05-31,0,No prazo
3533,8828,4,2026-07-21,2026-07-22,1,Atrasada
3534,8829,3,2026-05-06,2026-05-06,0,No prazo
3535,8830,4,2026-01-26,2026-01-26,0,No prazo
3536,8831,5,2026-07-20,2026-07-20,0,No prazo
3537,8833,5,2026-06-01,2026-06-01,0,No prazo
3538,8834,1,2026-03-27,2026-03-29,2,Atrasada
3539,8841,2,2026-02-01,2026-02-01,0,No prazo
3540,8843,5,2026-05-07,2026-05-07,0,No prazo
3541,8844,1,2026-08-06,2026-08-06,0,No prazo
3542,8846,5,2026-05-27,2026-05-27,0,No prazo
3543,8850,4,2026-04-29,2026-04-29,0,No prazo
3544,8853,3,2026-06-01,2026-06-01,0,No prazo
3545,8855,3,2026-05-29,2026-05-29,0,No prazo
3546,8857,4,2026-03-10,2026-03-10,0,No prazo
3547,8858,3,2026-01-11,2026-01-11,0,No prazo
3548,8859,3,2026-06-06,2026-06-06,0,No prazo
3549,8863,1,2026-05-27,2026-05-27,0,No prazo
3550,8864,3,2026-04-05,2026-04-06,1,Atrasada
3551,8866,2,2026-03-15,2026-03-14,0,No prazo
3552,8869,4,2026-05-29,2026-05-30,1,Atrasada
3553,8871,5,2026-07-13,2026-07-13,0,No prazo
3554,8874,1,2026-02-07,2026-02-08,1,Atrasada
3555,8875,3,2026-03-24,2026-03-24,0,No prazo
3556,8879,4,2026-07-18,2026-07-18,0,No prazo
3557,8881,1,2026-01-22,2026-01-22,0,No prazo
3558,8883,3,2026-07-24,2026-07-24,0,No prazo
3559,8884,3,2026-03-06,2026-03-06,0,No prazo
3560,8887,5,2026-01-20,2026-01-21,1,Atrasada
3561,8888,4,2026-01-12,2026-01-14,2,Atrasada
3562,8890,2,2026-04-23,2026-04-23,0,No prazo
3563,8892,4,2026-05-26,2026-05-26,0,No prazo
3564,8893,1,2026-03-24,2026-03-24,0,No prazo
3565,8897,1,2026-05-24,2026-05-25,1,Atrasada
3566,8898,2,2026-07-04,2026-07-05,1,Atrasada
3567,8899,1,2026-04-07,2026-04-10,3,Atrasada
3568,8901,5,2026-04-12,2026-04-14,2,Atrasada
3569,8903,4,2026-07-15,2026-07-15,0,No prazo
3570,8909,2,2026-04-01,2026-04-01,0,No prazo
3571,8910,1,2026-07-13,2026-07-14,1,Atrasada
3572,8914,4,2026-06-21,2026-06-21,0,No prazo
3573,8919,5,2026-06-21,2026-06-22,1,Atrasada
3574,8920,3,2026-04-29,2026-04-29,0,No prazo
3575,8923,4,2026-07-13,2026-07-13,0,No prazo
3576,8926,2,2026-08-11,2026-08-11,0,No prazo
3577,8929,4,2026-01-03,2026-01-04,1,Atrasada
3578,8930,2,2026-03-02,2026-03-02,0,No prazo
3579,8932,2,2026-03-22,2026-03-22,0,No prazo
3580,8933,3,2026-08-09,2026-08-09,0,No prazo
3581,8935,2,2026-01-08,2026-01-08,0,No prazo
3582,8936,1,2026-04-20,2026-04-20,0,No prazo
3583,8937,2,2026-02-20,2026-02-20,0,No prazo
3584,8938,4,2026-07-09,2026-07-09,0,No prazo
3585,8940,3,2026-06-22,2026-06-22,0,No prazo
3586,8942,1,2026-01-08,2026-01-08,0,No prazo
3587,8944,3,2026-04-12,2026-04-12,0,No prazo
3588,8945,3,2026-06-20,2026-06-23,3,Atrasada
3589,8952,1,2026-03-31,2026-03-31,0,No prazo
3590,8953,5,2026-06-27,2026-06-27,0,No prazo
3591,8957,3,2026-03-27,2026-03-27,0,No prazo
3592,8958,4,2026-06-18,2026-06-19,1,Atrasada
3593,8959,2,2026-01-31,2026-02-05,5,Atrasada
3594,8961,1,2026-06-17,2026-06-16,0,No prazo
3595,8963,3,2026-06-23,2026-06-23,0,No prazo
3596,8966,3,2026-07-14,2026-07-14,0,No prazo
3597,8970,4,2026-01-29,2026-01-29,0,No prazo
3598,8972,1,2026-03-09,2026-03-09,0,No prazo
3599,8973,5,2026-05-26,2026-05-26,0,No prazo
3600,8974,2,2026-04-07,2026-04-07,0,No prazo
3601,8978,4,2026-06-20,2026-06-20,0,No prazo
3602,8980,3,2026-02-25,2026-02-25,0,No prazo
3603,8981,4,2026-06-12,2026-06-13,1,Atrasada
3604,8986,3,2026-06-23,2026-06-23,0,No prazo
3605,8994,3,2026-06-12,2026-06-12,0,No prazo
3606,9000,4,2026-05-05,2026-05-05,0,No prazo
3607,9001,3,2026-06-01,2026-06-01,0,No prazo
3608,9003,5,2026-05-23,2026-05-23,0,No prazo
3609,9004,2,2026-03-12,2026-03-12,0,No prazo
3610,9007,1,2026-07-10,2026-07-13,3,Atrasada
3611,9009,3,2026-04-23,2026-04-23,0,No prazo
3612,9011,4,2026-01-29,2026-01-29,0,No prazo
3613,9013,3,2026-01-08,2026-01-08,0,No prazo
3614,9015,5,2026-04-04,2026-04-04,0,No prazo
3615,9017,2,2026-06-07,2026-06-09,2,Atrasada
3616,9021,3,2026-07-25,2026-07-28,3,Atrasada
3617,9023,1,2026-02-14,2026-02-14,0,No prazo
3618,9027,5,2026-06-03,2026-06-03,0,No prazo
3619,9034,3,2026-08-06,2026-08-05,0,No prazo
3620,9038,3,2026-06-11,2026-06-12,1,Atrasada
3621,9039,4,2026-04-13,2026-04-13,0,No prazo
3622,9040,3,2026-03-07,2026-03-12,5,Atrasada
3623,9041,4,2026-02-20,2026-02-20,0,No prazo
3624,9042,3,2026-01-17,2026-01-17,0,No prazo
3625,9043,3,2026-04-16,2026-04-16,0,No prazo
3626,9044,4,2026-06-03,2026-06-03,0,No prazo
3627,9048,1,2026-05-30,2026-05-30,0,No prazo
3628,9049,4,2026-03-18,2026-03-18,0,No prazo
3629,9051,1,2026-02-05,2026-02-05,0,No prazo
3630,9052,3,2026-06-15,2026-06-15,0,No prazo
3631,9053,3,2026-07-11,2026-07-11,0,No prazo
3632,9055,1,2026-04-28,2026-04-30,2,Atrasada
3633,9057,3,2026-03-31,2026-04-01,1,Atrasada
3634,9058,4,2026-01-09,2026-01-09,0,No prazo
3635,9060,1,2026-06-05,2026-06-05,0,No prazo
3636,9061,4,2026-05-24,2026-05-24,0,No prazo
3637,9062,4,2026-08-09,2026-08-09,0,No prazo
3638,9069,4,2026-01-25,2026-01-28,3,Atrasada
3639,9070,1,2026-02-08,2026-02-08,0,No prazo
3640,9071,4,2026-05-07,2026-05-07,0,No prazo
3641,9072,1,2026-05-28,2026-05-28,0,No prazo
3642,9073,1,2026-08-07,2026-08-07,0,No prazo
3643,9081,1,2026-04-23,2026-04-26,3,Atrasada
3644,9085,4,2026-07-04,2026-07-04,0,No prazo
3645,9086,3,2026-02-08,2026-02-10,2,Atrasada
3646,9093,3,2026-03-11,2026-03-13,2,Atrasada
3647,9094,3,2026-07-01,2026-07-02,1,Atrasada
3648,9098,4,2026-04-20,2026-04-20,0,No prazo
3649,9099,4,2026-05-11,2026-05-11,0,No prazo
3650,9100,5,2026-01-20,2026-01-20,0,No prazo
3651,9101,3,2026-05-31,2026-05-31,0,No prazo
3652,9103,3,2026-05-27,2026-05-27,0,No prazo
3653,9110,3,2026-05-31,2026-06-01,1,Atrasada
3654,9113,3,2026-01-17,2026-01-22,5,Atrasada
3655,9116,4,2026-07-22,2026-07-22,0,No prazo
3656,9120,1,2026-07-16,2026-07-16,0,No prazo
3657,9125,2,2026-08-03,2026-08-03,0,No prazo
3658,9126,2,2026-06-13,2026-06-13,0,No prazo
3659,9129,1,2026-04-02,2026-04-02,0,No prazo
3660,9130,3,2026-02-18,2026-02-18,0,No prazo
3661,9133,3,2026-07-14,2026-07-14,0,No prazo
3662,9135,2,2026-02-19,2026-02-21,2,Atrasada
3663,9137,1,2026-07-22,2026-07-22,0,No prazo
3664,9139,2,2026-01-06,2026-01-06,0,No prazo
3665,9141,2,2026-04-13,2026-04-16,3,Atrasada
3666,9145,3,2026-05-23,2026-05-23,0,No prazo
3667,9148,1,2026-05-27,2026-05-29,2,Atrasada
3668,9150,2,2026-06-04,2026-06-04,0,No prazo
3669,9151,2,2026-06-15,2026-06-15,0,No prazo
3670,9153,1,2026-07-27,2026-07-30,3,Atrasada
3671,9154,3,2026-07-10,2026-07-10,0,No prazo
3672,9160,4,2026-08-04,2026-08-04,0,No prazo
3673,9162,4,2026-07-12,2026-07-12,0,No prazo
3674,9163,5,2026-04-07,2026-04-08,1,Atrasada
3675,9164,5,2026-03-11,2026-03-11,0,No prazo
3676,9166,5,2026-06-01,2026-06-01,0,No prazo
3677,9170,5,2026-03-15,2026-03-14,0,No prazo
3678,9173,1,2026-05-11,2026-05-11,0,No prazo
3679,9179,3,2026-05-24,2026-05-24,0,No prazo
3680,9186,1,2026-05-24,2026-05-24,0,No prazo
3681,9189,3,2026-04-24,2026-04-24,0,No prazo
3682,9190,1,2026-01-28,2026-01-29,1,Atrasada
3683,9193,5,2026-03-05,2026-03-05,0,No prazo
3684,9195,5,2026-07-12,2026-07-12,0,No prazo
3685,9196,4,2026-03-16,2026-03-17,1,Atrasada
3686,9198,3,2026-02-14,2026-02-14,0,No prazo
3687,9199,4,2026-02-10,2026-02-12,2,Atrasada
3688,9200,3,2026-03-03,2026-03-03,0,No prazo
3689,9202,1,2026-03-05,2026-03-05,0,No prazo
3690,9203,3,2026-02-04,2026-02-04,0,No prazo
3691,9210,5,2026-05-26,2026-05-26,0,No prazo
3692,9213,4,2026-07-09,2026-07-09,0,No prazo
3693,9214,1,2026-03-18,2026-03-18,0,No prazo
3694,9215,3,2026-01-18,2026-01-18,0,No prazo
3695,9218,4,2026-02-09,2026-02-14,5,Atrasada
3696,9223,1,2026-01-29,2026-01-29,0,No prazo
3697,9225,4,2026-01-05,2026-01-05,0,No prazo
3698,9227,2,2026-04-08,2026-04-08,0,No prazo
3699,9230,1,2026-03-05,2026-03-10,5,Atrasada
3700,9232,4,2026-08-09,2026-08-09,0,No prazo
3701,9234,4,2026-07-23,2026-07-23,0,No prazo
3702,9235,5,2026-02-15,2026-02-15,0,No prazo
3703,9238,5,2026-03-12,2026-03-15,3,Atrasada
3704,9241,3,2026-02-17,2026-02-19,2,Atrasada
3705,9243,3,2026-05-03,2026-05-03,0,No prazo
3706,9246,4,2026-01-30,2026-01-30,0,No prazo
3707,9247,3,2026-06-02,2026-06-02,0,No prazo
3708,9249,5,2026-05-27,2026-05-30,3,Atrasada
3709,9251,3,2026-06-27,2026-06-27,0,No prazo
3710,9252,5,2026-07-12,2026-07-12,0,No prazo
3711,9253,4,2026-04-02,2026-04-02,0,No prazo
3712,9254,5,2026-07-16,2026-07-19,3,Atrasada
3713,9255,4,2026-01-28,2026-01-28,0,No prazo
3714,9264,3,2026-07-22,2026-07-22,0,No prazo
3715,9265,4,2026-04-02,2026-04-02,0,No prazo
3716,9271,2,2026-01-26,2026-01-28,2,Atrasada
3717,9273,1,2026-05-25,2026-05-25,0,No prazo
3718,9277,1,2026-03-29,2026-03-29,0,No prazo
3719,9279,4,2026-06-05,2026-06-05,0,No prazo
3720,9280,1,2026-03-05,2026-03-05,0,No prazo
3721,9283,1,2026-04-10,2026-04-10,0,No prazo
3722,9285,3,2026-08-10,2026-08-10,0,No prazo
3723,9290,3,2026-05-28,2026-05-28,0,No prazo
3724,9296,4,2026-02-01,2026-02-01,0,No prazo
3725,9297,5,2026-06-06,2026-06-06,0,No prazo
3726,9299,4,2026-06-25,2026-06-27,2,Atrasada
3727,9300,5,2026-07-14,2026-07-13,0,No prazo
3728,9301,5,2026-06-08,2026-06-08,0,No prazo
3729,9304,5,2026-01-14,2026-01-14,0,No prazo
3730,9314,3,2026-03-07,2026-03-10,3,Atrasada
3731,9316,5,2026-04-12,2026-04-14,2,Atrasada
3732,9318,2,2026-07-09,2026-07-09,0,No prazo
3733,9321,2,2026-01-03,2026-01-03,0,No prazo
3734,9323,5,2026-06-13,2026-06-13,0,No prazo
3735,9326,4,2026-06-12,2026-06-12,0,No prazo
3736,9332,5,2026-05-29,2026-05-29,0,No prazo
3737,9333,2,2026-04-04,2026-04-03,0,No prazo
3738,9335,5,2026-02-08,2026-02-08,0,No prazo
3739,9339,1,2026-07-16,2026-07-16,0,No prazo
3740,9346,4,2026-03-20,2026-03-20,0,No prazo
3741,9350,4,2026-02-01,2026-02-01,0,No prazo
3742,9352,5,2026-03-10,2026-03-10,0,No prazo
3743,9356,1,2026-04-06,2026-04-09,3,Atrasada
3744,9357,3,2026-04-09,2026-04-09,0,No prazo
3745,9359,3,2026-01-20,2026-01-20,0,No prazo
3746,9361,4,2026-04-15,2026-04-17,2,Atrasada
3747,9363,1,2026-04-15,2026-04-18,3,Atrasada
3748,9364,3,2026-02-25,2026-02-25,0,No prazo
3749,9367,3,2026-04-07,2026-04-06,0,No prazo
3750,9368,3,2026-07-21,2026-07-22,1,Atrasada
3751,9374,4,2026-03-19,2026-03-19,0,No prazo
3752,9376,4,2026-05-13,2026-05-14,1,Atrasada
3753,9377,1,2026-01-15,2026-01-15,0,No prazo
3754,9379,1,2026-03-21,2026-03-21,0,No prazo
3755,9381,5,2026-04-05,2026-04-05,0,No prazo
3756,9384,1,2026-05-03,2026-05-03,0,No prazo
3757,9385,5,2026-06-15,2026-06-15,0,No prazo
3758,9392,3,2026-03-19,2026-03-22,3,Atrasada
3759,9393,5,2026-06-07,2026-06-07,0,No prazo
3760,9398,5,2026-05-15,2026-05-15,0,No prazo
3761,9399,1,2026-06-23,2026-06-23,0,No prazo
3762,9401,1,2026-02-06,2026-02-06,0,No prazo
3763,9402,3,2026-03-12,2026-03-12,0,No prazo
3764,9403,5,2026-03-31,2026-03-30,0,No prazo
3765,9404,1,2026-07-23,2026-07-28,5,Atrasada
3766,9406,1,2026-03-19,2026-03-19,0,No prazo
3767,9407,1,2026-05-22,2026-05-22,0,No prazo
3768,9410,1,2026-07-22,2026-07-22,0,No prazo
3769,9411,1,2026-03-28,2026-03-28,0,No prazo
3770,9413,4,2026-06-19,2026-06-22,3,Atrasada
3771,9414,2,2026-06-02,2026-06-05,3,Atrasada
3772,9415,2,2026-02-12,2026-02-12,0,No prazo
3773,9419,3,2026-03-08,2026-03-08,0,No prazo
3774,9420,3,2026-05-22,2026-05-24,2,Atrasada
3775,9422,5,2026-02-17,2026-02-17,0,No prazo
3776,9424,1,2026-02-21,2026-02-21,0,No prazo
3777,9427,4,2026-03-23,2026-03-23,0,No prazo
3778,9428,3,2026-03-06,2026-03-06,0,No prazo
3779,9431,4,2026-02-22,2026-02-22,0,No prazo
3780,9432,3,2026-01-11,2026-01-16,5,Atrasada
3781,9441,4,2026-07-23,2026-07-24,1,Atrasada
3782,9443,4,2026-02-27,2026-03-01,2,Atrasada
3783,9449,4,2026-07-02,2026-07-05,3,Atrasada
3784,9454,5,2026-04-04,2026-04-05,1,Atrasada
3785,9459,3,2026-07-22,2026-07-22,0,No prazo
3786,9460,4,2026-07-27,2026-07-27,0,No prazo
3787,9464,5,2026-04-22,2026-04-22,0,No prazo
3788,9469,4,2026-02-07,2026-02-07,0,No prazo
3789,9470,4,2026-04-08,2026-04-08,0,No prazo
3790,9478,5,2026-02-19,2026-02-19,0,No prazo
3791,9479,1,2026-05-03,2026-05-05,2,Atrasada
3792,9481,3,2026-01-11,2026-01-10,0,No prazo
3793,9483,5,2026-03-01,2026-03-01,0,No prazo
3794,9484,3,2026-03-30,2026-03-30,0,No prazo
3795,9486,4,2026-01-02,2026-01-02,0,No prazo
3796,9490,1,2026-01-04,2026-01-04,0,No prazo
3797,9496,5,2026-01-21,2026-01-21,0,No prazo
3798,9499,1,2026-06-22,2026-06-23,1,Atrasada
3799,9501,4,2026-05-03,2026-05-06,3,Atrasada
3800,9503,5,2026-05-25,2026-05-25,0,No prazo
3801,9505,3,2026-07-26,2026-07-26,0,No prazo
3802,9508,1,2026-05-12,2026-05-12,0,No prazo
3803,9509,4,2026-03-30,2026-03-30,0,No prazo
3804,9510,2,2026-08-04,2026-08-04,0,No prazo
3805,9512,5,2026-07-11,2026-07-11,0,No prazo
3806,9513,5,2026-02-06,2026-02-06,0,No prazo
3807,9515,4,2026-06-07,2026-06-08,1,Atrasada
3808,9516,5,2026-06-16,2026-06-16,0,No prazo
3809,9518,3,2026-02-02,2026-02-02,0,No prazo
3810,9521,3,2026-04-13,2026-04-12,0,No prazo
3811,9526,4,2026-03-04,2026-03-04,0,No prazo
3812,9527,1,2026-07-25,2026-07-25,0,No prazo
3813,9528,2,2026-08-02,2026-08-02,0,No prazo
3814,9530,2,2026-03-12,2026-03-13,1,Atrasada
3815,9531,3,2026-02-23,2026-02-28,5,Atrasada
3816,9533,4,2026-08-09,2026-08-09,0,No prazo
3817,9535,5,2026-04-11,2026-04-11,0,No prazo
3818,9536,3,2026-04-17,2026-04-18,1,Atrasada
3819,9539,3,2026-05-06,2026-05-06,0,No prazo
3820,9540,4,2026-06-18,2026-06-18,0,No prazo
3821,9542,4,2026-04-10,2026-04-10,0,No prazo
3822,9543,4,2026-02-06,2026-02-06,0,No prazo
3823,9545,4,2026-04-09,2026-04-09,0,No prazo
3824,9546,1,2026-01-14,2026-01-14,0,No prazo
3825,9548,4,2026-04-15,2026-04-15,0,No prazo
3826,9559,5,2026-04-01,2026-04-01,0,No prazo
3827,9560,4,2026-05-10,2026-05-10,0,No prazo
3828,9561,5,2026-02-11,2026-02-10,0,No prazo
3829,9562,4,2026-04-25,2026-04-25,0,No prazo
3830,9565,3,2026-07-12,2026-07-12,0,No prazo
3831,9566,5,2026-04-24,2026-04-24,0,No prazo
3832,9568,4,2026-07-29,2026-07-29,0,No prazo
3833,9569,1,2026-05-29,2026-05-30,1,Atrasada
3834,9571,1,2026-01-09,2026-01-11,2,Atrasada
3835,9572,3,2026-01-06,2026-01-06,0,No prazo
3836,9576,2,2026-04-24,2026-04-25,1,Atrasada
3837,9578,4,2026-05-01,2026-05-01,0,No prazo
3838,9579,3,2026-07-19,2026-07-19,0,No prazo
3839,9580,3,2026-05-03,2026-05-06,3,Atrasada
3840,9586,3,2026-05-28,2026-05-28,0,No prazo
3841,9587,4,2026-03-26,2026-03-25,0,No prazo
3842,9595,1,2026-08-05,2026-08-04,0,No prazo
3843,9596,1,2026-04-03,2026-04-05,2,Atrasada
3844,9599,2,2026-06-23,2026-06-23,0,No prazo
3845,9602,2,2026-05-13,2026-05-15,2,Atrasada
3846,9603,3,2026-01-23,2026-01-23,0,No prazo
3847,9607,1,2026-05-15,2026-05-20,5,Atrasada
3848,9608,4,2026-06-13,2026-06-13,0,No prazo
3849,9609,3,2026-02-11,2026-02-11,0,No prazo
3850,9611,4,2026-05-30,2026-05-30,0,No prazo
3851,9615,4,2026-04-02,2026-04-01,0,No prazo
3852,9619,4,2026-07-01,2026-07-01,0,No prazo
3853,9620,5,2026-02-06,2026-02-07,1,Atrasada
3854,9621,1,2026-01-07,2026-01-07,0,No prazo
3855,9622,2,2026-07-14,2026-07-14,0,No prazo
3856,9623,4,2026-04-10,2026-04-10,0,No prazo
3857,9624,4,2026-04-07,2026-04-10,3,Atrasada
3858,9626,4,2026-03-05,2026-03-10,5,Atrasada
3859,9627,3,2026-06-04,2026-06-03,0,No prazo
3860,9634,3,2026-02-02,2026-02-02,0,No prazo
3861,9636,2,2026-05-26,2026-05-26,0,No prazo
3862,9643,5,2026-03-25,2026-03-25,0,No prazo
3863,9645,4,2026-01-20,2026-01-20,0,No prazo
3864,9646,4,2026-06-29,2026-06-29,0,No prazo
3865,9648,3,2026-01-30,2026-01-30,0,No prazo
3866,9649,1,2026-07-10,2026-07-12,2,Atrasada
3867,9652,3,2026-07-31,2026-07-31,0,No prazo
3868,9653,4,2026-04-28,2026-04-28,0,No prazo
3869,9654,3,2026-04-13,2026-04-13,0,No prazo
3870,9656,4,2026-05-20,2026-05-20,0,No prazo
3871,9659,3,2026-05-04,2026-05-04,0,No prazo
3872,9660,3,2026-03-04,2026-03-04,0,No prazo
3873,9661,2,2026-06-30,2026-07-02,2,Atrasada
3874,9669,4,2026-07-11,2026-07-11,0,No prazo
3875,9672,3,2026-01-29,2026-01-29,0,No prazo
3876,9673,4,2026-05-15,2026-05-15,0,No prazo
3877,9677,5,2026-02-16,2026-02-16,0,No prazo
3878,9682,4,2026-04-07,2026-04-12,5,Atrasada
3879,9683,3,2026-04-30,2026-04-30,0,No prazo
3880,9684,5,2026-02-26,2026-02-26,0,No prazo
3881,9685,1,2026-04-28,2026-04-29,1,Atrasada
3882,9686,1,2026-06-06,2026-06-06,0,No prazo
3883,9688,2,2026-05-11,2026-05-13,2,Atrasada
3884,9689,3,2026-06-06,2026-06-06,0,No prazo
3885,9691,3,2026-03-09,2026-03-11,2,Atrasada
3886,9694,5,2026-02-19,2026-02-20,1,Atrasada
3887,9699,4,2026-07-17,2026-07-17,0,No prazo
3888,9702,3,2026-02-04,2026-02-04,0,No prazo
3889,9705,1,2026-06-20,2026-06-20,0,No prazo
3890,9711,4,2026-01-30,2026-01-30,0,No prazo
3891,9712,2,2026-07-08,2026-07-08,0,No prazo
3892,9713,3,2026-07-05,2026-07-05,0,No prazo
3893,9721,1,2026-03-16,2026-03-16,0,No prazo
3894,9723,1,2026-08-08,2026-08-08,0,No prazo
3895,9725,3,2026-04-16,2026-04-17,1,Atrasada
3896,9726,4,2026-04-11,2026-04-16,5,Atrasada
3897,9729,5,2026-05-31,2026-05-30,0,No prazo
3898,9730,1,2026-06-03,2026-06-03,0,No prazo
3899,9732,3,2026-04-18,2026-04-18,0,No prazo
3900,9734,1,2026-02-20,2026-02-20,0,No prazo
3901,9737,5,2026-05-20,2026-05-20,0,No prazo
3902,9738,1,2026-07-17,2026-07-17,0,No prazo
3903,9740,5,2026-06-27,2026-06-27,0,No prazo
3904,9741,4,2026-06-07,2026-06-09,2,Atrasada
3905,9743,4,2026-05-23,2026-05-25,2,Atrasada
3906,9748,1,2026-07-14,2026-07-16,2,Atrasada
3907,9749,3,2026-02-02,2026-02-02,0,No prazo
3908,9750,4,2026-06-07,2026-06-07,0,No prazo
3909,9751,3,2026-08-09,2026-08-09,0,No prazo
3910,9755,2,2026-04-26,2026-04-26,0,No prazo
3911,9756,2,2026-01-30,2026-01-30,0,No prazo
3912,9758,2,2026-06-02,2026-06-02,0,No prazo
3913,9759,4,2026-04-13,2026-04-14,1,Atrasada
3914,9761,5,2026-06-27,2026-06-27,0,No prazo
3915,9762,3,2026-01-29,2026-01-29,0,No prazo
3916,9768,4,2026-07-29,2026-07-29,0,No prazo
3917,9771,4,2026-01-18,2026-01-18,0,No prazo
3918,9774,4,2026-06-15,2026-06-15,0,No prazo
3919,9775,2,2026-01-28,2026-01-28,0,No prazo
3920,9786,4,2026-03-04,2026-03-04,0,No prazo
3921,9792,1,2026-03-20,2026-03-20,0,No prazo
3922,9793,3,2026-07-07,2026-07-07,0,No prazo
3923,9797,3,2026-03-15,2026-03-17,2,Atrasada
3924,9799,3,2026-03-22,2026-03-22,0,No prazo
3925,9802,4,2026-06-18,2026-06-18,0,No prazo
3926,9808,1,2026-02-26,2026-02-26,0,No prazo
3927,9810,2,2026-05-20,2026-05-20,0,No prazo
3928,9812,4,2026-02-04,2026-02-04,0,No prazo
3929,9813,4,2026-06-22,2026-06-22,0,No prazo
3930,9817,4,2026-08-06,2026-08-06,0,No prazo
3931,9819,5,2026-04-28,2026-04-28,0,No prazo
3932,9820,2,2026-02-14,2026-02-14,0,No prazo
3933,9821,4,2026-04-01,2026-04-01,0,No prazo
3934,9823,4,2026-03-27,2026-03-27,0,No prazo
3935,9827,4,2026-05-22,2026-05-22,0,No prazo
3936,9832,4,2026-06-27,2026-06-27,0,No prazo
3937,9839,3,2026-05-28,2026-05-28,0,No prazo
3938,9842,1,2026-02-21,2026-02-21,0,No prazo
3939,9843,4,2026-03-07,2026-03-07,0,No prazo
3940,9845,3,2026-05-18,2026-05-18,0,No prazo
3941,9846,5,2026-02-23,2026-02-22,0,No prazo
3942,9850,5,2026-02-22,2026-02-22,0,No prazo
3943,9852,4,2026-02-25,2026-02-25,0,No prazo
3944,9854,3,2026-07-10,2026-07-11,1,Atrasada
3945,9858,3,2026-03-24,2026-03-24,0,No prazo
3946,9860,2,2026-06-10,2026-06-10,0,No prazo
3947,9862,1,2026-02-05,2026-02-05,0,No prazo
3948,9864,4,2026-02-05,2026-02-08,3,Atrasada
3949,9865,1,2026-01-16,2026-01-15,0,No prazo
3950,9871,3,2026-03-20,2026-03-20,0,No prazo
3951,9872,3,2026-01-04,2026-01-04,0,No prazo
3952,9873,4,2026-01-05,2026-01-05,0,No prazo
3953,9876,3,2026-03-14,2026-03-17,3,Atrasada
3954,9881,3,2026-05-10,2026-05-10,0,No prazo
3955,9887,3,2026-06-03,2026-06-08,5,Atrasada
3956,9888,5,2026-07-15,2026-07-18,3,Atrasada
3957,9889,3,2026-07-23,2026-07-23,0,No prazo
3958,9890,1,2026-05-12,2026-05-12,0,No prazo
3959,9893,1,2026-01-17,2026-01-17,0,No prazo
3960,9894,1,2026-04-15,2026-04-18,3,Atrasada
3961,9898,4,2026-06-29,2026-06-29,0,No prazo
3962,9899,1,2026-03-09,2026-03-09,0,No prazo
3963,9900,5,2026-07-24,2026-07-24,0,No prazo
3964,9902,2,2026-07-23,2026-07-23,0,No prazo
3965,9903,1,2026-06-20,2026-06-20,0,No prazo
3966,9906,5,2026-03-12,2026-03-12,0,No prazo
3967,9910,2,2026-03-11,2026-03-13,2,Atrasada
3968,9913,2,2026-05-15,2026-05-16,1,Atrasada
3969,9914,1,2026-05-22,2026-05-27,5,Atrasada
3970,9919,1,2026-02-26,2026-02-28,2,Atrasada
3971,9923,4,2026-03-20,2026-03-21,1,Atrasada
3972,9927,5,2026-04-20,2026-04-20,0,No prazo
3973,9929,2,2026-05-28,2026-05-28,0,No prazo
3974,9930,1,2026-05-13,2026-05-13,0,No prazo
3975,9932,5,2026-02-21,2026-02-21,0,No prazo
3976,9933,2,2026-07-22,2026-07-25,3,Atrasada
3977,9935,3,2026-08-02,2026-08-02,0,No prazo
3978,9937,3,2026-08-10,2026-08-11,1,Atrasada
3979,9939,1,2026-05-07,2026-05-07,0,No prazo
3980,9940,4,2026-05-17,2026-05-17,0,No prazo
3981,9943,4,2026-04-27,2026-04-27,0,No prazo
3982,9947,3,2026-05-24,2026-05-24,0,No prazo
3983,9949,4,2026-07-28,2026-07-30,2,Atrasada
3984,9953,1,2026-05-26,2026-05-25,0,No prazo
3985,9959,4,2026-06-30,2026-06-30,0,No prazo
3986,9961,5,2026-02-15,2026-02-15,0,No prazo
3987,9962,4,2026-02-23,2026-02-22,0,No prazo
3988,9963,3,2026-05-17,2026-05-20,3,Atrasada
3989,9964,5,2026-04-30,2026-04-29,0,No prazo
3990,9971,3,2026-01-17,2026-01-17,0,No prazo
3991,9974,3,2026-04-25,2026-04-25,0,No prazo
3992,9976,2,2026-04-19,2026-04-19,0,No prazo
3993,9977,4,2026-04-19,2026-04-19,0,No prazo
3994,9978,3,2026-05-14,2026-05-14,0,No prazo
3995,9987,4,2026-04-15,2026-04-15,0,No prazo
3996,9988,1,2026-05-21,2026-05-21,0,No prazo
3997,9990,1,2026-05-22,2026-05-22,0,No prazo
3998,9993,3,2026-06-24,2026-06-24,0,No prazo
3999,9995,1,2026-04-07,2026-04-07,0,No prazo
4000,9996,1,2026-03-15,2026-03-15,0,No prazo
4001,9998,1,2026-05-14,2026-05-14,0,No prazo
4002,10000,1,2026-01-08,2026-01-08,0,No prazo
4003,10002,5,2026-01-04,2026-01-04,0,No prazo
4004,10005,3,2026-01-18,2026-01-19,1,Atrasada
4005,10006,1,2026-01-14,2026-01-17,3,Atrasada
4006,10008,3,2026-04-28,2026-04-28,0,No prazo
4007,10009,3,2026-03-11,2026-03-11,0,No prazo
4008,10012,3,2026-02-14,2026-02-14,0,No prazo
4009,10013,5,2026-03-25,2026-03-25,0,No prazo
4010,10014,4,2026-07-20,2026-07-23,3,Atrasada
4011,10017,2,2026-05-07,2026-05-07,0,No prazo
4012,10019,3,2026-07-31,2026-07-31,0,No prazo
4013,10020,5,2026-06-20,2026-06-23,3,Atrasada
4014,10022,3,2026-02-25,2026-02-25,0,No prazo
4015,10023,3,2026-02-19,2026-02-19,0,No prazo
4016,10024,4,2026-02-05,2026-02-07,2,Atrasada
4017,10026,3,2026-03-14,2026-03-14,0,No prazo
4018,10030,4,2026-02-26,2026-02-26,0,No prazo
4019,10031,3,2026-02-05,2026-02-05,0,No prazo
4020,10035,2,2026-07-01,2026-07-01,0,No prazo
4021,10036,1,2026-07-04,2026-07-04,0,No prazo
4022,10038,5,2026-02-06,2026-02-06,0,No prazo
4023,10040,1,2026-08-06,2026-08-05,0,No prazo
4024,10043,5,2026-07-17,2026-07-22,5,Atrasada
4025,10045,1,2026-04-21,2026-04-21,0,No prazo
4026,10046,3,2026-05-05,2026-05-06,1,Atrasada
4027,10053,4,2026-01-14,2026-01-14,0,No prazo
4028,10055,4,2026-06-05,2026-06-07,2,Atrasada
4029,10057,4,2026-08-07,2026-08-07,0,No prazo
4030,10060,3,2026-01-14,2026-01-14,0,No prazo
4031,10062,4,2026-02-10,2026-02-10,0,No prazo
4032,10063,4,2026-06-11,2026-06-11,0,No prazo
4033,10064,5,2026-02-06,2026-02-08,2,Atrasada
4034,10070,3,2026-07-23,2026-07-23,0,No prazo
4035,10072,1,2026-04-26,2026-04-26,0,No prazo
4036,10076,1,2026-03-21,2026-03-22,1,Atrasada
4037,10077,2,2026-03-28,2026-03-28,0,No prazo
4038,10081,1,2026-03-26,2026-03-26,0,No prazo
4039,10085,3,2026-02-21,2026-02-21,0,No prazo
4040,10088,1,2026-04-25,2026-04-28,3,Atrasada
4041,10091,4,2026-05-17,2026-05-17,0,No prazo
4042,10092,2,2026-02-20,2026-02-21,1,Atrasada
4043,10093,5,2026-03-31,2026-03-31,0,No prazo
4044,10095,4,2026-04-18,2026-04-18,0,No prazo
4045,10105,2,2026-04-08,2026-04-08,0,No prazo
4046,10106,4,2026-04-04,2026-04-06,2,Atrasada
4047,10109,4,2026-07-11,2026-07-14,3,Atrasada
4048,10114,5,2026-06-23,2026-06-23,0,No prazo
4049,10115,2,2026-08-09,2026-08-11,2,Atrasada
4050,10118,4,2026-07-29,2026-07-29,0,No prazo
4051,10120,4,2026-03-06,2026-03-06,0,No prazo
4052,10121,5,2026-06-30,2026-06-29,0,No prazo
4053,10122,4,2026-04-02,2026-04-02,0,No prazo
4054,10123,1,2026-01-05,2026-01-05,0,No prazo
4055,10126,4,2026-03-20,2026-03-20,0,No prazo
4056,10127,3,2026-04-11,2026-04-11,0,No prazo
4057,10128,4,2026-03-24,2026-03-24,0,No prazo
4058,10129,1,2026-01-28,2026-01-28,0,No prazo
4059,10131,3,2026-01-06,2026-01-06,0,No prazo
4060,10133,1,2026-01-07,2026-01-07,0,No prazo
4061,10134,1,2026-06-04,2026-06-03,0,No prazo
4062,10135,4,2026-07-21,2026-07-21,0,No prazo
4063,10138,2,2026-07-04,2026-07-06,2,Atrasada
4064,10139,3,2026-08-05,2026-08-06,1,Atrasada
4065,10141,1,2026-02-23,2026-02-23,0,No prazo
4066,10145,4,2026-05-31,2026-05-31,0,No prazo
4067,10147,1,2026-07-15,2026-07-15,0,No prazo
4068,10150,5,2026-07-04,2026-07-04,0,No prazo
4069,10153,3,2026-07-11,2026-07-11,0,No prazo
4070,10154,3,2026-02-09,2026-02-12,3,Atrasada
4071,10155,5,2026-07-01,2026-06-30,0,No prazo
4072,10157,4,2026-05-10,2026-05-11,1,Atrasada
4073,10158,4,2026-04-25,2026-04-30,5,Atrasada
4074,10159,2,2026-06-02,2026-06-02,0,No prazo
4075,10160,2,2026-07-05,2026-07-06,1,Atrasada
4076,10163,5,2026-04-06,2026-04-11,5,Atrasada
4077,10164,1,2026-05-18,2026-05-19,1,Atrasada
4078,10167,4,2026-03-17,2026-03-17,0,No prazo
4079,10169,4,2026-01-21,2026-01-21,0,No prazo
4080,10176,4,2026-06-19,2026-06-22,3,Atrasada
4081,10183,1,2026-05-06,2026-05-08,2,Atrasada
4082,10186,4,2026-04-08,2026-04-08,0,No prazo
4083,10187,5,2026-02-28,2026-03-03,3,Atrasada
4084,10190,3,2026-05-04,2026-05-07,3,Atrasada
4085,10192,3,2026-01-13,2026-01-13,0,No prazo
4086,10193,5,2026-05-24,2026-05-23,0,No prazo
4087,10194,3,2026-04-10,2026-04-10,0,No prazo
4088,10195,5,2026-01-29,2026-01-29,0,No prazo
4089,10199,4,2026-04-23,2026-04-23,0,No prazo
4090,10200,3,2026-08-05,2026-08-05,0,No prazo
4091,10202,5,2026-03-10,2026-03-11,1,Atrasada
4092,10203,4,2026-07-25,2026-07-25,0,No prazo
4093,10204,4,2026-02-09,2026-02-09,0,No prazo
4094,10206,1,2026-02-19,2026-02-19,0,No prazo
4095,10207,3,2026-03-17,2026-03-17,0,No prazo
4096,10211,4,2026-08-04,2026-08-04,0,No prazo
4097,10213,2,2026-04-28,2026-04-28,0,No prazo
4098,10216,3,2026-01-12,2026-01-12,0,No prazo
4099,10218,3,2026-02-22,2026-02-22,0,No prazo
4100,10220,1,2026-07-07,2026-07-07,0,No prazo
4101,10222,2,2026-05-19,2026-05-19,0,No prazo
4102,10225,1,2026-05-05,2026-05-05,0,No prazo
4103,10227,4,2026-06-14,2026-06-15,1,Atrasada
4104,10228,5,2026-07-26,2026-07-27,1,Atrasada
4105,10229,5,2026-02-27,2026-02-28,1,Atrasada
4106,10230,2,2026-03-15,2026-03-15,0,No prazo
4107,10232,3,2026-07-04,2026-07-05,1,Atrasada
4108,10236,2,2026-04-20,2026-04-25,5,Atrasada
4109,10242,1,2026-05-28,2026-05-29,1,Atrasada
4110,10243,1,2026-02-04,2026-02-06,2,Atrasada
4111,10244,1,2026-01-22,2026-01-25,3,Atrasada
4112,10245,1,2026-08-08,2026-08-08,0,No prazo
4113,10247,3,2026-05-27,2026-05-27,0,No prazo
4114,10250,3,2026-01-16,2026-01-16,0,No prazo
4115,10251,5,2026-03-22,2026-03-22,0,No prazo
4116,10255,3,2026-04-27,2026-04-27,0,No prazo
4117,10257,1,2026-03-10,2026-03-15,5,Atrasada
4118,10261,2,2026-08-07,2026-08-08,1,Atrasada
4119,10262,5,2026-08-10,2026-08-10,0,No prazo
4120,10264,3,2026-07-29,2026-07-30,1,Atrasada
4121,10270,4,2026-05-26,2026-05-26,0,No prazo
4122,10273,4,2026-04-24,2026-04-25,1,Atrasada
4123,10275,1,2026-03-09,2026-03-09,0,No prazo
4124,10276,3,2026-06-17,2026-06-17,0,No prazo
4125,10277,5,2026-02-25,2026-02-25,0,No prazo
4126,10278,4,2026-01-31,2026-02-02,2,Atrasada
4127,10280,1,2026-03-16,2026-03-15,0,No prazo
4128,10281,1,2026-05-24,2026-05-24,0,No prazo
4129,10286,3,2026-07-07,2026-07-07,0,No prazo
4130,10288,3,2026-01-13,2026-01-14,1,Atrasada
4131,10291,3,2026-07-18,2026-07-18,0,No prazo
4132,10295,5,2026-05-14,2026-05-14,0,No prazo
4133,10297,2,2026-01-05,2026-01-10,5,Atrasada
4134,10298,5,2026-04-23,2026-04-25,2,Atrasada
4135,10300,5,2026-04-28,2026-04-28,0,No prazo
4136,10301,4,2026-04-10,2026-04-10,0,No prazo
4137,10302,4,2026-05-28,2026-05-28,0,No prazo
4138,10306,4,2026-01-04,2026-01-05,1,Atrasada
4139,10310,1,2026-01-13,2026-01-13,0,No prazo
4140,10312,1,2026-07-11,2026-07-11,0,No prazo
4141,10313,4,2026-03-16,2026-03-16,0,No prazo
4142,10317,1,2026-04-12,2026-04-12,0,No prazo
4143,10318,4,2026-07-17,2026-07-16,0,No prazo
4144,10319,4,2026-03-12,2026-03-12,0,No prazo
4145,10320,1,2026-05-08,2026-05-08,0,No prazo
4146,10322,1,2026-05-17,2026-05-22,5,Atrasada
4147,10323,5,2026-02-16,2026-02-16,0,No prazo
4148,10326,4,2026-01-28,2026-01-29,1,Atrasada
4149,10329,5,2026-01-30,2026-01-30,0,No prazo
4150,10330,3,2026-07-15,2026-07-18,3,Atrasada
4151,10332,4,2026-08-05,2026-08-05,0,No prazo
4152,10334,5,2026-04-11,2026-04-11,0,No prazo
4153,10340,4,2026-05-02,2026-05-02,0,No prazo
4154,10342,3,2026-03-01,2026-03-01,0,No prazo
4155,10343,3,2026-06-04,2026-06-04,0,No prazo
4156,10348,3,2026-04-15,2026-04-16,1,Atrasada
4157,10350,4,2026-02-10,2026-02-10,0,No prazo
4158,10352,1,2026-01-06,2026-01-06,0,No prazo
4159,10353,3,2026-08-08,2026-08-08,0,No prazo
4160,10354,1,2026-01-15,2026-01-15,0,No prazo
4161,10355,4,2026-03-17,2026-03-17,0,No prazo
4162,10357,2,2026-02-06,2026-02-06,0,No prazo
4163,10360,3,2026-01-20,2026-01-19,0,No prazo
4164,10363,2,2026-07-14,2026-07-14,0,No prazo
4165,10366,3,2026-08-03,2026-08-03,0,No prazo
4166,10367,4,2026-06-20,2026-06-20,0,No prazo
4167,10369,4,2026-03-15,2026-03-15,0,No prazo
4168,10370,5,2026-04-02,2026-04-02,0,No prazo
4169,10373,3,2026-02-26,2026-02-26,0,No prazo
4170,10374,4,2026-03-26,2026-03-26,0,No prazo
4171,10376,3,2026-01-12,2026-01-12,0,No prazo
4172,10377,1,2026-03-17,2026-03-17,0,No prazo
4173,10379,4,2026-01-19,2026-01-19,0,No prazo
4174,10382,3,2026-01-25,2026-01-25,0,No prazo
4175,10385,1,2026-07-15,2026-07-15,0,No prazo
4176,10386,3,2026-01-23,2026-01-25,2,Atrasada
4177,10390,4,2026-04-18,2026-04-18,0,No prazo
4178,10393,3,2026-07-27,2026-07-28,1,Atrasada
4179,10398,5,2026-02-13,2026-02-14,1,Atrasada
4180,10399,4,2026-01-22,2026-01-22,0,No prazo
4181,10405,1,2026-02-16,2026-02-16,0,No prazo
4182,10407,1,2026-03-16,2026-03-16,0,No prazo
4183,10409,1,2026-06-18,2026-06-18,0,No prazo
4184,10419,1,2026-05-23,2026-05-23,0,No prazo
4185,10422,3,2026-02-02,2026-02-02,0,No prazo
4186,10423,1,2026-08-06,2026-08-06,0,No prazo
4187,10424,4,2026-03-08,2026-03-08,0,No prazo
4188,10425,2,2026-01-28,2026-01-31,3,Atrasada
4189,10426,3,2026-03-11,2026-03-11,0,No prazo
4190,10428,1,2026-03-01,2026-03-03,2,Atrasada
4191,10429,4,2026-08-08,2026-08-08,0,No prazo
4192,10430,3,2026-04-13,2026-04-13,0,No prazo
4193,10431,3,2026-07-11,2026-07-11,0,No prazo
4194,10432,3,2026-05-25,2026-05-25,0,No prazo
4195,10433,4,2026-01-13,2026-01-13,0,No prazo
4196,10435,1,2026-04-05,2026-04-06,1,Atrasada
4197,10437,4,2026-05-03,2026-05-04,1,Atrasada
4198,10439,5,2026-06-04,2026-06-04,0,No prazo
4199,10440,5,2026-07-01,2026-07-01,0,No prazo
4200,10444,5,2026-01-16,2026-01-16,0,No prazo
4201,10445,1,2026-03-29,2026-03-29,0,No prazo
4202,10446,4,2026-02-27,2026-02-27,0,No prazo
4203,10447,5,2026-01-11,2026-01-13,2,Atrasada
4204,10449,1,2026-04-10,2026-04-10,0,No prazo
4205,10455,2,2026-03-22,2026-03-22,0,No prazo
4206,10456,5,2026-04-06,2026-04-09,3,Atrasada
4207,10460,3,2026-02-13,2026-02-13,0,No prazo
4208,10462,1,2026-05-25,2026-05-25,0,No prazo
4209,10463,4,2026-03-16,2026-03-18,2,Atrasada
4210,10464,5,2026-05-11,2026-05-10,0,No prazo
4211,10466,4,2026-02-05,2026-02-06,1,Atrasada
4212,10467,5,2026-07-14,2026-07-16,2,Atrasada
4213,10469,3,2026-07-06,2026-07-06,0,No prazo
4214,10470,1,2026-03-24,2026-03-27,3,Atrasada
4215,10476,4,2026-07-13,2026-07-13,0,No prazo
4216,10477,3,2026-02-01,2026-02-01,0,No prazo
4217,10478,3,2026-07-23,2026-07-23,0,No prazo
4218,10480,3,2026-04-19,2026-04-19,0,No prazo
4219,10481,1,2026-04-17,2026-04-17,0,No prazo
4220,10492,1,2026-06-17,2026-06-18,1,Atrasada
4221,10494,4,2026-05-10,2026-05-10,0,No prazo
4222,10496,3,2026-06-11,2026-06-11,0,No prazo
4223,10498,5,2026-02-12,2026-02-12,0,No prazo
4224,10499,4,2026-05-08,2026-05-09,1,Atrasada
4225,10500,5,2026-06-12,2026-06-12,0,No prazo
4226,10501,4,2026-06-18,2026-06-18,0,No prazo
4227,10502,3,2026-08-02,2026-08-01,0,No prazo
4228,10505,3,2026-08-04,2026-08-04,0,No prazo
4229,10506,5,2026-08-08,2026-08-08,0,No prazo
4230,10507,2,2026-02-11,2026-02-13,2,Atrasada
4231,10508,5,2026-03-28,2026-03-30,2,Atrasada
4232,10510,3,2026-02-14,2026-02-15,1,Atrasada
4233,10512,3,2026-01-27,2026-02-01,5,Atrasada
4234,10514,5,2026-06-25,2026-06-25,0,No prazo
4235,10516,3,2026-05-04,2026-05-04,0,No prazo
4236,10521,5,2026-06-15,2026-06-15,0,No prazo
4237,10523,5,2026-05-21,2026-05-21,0,No prazo
4238,10534,4,2026-08-08,2026-08-08,0,No prazo
4239,10544,3,2026-05-17,2026-05-18,1,Atrasada
4240,10545,1,2026-06-17,2026-06-18,1,Atrasada
4241,10546,3,2026-06-11,2026-06-11,0,No prazo
4242,10549,4,2026-02-09,2026-02-14,5,Atrasada
4243,10550,5,2026-01-04,2026-01-04,0,No prazo
4244,10552,3,2026-05-22,2026-05-22,0,No prazo
4245,10557,1,2026-08-01,2026-08-01,0,No prazo
4246,10558,1,2026-02-13,2026-02-12,0,No prazo
4247,10561,1,2026-03-27,2026-03-27,0,No prazo
4248,10563,5,2026-08-10,2026-08-11,1,Atrasada
4249,10564,4,2026-02-26,2026-02-26,0,No prazo
4250,10570,5,2026-03-19,2026-03-18,0,No prazo
4251,10573,5,2026-05-02,2026-05-02,0,No prazo
4252,10575,5,2026-01-20,2026-01-20,0,No prazo
4253,10576,5,2026-07-22,2026-07-23,1,Atrasada
4254,10578,2,2026-04-01,2026-04-01,0,No prazo
4255,10580,5,2026-03-17,2026-03-17,0,No prazo
4256,10582,3,2026-01-21,2026-01-21,0,No prazo
4257,10595,2,2026-02-27,2026-02-27,0,No prazo
4258,10597,2,2026-06-20,2026-06-20,0,No prazo
4259,10598,4,2026-04-09,2026-04-09,0,No prazo
4260,10599,3,2026-02-03,2026-02-03,0,No prazo
4261,10601,4,2026-05-12,2026-05-12,0,No prazo
4262,10606,1,2026-02-26,2026-02-26,0,No prazo
4263,10607,4,2026-04-12,2026-04-12,0,No prazo
4264,10608,5,2026-02-07,2026-02-07,0,No prazo
4265,10609,4,2026-04-01,2026-04-01,0,No prazo
4266,10610,1,2026-03-21,2026-03-21,0,No prazo
4267,10611,3,2026-03-05,2026-03-05,0,No prazo
4268,10612,1,2026-06-23,2026-06-23,0,No prazo
4269,10613,3,2026-03-15,2026-03-15,0,No prazo
4270,10615,4,2026-06-11,2026-06-11,0,No prazo
4271,10621,1,2026-07-15,2026-07-15,0,No prazo
4272,10625,1,2026-05-19,2026-05-19,0,No prazo
4273,10629,1,2026-07-09,2026-07-09,0,No prazo
4274,10632,5,2026-01-18,2026-01-18,0,No prazo
4275,10634,1,2026-06-11,2026-06-11,0,No prazo
4276,10644,2,2026-06-17,2026-06-17,0,No prazo
4277,10646,3,2026-05-28,2026-05-29,1,Atrasada
4278,10647,3,2026-05-19,2026-05-24,5,Atrasada
4279,10651,1,2026-03-09,2026-03-08,0,No prazo
4280,10657,5,2026-05-27,2026-05-27,0,No prazo
4281,10658,3,2026-03-25,2026-03-25,0,No prazo
4282,10659,4,2026-03-08,2026-03-09,1,Atrasada
4283,10663,1,2026-01-08,2026-01-08,0,No prazo
4284,10664,4,2026-01-19,2026-01-19,0,No prazo
4285,10665,1,2026-07-09,2026-07-09,0,No prazo
4286,10666,3,2026-02-03,2026-02-03,0,No prazo
4287,10669,2,2026-04-17,2026-04-17,0,No prazo
4288,10670,5,2026-07-15,2026-07-16,1,Atrasada
4289,10671,4,2026-04-05,2026-04-05,0,No prazo
4290,10672,2,2026-08-01,2026-08-03,2,Atrasada
4291,10676,4,2026-06-23,2026-06-23,0,No prazo
4292,10677,3,2026-01-13,2026-01-16,3,Atrasada
4293,10679,5,2026-01-07,2026-01-07,0,No prazo
4294,10688,4,2026-05-15,2026-05-15,0,No prazo
4295,10689,2,2026-01-17,2026-01-19,2,Atrasada
4296,10691,1,2026-04-27,2026-04-28,1,Atrasada
4297,10697,4,2026-02-08,2026-02-08,0,No prazo
4298,10698,2,2026-02-20,2026-02-20,0,No prazo
4299,10701,5,2026-02-15,2026-02-18,3,Atrasada
4300,10706,5,2026-06-23,2026-06-23,0,No prazo
4301,10710,1,2026-02-24,2026-02-24,0,No prazo
4302,10711,3,2026-01-14,2026-01-14,0,No prazo
4303,10712,4,2026-06-22,2026-06-22,0,No prazo
4304,10713,4,2026-05-29,2026-06-01,3,Atrasada
4305,10715,5,2026-02-14,2026-02-19,5,Atrasada
4306,10719,3,2026-03-06,2026-03-06,0,No prazo
4307,10727,4,2026-01-05,2026-01-06,1,Atrasada
4308,10728,4,2026-04-14,2026-04-13,0,No prazo
4309,10734,4,2026-03-12,2026-03-12,0,No prazo
4310,10735,3,2026-03-09,2026-03-11,2,Atrasada
4311,10736,5,2026-03-16,2026-03-16,0,No prazo
4312,10740,3,2026-01-12,2026-01-12,0,No prazo
4313,10742,4,2026-06-02,2026-06-04,2,Atrasada
4314,10744,5,2026-02-16,2026-02-17,1,Atrasada
4315,10748,1,2026-02-04,2026-02-04,0,No prazo
4316,10753,4,2026-04-25,2026-04-25,0,No prazo
4317,10756,4,2026-02-08,2026-02-09,1,Atrasada
4318,10762,1,2026-03-02,2026-03-02,0,No prazo
4319,10765,4,2026-06-03,2026-06-03,0,No prazo
4320,10766,4,2026-03-17,2026-03-17,0,No prazo
4321,10773,5,2026-03-18,2026-03-18,0,No prazo
4322,10778,3,2026-02-05,2026-02-04,0,No prazo
4323,10782,4,2026-03-28,2026-03-28,0,No prazo
4324,10783,4,2026-08-10,2026-08-10,0,No prazo
4325,10785,1,2026-06-20,2026-06-20,0,No prazo
4326,10791,4,2026-02-01,2026-02-01,0,No prazo
4327,10799,2,2026-02-03,2026-02-03,0,No prazo
4328,10802,3,2026-03-22,2026-03-22,0,No prazo
4329,10803,4,2026-01-06,2026-01-07,1,Atrasada
4330,10804,1,2026-04-11,2026-04-11,0,No prazo
4331,10805,3,2026-06-30,2026-07-01,1,Atrasada
4332,10807,1,2026-03-12,2026-03-12,0,No prazo
4333,10811,1,2026-03-03,2026-03-03,0,No prazo
4334,10813,5,2026-04-24,2026-04-24,0,No prazo
4335,10815,4,2026-04-16,2026-04-18,2,Atrasada
4336,10816,2,2026-02-15,2026-02-15,0,No prazo
4337,10819,3,2026-06-19,2026-06-19,0,No prazo
4338,10820,4,2026-02-05,2026-02-05,0,No prazo
4339,10821,5,2026-01-20,2026-01-20,0,No prazo
4340,10822,1,2026-01-30,2026-02-02,3,Atrasada
4341,10827,1,2026-01-04,2026-01-04,0,No prazo
4342,10831,3,2026-04-18,2026-04-19,1,Atrasada
4343,10835,5,2026-04-02,2026-04-02,0,No prazo
4344,10836,3,2026-03-22,2026-03-22,0,No prazo
4345,10839,3,2026-05-30,2026-05-30,0,No prazo
4346,10841,3,2026-01-18,2026-01-18,0,No prazo
4347,10842,1,2026-01-04,2026-01-05,1,Atrasada
4348,10843,3,2026-01-10,2026-01-10,0,No prazo
4349,10844,3,2026-05-08,2026-05-09,1,Atrasada
4350,10846,1,2026-06-15,2026-06-15,0,No prazo
4351,10853,1,2026-02-10,2026-02-09,0,No prazo
4352,10854,1,2026-02-11,2026-02-11,0,No prazo
4353,10855,3,2026-01-08,2026-01-07,0,No prazo
4354,10856,5,2026-05-24,2026-05-23,0,No prazo
4355,10862,4,2026-06-03,2026-06-03,0,No prazo
4356,10863,1,2026-05-21,2026-05-22,1,Atrasada
4357,10864,5,2026-01-28,2026-01-28,0,No prazo
4358,10865,4,2026-01-12,2026-01-12,0,No prazo
4359,10867,4,2026-06-16,2026-06-16,0,No prazo
4360,10869,3,2026-03-09,2026-03-09,0,No prazo
4361,10870,3,2026-01-15,2026-01-15,0,No prazo
4362,10871,4,2026-03-15,2026-03-17,2,Atrasada
4363,10873,4,2026-02-02,2026-02-02,0,No prazo
4364,10874,4,2026-06-27,2026-06-26,0,No prazo
4365,10880,4,2026-01-24,2026-01-24,0,No prazo
4366,10882,3,2026-05-23,2026-05-23,0,No prazo
4367,10883,3,2026-05-25,2026-05-26,1,Atrasada
4368,10884,5,2026-01-15,2026-01-20,5,Atrasada
4369,10886,5,2026-07-28,2026-07-28,0,No prazo
4370,10888,1,2026-02-18,2026-02-18,0,No prazo
4371,10891,1,2026-01-15,2026-01-15,0,No prazo
4372,10899,5,2026-05-28,2026-05-28,0,No prazo
4373,10902,4,2026-01-07,2026-01-08,1,Atrasada
4374,10903,3,2026-01-23,2026-01-25,2,Atrasada
4375,10905,3,2026-03-29,2026-03-29,0,No prazo
4376,10907,4,2026-07-27,2026-07-27,0,No prazo
4377,10908,4,2026-03-23,2026-03-23,0,No prazo
4378,10909,1,2026-01-09,2026-01-09,0,No prazo
4379,10912,5,2026-07-21,2026-07-21,0,No prazo
4380,10915,2,2026-07-03,2026-07-03,0,No prazo
4381,10916,1,2026-02-03,2026-02-03,0,No prazo
4382,10919,5,2026-05-22,2026-05-24,2,Atrasada
4383,10924,5,2026-05-27,2026-05-27,0,No prazo
4384,10925,4,2026-07-17,2026-07-18,1,Atrasada
4385,10931,5,2026-03-22,2026-03-21,0,No prazo
4386,10934,3,2026-08-03,2026-08-08,5,Atrasada
4387,10935,3,2026-03-13,2026-03-13,0,No prazo
4388,10936,1,2026-03-10,2026-03-10,0,No prazo
4389,10942,4,2026-02-09,2026-02-11,2,Atrasada
4390,10944,4,2026-04-23,2026-04-23,0,No prazo
4391,10948,2,2026-05-21,2026-05-21,0,No prazo
4392,10949,3,2026-03-18,2026-03-21,3,Atrasada
4393,10950,3,2026-07-15,2026-07-16,1,Atrasada
4394,10951,4,2026-04-28,2026-04-28,0,No prazo
4395,10953,1,2026-01-10,2026-01-15,5,Atrasada
4396,10954,3,2026-02-08,2026-02-08,0,No prazo
4397,10958,4,2026-06-24,2026-06-25,1,Atrasada
4398,10960,3,2026-05-14,2026-05-14,0,No prazo
4399,10962,5,2026-01-26,2026-01-25,0,No prazo
4400,10964,5,2026-05-02,2026-05-02,0,No prazo
4401,10968,3,2026-03-15,2026-03-15,0,No prazo
4402,10969,4,2026-03-23,2026-03-23,0,No prazo
4403,10972,5,2026-08-05,2026-08-05,0,No prazo
4404,10978,1,2026-02-04,2026-02-05,1,Atrasada
4405,10979,1,2026-05-20,2026-05-20,0,No prazo
4406,10981,3,2026-05-22,2026-05-22,0,No prazo
4407,10982,4,2026-04-10,2026-04-10,0,No prazo
4408,10983,3,2026-03-06,2026-03-06,0,No prazo
4409,10985,4,2026-02-19,2026-02-18,0,No prazo
4410,10988,2,2026-05-30,2026-05-31,1,Atrasada
4411,10990,3,2026-03-05,2026-03-05,0,No prazo
4412,10991,3,2026-07-09,2026-07-12,3,Atrasada
4413,10992,4,2026-07-22,2026-07-22,0,No prazo
4414,10993,1,2026-07-25,2026-07-28,3,Atrasada
4415,10994,1,2026-03-12,2026-03-12,0,No prazo
4416,10996,5,2026-02-14,2026-02-15,1,Atrasada
4417,11000,1,2026-07-01,2026-07-01,0,No prazo
4418,11001,3,2026-06-11,2026-06-11,0,No prazo
4419,11007,3,2026-07-06,2026-07-06,0,No prazo
4420,11008,2,2026-03-21,2026-03-23,2,Atrasada
4421,11012,1,2026-06-18,2026-06-20,2,Atrasada
4422,11013,5,2026-04-13,2026-04-13,0,No prazo
4423,11014,5,2026-03-09,2026-03-09,0,No prazo
4424,11019,4,2026-06-16,2026-06-16,0,No prazo
4425,11021,3,2026-01-24,2026-01-25,1,Atrasada
4426,11022,1,2026-08-01,2026-08-01,0,No prazo
4427,11027,1,2026-04-07,2026-04-07,0,No prazo
4428,11030,3,2026-05-03,2026-05-03,0,No prazo
4429,11032,5,2026-03-07,2026-03-10,3,Atrasada
4430,11035,4,2026-06-09,2026-06-09,0,No prazo
4431,11038,5,2026-05-29,2026-06-03,5,Atrasada
4432,11039,4,2026-01-31,2026-01-31,0,No prazo
4433,11045,1,2026-03-16,2026-03-16,0,No prazo
4434,11048,2,2026-02-11,2026-02-11,0,No prazo
4435,11049,4,2026-02-23,2026-02-23,0,No prazo
4436,11051,1,2026-03-07,2026-03-07,0,No prazo
4437,11052,2,2026-07-14,2026-07-14,0,No prazo
4438,11056,1,2026-03-17,2026-03-16,0,No prazo
4439,11057,5,2026-03-19,2026-03-21,2,Atrasada
4440,11058,4,2026-05-30,2026-05-30,0,No prazo
4441,11061,4,2026-03-01,2026-03-02,1,Atrasada
4442,11063,1,2026-03-02,2026-03-02,0,No prazo
4443,11064,5,2026-03-23,2026-03-23,0,No prazo
4444,11067,1,2026-03-03,2026-03-03,0,No prazo
4445,11068,1,2026-02-11,2026-02-11,0,No prazo
4446,11071,3,2026-06-18,2026-06-18,0,No prazo
4447,11072,3,2026-02-27,2026-02-27,0,No prazo
4448,11073,2,2026-05-19,2026-05-22,3,Atrasada
4449,11075,4,2026-07-14,2026-07-14,0,No prazo
4450,11076,3,2026-02-05,2026-02-05,0,No prazo
4451,11077,5,2026-06-13,2026-06-12,0,No prazo
4452,11079,5,2026-05-07,2026-05-09,2,Atrasada
4453,11080,4,2026-07-14,2026-07-14,0,No prazo
4454,11083,2,2026-06-29,2026-06-29,0,No prazo
4455,11087,4,2026-03-21,2026-03-21,0,No prazo
4456,11090,3,2026-03-15,2026-03-17,2,Atrasada
4457,11093,4,2026-01-25,2026-01-25,0,No prazo
4458,11097,4,2026-02-22,2026-02-23,1,Atrasada
4459,11098,4,2026-07-10,2026-07-10,0,No prazo
4460,11100,4,2026-06-18,2026-06-20,2,Atrasada
4461,11101,4,2026-04-17,2026-04-17,0,No prazo
4462,11104,3,2026-03-29,2026-03-29,0,No prazo
4463,11106,3,2026-03-15,2026-03-16,1,Atrasada
4464,11107,4,2026-07-31,2026-07-30,0,No prazo
4465,11118,5,2026-04-19,2026-04-19,0,No prazo
4466,11120,4,2026-05-19,2026-05-21,2,Atrasada
4467,11122,4,2026-04-07,2026-04-07,0,No prazo
4468,11124,4,2026-06-27,2026-06-27,0,No prazo
4469,11125,5,2026-03-03,2026-03-08,5,Atrasada
4470,11128,2,2026-01-04,2026-01-05,1,Atrasada
4471,11130,1,2026-05-08,2026-05-11,3,Atrasada
4472,11132,1,2026-05-23,2026-05-23,0,No prazo
4473,11133,3,2026-06-02,2026-06-01,0,No prazo
4474,11135,3,2026-01-11,2026-01-11,0,No prazo
4475,11141,2,2026-08-07,2026-08-07,0,No prazo
4476,11143,5,2026-04-02,2026-04-02,0,No prazo
4477,11144,3,2026-01-16,2026-01-16,0,No prazo
4478,11147,3,2026-04-12,2026-04-12,0,No prazo
4479,11148,1,2026-07-23,2026-07-23,0,No prazo
4480,11149,5,2026-04-30,2026-04-30,0,No prazo
4481,11150,1,2026-05-02,2026-05-01,0,No prazo
4482,11151,1,2026-04-07,2026-04-07,0,No prazo
4483,11153,1,2026-01-16,2026-01-16,0,No prazo
4484,11154,1,2026-01-14,2026-01-14,0,No prazo
4485,11161,3,2026-05-15,2026-05-15,0,No prazo
4486,11164,4,2026-06-09,2026-06-14,5,Atrasada
4487,11166,3,2026-03-07,2026-03-07,0,No prazo
4488,11168,1,2026-05-27,2026-05-26,0,No prazo
4489,11176,5,2026-07-04,2026-07-04,0,No prazo
4490,11177,3,2026-08-04,2026-08-04,0,No prazo
4491,11179,3,2026-08-06,2026-08-06,0,No prazo
4492,11181,5,2026-05-23,2026-05-23,0,No prazo
4493,11188,4,2026-05-17,2026-05-17,0,No prazo
4494,11189,1,2026-07-25,2026-07-25,0,No prazo
4495,11190,4,2026-01-05,2026-01-05,0,No prazo
4496,11192,3,2026-05-16,2026-05-16,0,No prazo
4497,11193,3,2026-03-19,2026-03-19,0,No prazo
4498,11194,3,2026-06-13,2026-06-12,0,No prazo
4499,11199,3,2026-05-23,2026-05-23,0,No prazo
4500,11202,1,2026-04-05,2026-04-05,0,No prazo
4501,11203,3,2026-06-11,2026-06-13,2,Atrasada
4502,11204,3,2026-02-11,2026-02-11,0,No prazo
4503,11207,3,2026-02-05,2026-02-05,0,No prazo
4504,11209,4,2026-07-10,2026-07-11,1,Atrasada
4505,11210,5,2026-01-26,2026-01-26,0,No prazo
4506,11213,3,2026-04-24,2026-04-24,0,No prazo
4507,11214,3,2026-02-28,2026-02-28,0,No prazo
4508,11215,4,2026-01-25,2026-01-25,0,No prazo
4509,11216,3,2026-06-08,2026-06-08,0,No prazo
4510,11217,4,2026-04-21,2026-04-21,0,No prazo
4511,11223,1,2026-01-31,2026-01-31,0,No prazo
4512,11224,3,2026-06-27,2026-06-27,0,No prazo
4513,11225,4,2026-05-20,2026-05-20,0,No prazo
4514,11228,3,2026-03-26,2026-03-26,0,No prazo
4515,11230,4,2026-05-19,2026-05-21,2,Atrasada
4516,11231,4,2026-07-02,2026-07-03,1,Atrasada
4517,11236,2,2026-01-20,2026-01-20,0,No prazo
4518,11239,5,2026-03-04,2026-03-04,0,No prazo
4519,11243,4,2026-02-01,2026-02-01,0,No prazo
4520,11244,3,2026-04-09,2026-04-09,0,No prazo
4521,11251,5,2026-08-02,2026-08-02,0,No prazo
4522,11252,3,2026-02-17,2026-02-17,0,No prazo
4523,11254,2,2026-07-21,2026-07-22,1,Atrasada
4524,11256,3,2026-06-27,2026-06-28,1,Atrasada
4525,11258,1,2026-02-02,2026-02-02,0,No prazo
4526,11260,1,2026-06-17,2026-06-17,0,No prazo
4527,11263,4,2026-04-27,2026-04-27,0,No prazo
4528,11264,4,2026-01-07,2026-01-07,0,No prazo
4529,11266,3,2026-04-28,2026-04-28,0,No prazo
4530,11267,4,2026-01-29,2026-02-01,3,Atrasada
4531,11270,5,2026-02-17,2026-02-17,0,No prazo
4532,11273,1,2026-07-30,2026-07-30,0,No prazo
4533,11275,3,2026-05-15,2026-05-15,0,No prazo
4534,11277,4,2026-03-20,2026-03-20,0,No prazo
4535,11283,3,2026-05-11,2026-05-11,0,No prazo
4536,11286,2,2026-03-22,2026-03-22,0,No prazo
4537,11288,4,2026-05-02,2026-05-02,0,No prazo
4538,11289,4,2026-02-23,2026-02-24,1,Atrasada
4539,11290,4,2026-04-26,2026-04-26,0,No prazo
4540,11291,3,2026-05-20,2026-05-20,0,No prazo
4541,11292,5,2026-07-20,2026-07-20,0,No prazo
4542,11294,3,2026-02-07,2026-02-09,2,Atrasada
4543,11298,1,2026-06-16,2026-06-16,0,No prazo
4544,11300,5,2026-03-26,2026-03-26,0,No prazo
4545,11301,4,2026-07-05,2026-07-05,0,No prazo
4546,11305,1,2026-07-12,2026-07-12,0,No prazo
4547,11306,3,2026-02-09,2026-02-09,0,No prazo
4548,11308,4,2026-05-10,2026-05-10,0,No prazo
4549,11312,2,2026-01-06,2026-01-06,0,No prazo
4550,11314,2,2026-01-17,2026-01-17,0,No prazo
4551,11316,4,2026-02-15,2026-02-15,0,No prazo
4552,11317,5,2026-08-01,2026-08-01,0,No prazo
4553,11319,4,2026-01-25,2026-01-25,0,No prazo
4554,11321,4,2026-02-27,2026-02-27,0,No prazo
4555,11327,3,2026-05-01,2026-05-01,0,No prazo
4556,11328,5,2026-07-10,2026-07-10,0,No prazo
4557,11332,4,2026-03-08,2026-03-08,0,No prazo
4558,11334,1,2026-01-29,2026-02-01,3,Atrasada
4559,11336,2,2026-07-19,2026-07-19,0,No prazo
4560,11338,1,2026-07-10,2026-07-10,0,No prazo
4561,11342,2,2026-07-03,2026-07-03,0,No prazo
4562,11343,2,2026-01-13,2026-01-13,0,No prazo
4563,11347,3,2026-08-03,2026-08-03,0,No prazo
4564,11353,3,2026-06-29,2026-06-29,0,No prazo
4565,11356,4,2026-07-06,2026-07-07,1,Atrasada
4566,11360,2,2026-05-17,2026-05-17,0,No prazo
4567,11362,3,2026-06-22,2026-06-22,0,No prazo
4568,11366,4,2026-08-06,2026-08-06,0,No prazo
4569,11370,5,2026-01-25,2026-01-26,1,Atrasada
4570,11375,5,2026-02-22,2026-02-22,0,No prazo
4571,11377,3,2026-02-01,2026-02-01,0,No prazo
4572,11378,3,2026-01-24,2026-01-24,0,No prazo
4573,11379,3,2026-08-06,2026-08-06,0,No prazo
4574,11386,3,2026-01-18,2026-01-17,0,No prazo
4575,11387,3,2026-05-29,2026-05-29,0,No prazo
4576,11389,1,2026-08-09,2026-08-12,3,Atrasada
4577,11390,4,2026-06-28,2026-06-30,2,Atrasada
4578,11394,1,2026-05-27,2026-05-27,0,No prazo
4579,11396,1,2026-03-14,2026-03-16,2,Atrasada
4580,11397,5,2026-04-02,2026-04-02,0,No prazo
4581,11400,4,2026-03-08,2026-03-08,0,No prazo
4582,11401,3,2026-02-06,2026-02-06,0,No prazo
4583,11403,4,2026-05-13,2026-05-14,1,Atrasada
4584,11404,3,2026-07-16,2026-07-16,0,No prazo
4585,11406,5,2026-06-01,2026-05-31,0,No prazo
4586,11407,3,2026-06-20,2026-06-20,0,No prazo
4587,11409,4,2026-06-17,2026-06-17,0,No prazo
4588,11410,4,2026-02-07,2026-02-07,0,No prazo
4589,11415,5,2026-08-01,2026-08-06,5,Atrasada
4590,11417,4,2026-01-17,2026-01-17,0,No prazo
4591,11419,1,2026-02-07,2026-02-07,0,No prazo
4592,11421,5,2026-02-25,2026-02-25,0,No prazo
4593,11425,4,2026-07-11,2026-07-11,0,No prazo
4594,11429,5,2026-03-22,2026-03-22,0,No prazo
4595,11431,4,2026-04-23,2026-04-28,5,Atrasada
4596,11433,4,2026-01-02,2026-01-04,2,Atrasada
4597,11437,3,2026-04-04,2026-04-04,0,No prazo
4598,11439,1,2026-01-14,2026-01-14,0,No prazo
4599,11444,4,2026-03-28,2026-03-28,0,No prazo
4600,11445,1,2026-03-09,2026-03-08,0,No prazo
4601,11449,1,2026-02-15,2026-02-15,0,No prazo
4602,11451,5,2026-03-14,2026-03-16,2,Atrasada
4603,11452,4,2026-05-16,2026-05-17,1,Atrasada
4604,11454,5,2026-02-03,2026-02-03,0,No prazo
4605,11457,1,2026-04-06,2026-04-06,0,No prazo
4606,11459,2,2026-01-05,2026-01-05,0,No prazo
4607,11465,2,2026-03-20,2026-03-20,0,No prazo
4608,11466,5,2026-06-14,2026-06-14,0,No prazo
4609,11467,5,2026-03-18,2026-03-19,1,Atrasada
4610,11468,4,2026-07-26,2026-07-26,0,No prazo
4611,11473,3,2026-07-30,2026-07-30,0,No prazo
4612,11475,3,2026-07-06,2026-07-06,0,No prazo
4613,11481,3,2026-07-01,2026-07-01,0,No prazo
4614,11483,5,2026-02-06,2026-02-06,0,No prazo
4615,11489,5,2026-03-14,2026-03-14,0,No prazo
4616,11491,3,2026-03-24,2026-03-24,0,No prazo
4617,11492,5,2026-01-11,2026-01-12,1,Atrasada
4618,11496,5,2026-05-02,2026-05-02,0,No prazo
4619,11498,2,2026-06-12,2026-06-12,0,No prazo
4620,11503,1,2026-07-10,2026-07-10,0,No prazo
4621,11504,3,2026-08-10,2026-08-10,0,No prazo
4622,11505,4,2026-02-13,2026-02-16,3,Atrasada
4623,11506,2,2026-04-14,2026-04-14,0,No prazo
4624,11507,4,2026-01-31,2026-01-31,0,No prazo
4625,11508,4,2026-07-12,2026-07-12,0,No prazo
4626,11510,1,2026-02-24,2026-02-24,0,No prazo
4627,11513,4,2026-07-01,2026-07-01,0,No prazo
4628,11519,3,2026-08-11,2026-08-11,0,No prazo
4629,11522,3,2026-07-03,2026-07-03,0,No prazo
4630,11523,1,2026-01-27,2026-01-27,0,No prazo
4631,11525,3,2026-03-17,2026-03-17,0,No prazo
4632,11527,3,2026-02-08,2026-02-13,5,Atrasada
4633,11536,4,2026-07-21,2026-07-21,0,No prazo
4634,11538,5,2026-05-28,2026-05-28,0,No prazo
4635,11542,1,2026-04-03,2026-04-03,0,No prazo
4636,11548,1,2026-05-07,2026-05-10,3,Atrasada
4637,11549,5,2026-05-18,2026-05-19,1,Atrasada
4638,11551,4,2026-03-19,2026-03-19,0,No prazo
4639,11552,3,2026-06-12,2026-06-14,2,Atrasada
4640,11554,3,2026-06-07,2026-06-07,0,No prazo
4641,11555,3,2026-06-21,2026-06-21,0,No prazo
4642,11558,3,2026-01-16,2026-01-16,0,No prazo
4643,11559,3,2026-03-18,2026-03-19,1,Atrasada
4644,11567,3,2026-04-25,2026-04-25,0,No prazo
4645,11569,3,2026-04-21,2026-04-23,2,Atrasada
4646,11571,3,2026-05-15,2026-05-18,3,Atrasada
4647,11574,3,2026-03-10,2026-03-10,0,No prazo
4648,11577,3,2026-03-17,2026-03-17,0,No prazo
4649,11580,3,2026-04-03,2026-04-03,0,No prazo
4650,11582,3,2026-06-06,2026-06-06,0,No prazo
4651,11583,5,2026-03-11,2026-03-14,3,Atrasada
4652,11584,4,2026-07-07,2026-07-08,1,Atrasada
4653,11585,5,2026-04-19,2026-04-19,0,No prazo
4654,11586,3,2026-06-10,2026-06-10,0,No prazo
4655,11588,4,2026-02-09,2026-02-09,0,No prazo
4656,11593,4,2026-04-18,2026-04-19,1,Atrasada
4657,11599,2,2026-04-26,2026-04-26,0,No prazo
4658,11605,3,2026-07-04,2026-07-04,0,No prazo
4659,11606,1,2026-03-16,2026-03-16,0,No prazo
4660,11607,3,2026-03-16,2026-03-16,0,No prazo
4661,11609,5,2026-05-19,2026-05-21,2,Atrasada
4662,11611,5,2026-02-23,2026-02-26,3,Atrasada
4663,11612,4,2026-01-23,2026-01-23,0,No prazo
4664,11615,4,2026-07-18,2026-07-21,3,Atrasada
4665,11616,5,2026-04-25,2026-04-25,0,No prazo
4666,11622,5,2026-03-27,2026-03-27,0,No prazo
4667,11624,1,2026-03-18,2026-03-18,0,No prazo
4668,11629,1,2026-02-06,2026-02-06,0,No prazo
4669,11636,3,2026-02-21,2026-02-21,0,No prazo
4670,11645,3,2026-01-25,2026-01-26,1,Atrasada
4671,11652,3,2026-07-02,2026-07-02,0,No prazo
4672,11655,3,2026-05-27,2026-05-27,0,No prazo
4673,11659,3,2026-07-27,2026-07-27,0,No prazo
4674,11661,3,2026-04-15,2026-04-15,0,No prazo
4675,11662,4,2026-05-16,2026-05-17,1,Atrasada
4676,11667,1,2026-06-03,2026-06-03,0,No prazo
4677,11669,2,2026-08-09,2026-08-11,2,Atrasada
4678,11675,2,2026-04-17,2026-04-20,3,Atrasada
4679,11678,4,2026-01-30,2026-01-30,0,No prazo
4680,11680,5,2026-02-15,2026-02-15,0,No prazo
4681,11682,3,2026-05-24,2026-05-24,0,No prazo
4682,11683,4,2026-05-04,2026-05-04,0,No prazo
4683,11686,3,2026-01-29,2026-01-30,1,Atrasada
4684,11687,1,2026-04-17,2026-04-17,0,No prazo
4685,11694,4,2026-05-15,2026-05-15,0,No prazo
4686,11698,3,2026-06-07,2026-06-08,1,Atrasada
4687,11702,4,2026-03-11,2026-03-14,3,Atrasada
4688,11703,4,2026-02-19,2026-02-19,0,No prazo
4689,11711,1,2026-03-27,2026-03-28,1,Atrasada
4690,11713,3,2026-03-30,2026-04-01,2,Atrasada
4691,11716,2,2026-02-05,2026-02-05,0,No prazo
4692,11718,3,2026-07-06,2026-07-06,0,No prazo
4693,11720,1,2026-01-21,2026-01-21,0,No prazo
4694,11725,3,2026-03-13,2026-03-13,0,No prazo
4695,11727,3,2026-04-29,2026-05-04,5,Atrasada
4696,11728,5,2026-07-08,2026-07-09,1,Atrasada
4697,11729,4,2026-04-30,2026-05-01,1,Atrasada
4698,11732,3,2026-06-22,2026-06-22,0,No prazo
4699,11734,3,2026-01-28,2026-01-28,0,No prazo
4700,11735,5,2026-02-02,2026-02-02,0,No prazo
4701,11741,4,2026-02-18,2026-02-18,0,No prazo
4702,11743,4,2026-05-02,2026-05-02,0,No prazo
4703,11744,5,2026-01-09,2026-01-09,0,No prazo
4704,11752,4,2026-07-14,2026-07-14,0,No prazo
4705,11753,4,2026-05-05,2026-05-05,0,No prazo
4706,11754,1,2026-05-23,2026-05-25,2,Atrasada
4707,11759,2,2026-06-21,2026-06-21,0,No prazo
4708,11762,2,2026-08-02,2026-08-01,0,No prazo
4709,11763,1,2026-05-07,2026-05-08,1,Atrasada
4710,11765,3,2026-05-04,2026-05-04,0,No prazo
4711,11767,3,2026-05-05,2026-05-05,0,No prazo
4712,11769,5,2026-05-21,2026-05-21,0,No prazo
4713,11770,3,2026-03-03,2026-03-03,0,No prazo
4714,11771,3,2026-05-05,2026-05-05,0,No prazo
4715,11772,5,2026-05-14,2026-05-14,0,No prazo
4716,11774,2,2026-06-28,2026-06-28,0,No prazo
4717,11776,3,2026-06-23,2026-06-22,0,No prazo
4718,11777,5,2026-06-28,2026-06-30,2,Atrasada
4719,11779,4,2026-02-24,2026-02-24,0,No prazo
4720,11783,4,2026-06-05,2026-06-05,0,No prazo
4721,11784,5,2026-01-04,2026-01-04,0,No prazo
4722,11785,3,2026-02-02,2026-02-02,0,No prazo
4723,11792,5,2026-02-09,2026-02-10,1,Atrasada
4724,11793,3,2026-04-24,2026-04-23,0,No prazo
4725,11794,3,2026-07-02,2026-07-03,1,Atrasada
4726,11795,2,2026-06-11,2026-06-11,0,No prazo
4727,11800,4,2026-01-13,2026-01-13,0,No prazo
4728,11801,3,2026-01-27,2026-01-28,1,Atrasada
4729,11805,1,2026-07-08,2026-07-08,0,No prazo
4730,11808,3,2026-02-25,2026-02-25,0,No prazo
4731,11809,3,2026-01-23,2026-01-23,0,No prazo
4732,11812,3,2026-05-05,2026-05-05,0,No prazo
4733,11813,2,2026-01-07,2026-01-07,0,No prazo
4734,11814,3,2026-02-23,2026-02-26,3,Atrasada
4735,11816,3,2026-03-30,2026-03-30,0,No prazo
4736,11817,5,2026-05-21,2026-05-21,0,No prazo
4737,11818,3,2026-05-28,2026-05-28,0,No prazo
4738,11821,5,2026-02-23,2026-02-23,0,No prazo
4739,11823,3,2026-05-21,2026-05-21,0,No prazo
4740,11828,1,2026-06-30,2026-07-02,2,Atrasada
4741,11829,1,2026-07-18,2026-07-18,0,No prazo
4742,11833,4,2026-02-07,2026-02-07,0,No prazo
4743,11834,2,2026-01-15,2026-01-17,2,Atrasada
4744,11837,4,2026-04-28,2026-04-28,0,No prazo
4745,11839,1,2026-06-20,2026-06-25,5,Atrasada
4746,11840,2,2026-05-27,2026-05-27,0,No prazo
4747,11841,4,2026-07-22,2026-07-22,0,No prazo
4748,11842,2,2026-03-19,2026-03-20,1,Atrasada
4749,11844,4,2026-04-12,2026-04-13,1,Atrasada
4750,11845,5,2026-04-25,2026-04-27,2,Atrasada
4751,11846,5,2026-04-12,2026-04-14,2,Atrasada
4752,11849,3,2026-04-28,2026-04-28,0,No prazo
4753,11851,4,2026-02-19,2026-02-20,1,Atrasada
4754,11853,3,2026-06-28,2026-06-30,2,Atrasada
4755,11855,4,2026-01-20,2026-01-20,0,No prazo
4756,11861,5,2026-07-12,2026-07-17,5,Atrasada
4757,11863,3,2026-01-21,2026-01-24,3,Atrasada
4758,11864,5,2026-02-07,2026-02-07,0,No prazo
4759,11867,3,2026-02-05,2026-02-05,0,No prazo
4760,11869,5,2026-08-03,2026-08-06,3,Atrasada
4761,11873,1,2026-01-18,2026-01-18,0,No prazo
4762,11880,1,2026-06-28,2026-07-01,3,Atrasada
4763,11882,5,2026-03-28,2026-03-28,0,No prazo
4764,11885,4,2026-06-13,2026-06-18,5,Atrasada
4765,11888,1,2026-08-08,2026-08-08,0,No prazo
4766,11889,5,2026-02-10,2026-02-10,0,No prazo
4767,11891,1,2026-06-02,2026-06-02,0,No prazo
4768,11893,1,2026-06-02,2026-06-02,0,No prazo
4769,11894,4,2026-06-19,2026-06-19,0,No prazo
4770,11896,2,2026-03-20,2026-03-20,0,No prazo
4771,11897,4,2026-07-04,2026-07-04,0,No prazo
4772,11898,1,2026-02-07,2026-02-07,0,No prazo
4773,11899,1,2026-01-06,2026-01-08,2,Atrasada
4774,11900,2,2026-05-29,2026-05-29,0,No prazo
4775,11901,3,2026-07-20,2026-07-21,1,Atrasada
4776,11905,3,2026-02-26,2026-02-26,0,No prazo
4777,11910,2,2026-05-29,2026-06-01,3,Atrasada
4778,11913,5,2026-05-07,2026-05-12,5,Atrasada
4779,11914,5,2026-01-12,2026-01-14,2,Atrasada
4780,11916,1,2026-03-28,2026-03-30,2,Atrasada
4781,11918,1,2026-07-30,2026-08-04,5,Atrasada
4782,11920,1,2026-04-20,2026-04-20,0,No prazo
4783,11922,4,2026-01-27,2026-01-27,0,No prazo
4784,11924,4,2026-06-02,2026-06-02,0,No prazo
4785,11925,3,2026-06-03,2026-06-03,0,No prazo
4786,11929,1,2026-08-07,2026-08-07,0,No prazo
4787,11933,1,2026-06-19,2026-06-21,2,Atrasada
4788,11934,3,2026-05-11,2026-05-11,0,No prazo
4789,11936,1,2026-07-02,2026-07-02,0,No prazo
4790,11938,3,2026-07-11,2026-07-11,0,No prazo
4791,11941,3,2026-04-25,2026-04-25,0,No prazo
4792,11942,2,2026-04-13,2026-04-13,0,No prazo
4793,11944,3,2026-01-29,2026-01-29,0,No prazo
4794,11946,4,2026-05-07,2026-05-07,0,No prazo
4795,11947,5,2026-05-04,2026-05-03,0,No prazo
4796,11948,2,2026-02-07,2026-02-07,0,No prazo
4797,11956,4,2026-07-10,2026-07-15,5,Atrasada
4798,11959,4,2026-01-25,2026-01-30,5,Atrasada
4799,11961,4,2026-03-28,2026-03-29,1,Atrasada
4800,11962,2,2026-06-19,2026-06-19,0,No prazo
4801,11964,2,2026-06-07,2026-06-07,0,No prazo
4802,11966,2,2026-01-05,2026-01-05,0,No prazo
4803,11969,1,2026-04-30,2026-04-30,0,No prazo
4804,11973,5,2026-08-07,2026-08-07,0,No prazo
4805,11974,3,2026-02-06,2026-02-06,0,No prazo
4806,11975,1,2026-04-10,2026-04-10,0,No prazo
4807,11977,4,2026-04-27,2026-04-27,0,No prazo
4808,11978,5,2026-06-16,2026-06-16,0,No prazo
4809,11980,3,2026-07-29,2026-07-29,0,No prazo
4810,11982,1,2026-08-06,2026-08-07,1,Atrasada
4811,11984,1,2026-07-18,2026-07-18,0,No prazo
4812,11986,1,2026-02-01,2026-02-01,0,No prazo
4813,11989,5,2026-02-01,2026-02-01,0,No prazo
4814,11995,3,2026-06-11,2026-06-13,2,Atrasada
4815,11996,2,2026-01-27,2026-01-27,0,No prazo
4816,12011,4,2026-03-24,2026-03-24,0,No prazo
4817,12012,4,2026-07-15,2026-07-16,1,Atrasada
4818,12015,4,2026-02-11,2026-02-11,0,No prazo
4819,12020,5,2026-04-07,2026-04-07,0,No prazo
4820,12021,1,2026-04-02,2026-04-02,0,No prazo
4821,12024,1,2026-01-05,2026-01-07,2,Atrasada
4822,12025,1,2026-06-17,2026-06-17,0,No prazo
4823,12028,5,2026-08-11,2026-08-11,0,No prazo
4824,12030,1,2026-04-30,2026-05-05,5,Atrasada
4825,12031,2,2026-04-16,2026-04-16,0,No prazo
4826,12033,3,2026-07-02,2026-07-01,0,No prazo
4827,12034,4,2026-03-29,2026-03-29,0,No prazo
4828,12035,4,2026-05-09,2026-05-09,0,No prazo
4829,12036,4,2026-01-24,2026-01-24,0,No prazo
4830,12037,4,2026-03-13,2026-03-16,3,Atrasada
4831,12038,4,2026-03-02,2026-03-02,0,No prazo
4832,12039,2,2026-04-08,2026-04-09,1,Atrasada
4833,12043,2,2026-02-05,2026-02-07,2,Atrasada
4834,12045,3,2026-01-14,2026-01-14,0,No prazo
4835,12050,4,2026-01-10,2026-01-10,0,No prazo
4836,12051,1,2026-03-23,2026-03-23,0,No prazo
4837,12053,4,2026-07-26,2026-07-27,1,Atrasada
4838,12054,5,2026-02-01,2026-02-01,0,No prazo
4839,12055,4,2026-05-27,2026-05-27,0,No prazo
4840,12059,1,2026-01-25,2026-01-25,0,No prazo
4841,12061,4,2026-06-15,2026-06-14,0,No prazo
4842,12064,4,2026-04-01,2026-04-03,2,Atrasada
4843,12065,4,2026-03-06,2026-03-09,3,Atrasada
4844,12066,1,2026-02-04,2026-02-05,1,Atrasada
4845,12067,3,2026-07-24,2026-07-29,5,Atrasada
4846,12069,3,2026-07-04,2026-07-04,0,No prazo
4847,12070,5,2026-03-17,2026-03-19,2,Atrasada
4848,12072,2,2026-07-13,2026-07-12,0,No prazo
4849,12073,3,2026-03-12,2026-03-12,0,No prazo
4850,12075,3,2026-06-25,2026-06-27,2,Atrasada
4851,12078,1,2026-03-06,2026-03-09,3,Atrasada
4852,12079,1,2026-05-12,2026-05-12,0,No prazo
4853,12080,1,2026-02-03,2026-02-03,0,No prazo
4854,12082,4,2026-07-24,2026-07-29,5,Atrasada
4855,12085,2,2026-04-05,2026-04-05,0,No prazo
4856,12086,2,2026-01-06,2026-01-06,0,No prazo
4857,12087,1,2026-01-09,2026-01-09,0,No prazo
4858,12089,5,2026-01-24,2026-01-24,0,No prazo
4859,12093,1,2026-06-06,2026-06-06,0,No prazo
4860,12094,3,2026-05-21,2026-05-21,0,No prazo
4861,12095,1,2026-05-25,2026-05-25,0,No prazo
4862,12096,2,2026-03-21,2026-03-21,0,No prazo
4863,12098,4,2026-01-19,2026-01-19,0,No prazo
4864,12100,5,2026-07-09,2026-07-09,0,No prazo
4865,12102,4,2026-02-14,2026-02-14,0,No prazo
4866,12103,4,2026-02-09,2026-02-09,0,No prazo
4867,12106,4,2026-05-08,2026-05-13,5,Atrasada
4868,12108,3,2026-01-22,2026-01-22,0,No prazo
4869,12111,1,2026-06-02,2026-06-01,0,No prazo
4870,12112,2,2026-06-27,2026-06-26,0,No prazo
4871,12115,3,2026-01-27,2026-01-27,0,No prazo
4872,12117,4,2026-07-10,2026-07-11,1,Atrasada
4873,12118,5,2026-03-19,2026-03-19,0,No prazo
4874,12122,2,2026-01-16,2026-01-16,0,No prazo
4875,12132,2,2026-03-25,2026-03-25,0,No prazo
4876,12134,2,2026-01-16,2026-01-17,1,Atrasada
4877,12135,4,2026-01-15,2026-01-15,0,No prazo
4878,12136,4,2026-05-01,2026-05-04,3,Atrasada
4879,12137,5,2026-01-07,2026-01-08,1,Atrasada
4880,12139,2,2026-03-29,2026-03-29,0,No prazo
4881,12141,4,2026-04-29,2026-04-30,1,Atrasada
4882,12142,1,2026-05-04,2026-05-04,0,No prazo
4883,12144,4,2026-02-16,2026-02-16,0,No prazo
4884,12147,2,2026-03-04,2026-03-04,0,No prazo
4885,12148,1,2026-07-05,2026-07-05,0,No prazo
4886,12149,4,2026-06-10,2026-06-10,0,No prazo
4887,12153,2,2026-02-24,2026-02-24,0,No prazo
4888,12155,4,2026-01-02,2026-01-02,0,No prazo
4889,12158,1,2026-03-25,2026-03-24,0,No prazo
4890,12164,3,2026-03-27,2026-03-26,0,No prazo
4891,12166,1,2026-03-01,2026-03-01,0,No prazo
4892,12167,3,2026-02-16,2026-02-18,2,Atrasada
4893,12168,3,2026-08-01,2026-08-04,3,Atrasada
4894,12170,2,2026-04-02,2026-04-02,0,No prazo
4895,12171,2,2026-01-20,2026-01-20,0,No prazo
4896,12177,1,2026-04-29,2026-04-30,1,Atrasada
4897,12182,5,2026-01-16,2026-01-17,1,Atrasada
4898,12185,4,2026-01-31,2026-02-03,3,Atrasada
4899,12188,2,2026-03-19,2026-03-19,0,No prazo
4900,12189,4,2026-08-09,2026-08-09,0,No prazo
4901,12190,4,2026-01-17,2026-01-17,0,No prazo
4902,12194,5,2026-02-26,2026-02-26,0,No prazo
4903,12195,3,2026-08-03,2026-08-03,0,No prazo
4904,12197,4,2026-07-31,2026-07-31,0,No prazo
4905,12203,3,2026-03-18,2026-03-21,3,Atrasada
4906,12210,5,2026-03-15,2026-03-14,0,No prazo
4907,12211,4,2026-07-05,2026-07-06,1,Atrasada
4908,12212,1,2026-02-26,2026-03-03,5,Atrasada
4909,12215,3,2026-05-27,2026-05-27,0,No prazo
4910,12216,3,2026-02-12,2026-02-12,0,No prazo
4911,12217,5,2026-07-11,2026-07-11,0,No prazo
4912,12219,1,2026-02-08,2026-02-09,1,Atrasada
4913,12221,4,2026-06-05,2026-06-05,0,No prazo
4914,12222,4,2026-02-12,2026-02-13,1,Atrasada
4915,12224,3,2026-02-07,2026-02-07,0,No prazo
4916,12228,4,2026-05-24,2026-05-24,0,No prazo
4917,12229,3,2026-03-01,2026-03-02,1,Atrasada
4918,12231,1,2026-06-03,2026-06-03,0,No prazo
4919,12234,3,2026-06-21,2026-06-21,0,No prazo
4920,12239,4,2026-07-01,2026-07-01,0,No prazo
4921,12241,2,2026-06-20,2026-06-22,2,Atrasada
4922,12245,2,2026-02-15,2026-02-15,0,No prazo
4923,12247,4,2026-07-27,2026-07-27,0,No prazo
4924,12248,4,2026-03-05,2026-03-05,0,No prazo
4925,12251,2,2026-02-18,2026-02-18,0,No prazo
4926,12253,4,2026-05-04,2026-05-03,0,No prazo
4927,12257,4,2026-03-02,2026-03-02,0,No prazo
4928,12258,2,2026-01-03,2026-01-03,0,No prazo
4929,12260,1,2026-07-25,2026-07-25,0,No prazo
4930,12262,4,2026-06-03,2026-06-05,2,Atrasada
4931,12263,2,2026-01-05,2026-01-05,0,No prazo
4932,12264,2,2026-05-07,2026-05-07,0,No prazo
4933,12265,4,2026-07-24,2026-07-24,0,No prazo
4934,12267,1,2026-02-14,2026-02-14,0,No prazo
4935,12268,4,2026-05-08,2026-05-08,0,No prazo
4936,12269,4,2026-03-04,2026-03-04,0,No prazo
4937,12273,3,2026-05-23,2026-05-23,0,No prazo
4938,12274,1,2026-05-14,2026-05-14,0,No prazo
4939,12275,5,2026-06-13,2026-06-13,0,No prazo
4940,12278,5,2026-03-20,2026-03-20,0,No prazo
4941,12280,5,2026-06-04,2026-06-04,0,No prazo
4942,12282,2,2026-08-07,2026-08-07,0,No prazo
4943,12284,1,2026-04-07,2026-04-09,2,Atrasada
4944,12285,1,2026-05-05,2026-05-05,0,No prazo
4945,12287,4,2026-06-23,2026-06-23,0,No prazo
4946,12288,4,2026-04-08,2026-04-08,0,No prazo
4947,12291,4,2026-02-21,2026-02-21,0,No prazo
4948,12292,5,2026-08-09,2026-08-09,0,No prazo
4949,12293,3,2026-04-29,2026-04-29,0,No prazo
4950,12296,4,2026-03-23,2026-03-23,0,No prazo
4951,12302,3,2026-01-11,2026-01-11,0,No prazo
4952,12303,5,2026-08-05,2026-08-07,2,Atrasada
4953,12305,4,2026-03-28,2026-03-28,0,No prazo
4954,12308,1,2026-05-27,2026-05-27,0,No prazo
4955,12309,2,2026-06-03,2026-06-03,0,No prazo
4956,12310,1,2026-02-16,2026-02-16,0,No prazo
4957,12311,5,2026-01-22,2026-01-22,0,No prazo
4958,12312,4,2026-06-12,2026-06-12,0,No prazo
4959,12314,4,2026-06-09,2026-06-09,0,No prazo
4960,12316,3,2026-03-01,2026-03-01,0,No prazo
4961,12320,1,2026-05-17,2026-05-17,0,No prazo
4962,12321,4,2026-01-13,2026-01-13,0,No prazo
4963,12323,5,2026-02-19,2026-02-19,0,No prazo
4964,12326,3,2026-02-14,2026-02-14,0,No prazo
4965,12327,3,2026-04-30,2026-04-30,0,No prazo
4966,12332,3,2026-04-05,2026-04-08,3,Atrasada
4967,12333,2,2026-04-17,2026-04-17,0,No prazo
4968,12334,1,2026-06-25,2026-06-25,0,No prazo
4969,12336,1,2026-02-04,2026-02-03,0,No prazo
4970,12341,2,2026-01-14,2026-01-14,0,No prazo
4971,12342,2,2026-04-24,2026-04-24,0,No prazo
4972,12344,4,2026-04-21,2026-04-21,0,No prazo
4973,12348,4,2026-02-11,2026-02-11,0,No prazo
4974,12349,3,2026-03-07,2026-03-07,0,No prazo
4975,12351,4,2026-07-07,2026-07-07,0,No prazo
4976,12352,1,2026-05-31,2026-06-01,1,Atrasada
4977,12354,2,2026-03-31,2026-03-31,0,No prazo
4978,12359,5,2026-02-03,2026-02-03,0,No prazo
4979,12362,5,2026-01-09,2026-01-08,0,No prazo
4980,12366,2,2026-03-27,2026-03-29,2,Atrasada
4981,12367,2,2026-05-20,2026-05-20,0,No prazo
4982,12368,3,2026-05-14,2026-05-14,0,No prazo
4983,12369,5,2026-07-21,2026-07-21,0,No prazo
4984,12372,4,2026-02-05,2026-02-05,0,No prazo
4985,12373,5,2026-05-28,2026-05-28,0,No prazo
4986,12375,3,2026-03-19,2026-03-19,0,No prazo
4987,12376,5,2026-06-04,2026-06-03,0,No prazo
4988,12378,3,2026-02-14,2026-02-14,0,No prazo
4989,12379,5,2026-05-02,2026-05-05,3,Atrasada
4990,12382,5,2026-04-09,2026-04-11,2,Atrasada
4991,12383,3,2026-07-23,2026-07-23,0,No prazo
4992,12386,3,2026-05-08,2026-05-08,0,No prazo
4993,12388,3,2026-02-04,2026-02-04,0,No prazo
4994,12390,3,2026-04-24,2026-04-24,0,No prazo
4995,12394,5,2026-04-18,2026-04-18,0,No prazo
4996,12396,4,2026-03-11,2026-03-12,1,Atrasada
4997,12397,1,2026-02-21,2026-02-26,5,Atrasada
4998,12402,3,2026-07-20,2026-07-21,1,Atrasada
4999,12403,3,2026-08-03,2026-08-03,0,No prazo
5000,12404,4,2026-04-19,2026-04-19,0,No prazo
5001,12406,1,2026-07-02,2026-07-01,0,No prazo
5002,12407,4,2026-07-01,2026-06-30,0,No prazo
5003,12408,4,2026-02-20,2026-02-20,0,No prazo
5004,12409,4,2026-04-08,2026-04-08,0,No prazo
5005,12410,4,2026-03-20,2026-03-20,0,No prazo
5006,12413,3,2026-05-18,2026-05-18,0,No prazo
5007,12417,3,2026-01-20,2026-01-20,0,No prazo
5008,12418,5,2026-07-06,2026-07-06,0,No prazo
5009,12422,4,2026-05-22,2026-05-21,0,No prazo
5010,12423,4,2026-01-08,2026-01-07,0,No prazo
5011,12424,3,2026-02-11,2026-02-11,0,No prazo
5012,12426,3,2026-01-11,2026-01-11,0,No prazo
5013,12430,4,2026-02-08,2026-02-08,0,No prazo
5014,12432,1,2026-01-23,2026-01-23,0,No prazo
5015,12433,4,2026-03-01,2026-03-01,0,No prazo
5016,12435,1,2026-05-22,2026-05-22,0,No prazo
5017,12439,5,2026-02-25,2026-02-25,0,No prazo
5018,12441,4,2026-02-10,2026-02-13,3,Atrasada
5019,12442,5,2026-07-05,2026-07-04,0,No prazo
5020,12452,4,2026-07-24,2026-07-24,0,No prazo
5021,12456,4,2026-01-28,2026-01-29,1,Atrasada
5022,12457,1,2026-07-29,2026-07-29,0,No prazo
5023,12458,1,2026-04-19,2026-04-20,1,Atrasada
5024,12461,3,2026-01-24,2026-01-24,0,No prazo
5025,12462,1,2026-07-15,2026-07-15,0,No prazo
5026,12464,4,2026-02-01,2026-02-01,0,No prazo
5027,12472,1,2026-07-06,2026-07-06,0,No prazo
5028,12476,2,2026-06-28,2026-06-28,0,No prazo
5029,12478,5,2026-01-12,2026-01-13,1,Atrasada
5030,12481,4,2026-07-01,2026-07-01,0,No prazo
5031,12484,4,2026-02-20,2026-02-20,0,No prazo
5032,12485,5,2026-05-18,2026-05-19,1,Atrasada
5033,12488,3,2026-01-08,2026-01-07,0,No prazo
5034,12491,4,2026-03-31,2026-03-31,0,No prazo
5035,12492,5,2026-06-11,2026-06-14,3,Atrasada
5036,12494,3,2026-02-18,2026-02-18,0,No prazo
5037,12499,1,2026-04-06,2026-04-06,0,No prazo
5038,12500,1,2026-01-15,2026-01-17,2,Atrasada
5039,12504,4,2026-03-04,2026-03-04,0,No prazo
5040,12506,1,2026-03-29,2026-03-29,0,No prazo
5041,12507,1,2026-04-14,2026-04-14,0,No prazo
5042,12510,5,2026-07-06,2026-07-06,0,No prazo
5043,12519,5,2026-03-24,2026-03-24,0,No prazo
5044,12520,2,2026-07-18,2026-07-20,2,Atrasada
5045,12521,3,2026-04-23,2026-04-23,0,No prazo
5046,12523,3,2026-07-19,2026-07-20,1,Atrasada
5047,12524,1,2026-07-25,2026-07-25,0,No prazo
5048,12525,3,2026-07-11,2026-07-11,0,No prazo
5049,12526,1,2026-07-21,2026-07-21,0,No prazo
5050,12527,5,2026-07-30,2026-07-30,0,No prazo
5051,12528,2,2026-08-10,2026-08-10,0,No prazo
5052,12531,1,2026-01-26,2026-01-26,0,No prazo
5053,12533,2,2026-03-12,2026-03-12,0,No prazo
5054,12535,2,2026-07-27,2026-07-27,0,No prazo
5055,12536,3,2026-05-25,2026-05-25,0,No prazo
5056,12537,5,2026-06-20,2026-06-19,0,No prazo
5057,12540,5,2026-08-04,2026-08-05,1,Atrasada
5058,12541,4,2026-07-02,2026-07-02,0,No prazo
5059,12543,4,2026-07-27,2026-07-27,0,No prazo
5060,12546,4,2026-04-26,2026-04-26,0,No prazo
5061,12548,3,2026-02-07,2026-02-07,0,No prazo
5062,12551,3,2026-07-07,2026-07-07,0,No prazo
5063,12553,1,2026-01-18,2026-01-20,2,Atrasada
5064,12554,4,2026-06-04,2026-06-05,1,Atrasada
5065,12555,3,2026-04-12,2026-04-12,0,No prazo
5066,12558,1,2026-03-21,2026-03-21,0,No prazo
5067,12561,1,2026-07-10,2026-07-10,0,No prazo
5068,12563,5,2026-03-15,2026-03-15,0,No prazo
5069,12565,1,2026-01-12,2026-01-13,1,Atrasada
5070,12566,4,2026-08-01,2026-08-01,0,No prazo
5071,12571,4,2026-01-04,2026-01-03,0,No prazo
5072,12573,5,2026-01-18,2026-01-18,0,No prazo
5073,12579,3,2026-05-24,2026-05-25,1,Atrasada
5074,12585,2,2026-06-13,2026-06-13,0,No prazo
5075,12587,4,2026-03-06,2026-03-06,0,No prazo
5076,12590,2,2026-05-15,2026-05-15,0,No prazo
5077,12591,1,2026-03-25,2026-03-25,0,No prazo
5078,12592,3,2026-02-11,2026-02-11,0,No prazo
5079,12594,3,2026-07-08,2026-07-08,0,No prazo
5080,12595,4,2026-06-17,2026-06-17,0,No prazo
5081,12600,5,2026-02-27,2026-03-01,2,Atrasada
5082,12607,3,2026-04-15,2026-04-15,0,No prazo
5083,12609,4,2026-07-06,2026-07-11,5,Atrasada
5084,12610,4,2026-06-17,2026-06-17,0,No prazo
5085,12614,1,2026-04-06,2026-04-06,0,No prazo
5086,12618,4,2026-02-06,2026-02-06,0,No prazo
5087,12621,3,2026-04-29,2026-04-29,0,No prazo
5088,12624,3,2026-07-21,2026-07-21,0,No prazo
5089,12625,5,2026-01-23,2026-01-25,2,Atrasada
5090,12627,1,2026-03-18,2026-03-18,0,No prazo
5091,12628,3,2026-04-11,2026-04-11,0,No prazo
5092,12631,3,2026-07-14,2026-07-14,0,No prazo
5093,12632,4,2026-05-22,2026-05-23,1,Atrasada
5094,12637,2,2026-04-23,2026-04-23,0,No prazo
5095,12638,1,2026-04-21,2026-04-21,0,No prazo
5096,12640,3,2026-06-02,2026-06-02,0,No prazo
5097,12643,4,2026-05-18,2026-05-20,2,Atrasada
5098,12644,1,2026-07-24,2026-07-24,0,No prazo
5099,12645,3,2026-01-24,2026-01-24,0,No prazo
5100,12646,4,2026-06-19,2026-06-19,0,No prazo
5101,12651,3,2026-07-16,2026-07-16,0,No prazo
5102,12657,4,2026-01-24,2026-01-24,0,No prazo
5103,12658,1,2026-04-24,2026-04-24,0,No prazo
5104,12661,4,2026-05-07,2026-05-10,3,Atrasada
5105,12668,1,2026-01-31,2026-01-31,0,No prazo
5106,12676,4,2026-02-17,2026-02-17,0,No prazo
5107,12679,4,2026-01-29,2026-01-29,0,No prazo
5108,12680,4,2026-06-07,2026-06-07,0,No prazo
5109,12681,4,2026-04-12,2026-04-12,0,No prazo
5110,12682,3,2026-07-16,2026-07-16,0,No prazo
5111,12684,3,2026-01-14,2026-01-15,1,Atrasada
5112,12685,1,2026-03-11,2026-03-11,0,No prazo
5113,12688,4,2026-06-07,2026-06-07,0,No prazo
5114,12693,3,2026-03-22,2026-03-25,3,Atrasada
5115,12695,1,2026-05-31,2026-05-31,0,No prazo
5116,12696,3,2026-07-15,2026-07-15,0,No prazo
5117,12699,1,2026-07-02,2026-07-02,0,No prazo
5118,12700,5,2026-04-14,2026-04-16,2,Atrasada
5119,12702,3,2026-06-06,2026-06-07,1,Atrasada
5120,12703,3,2026-02-01,2026-02-03,2,Atrasada
5121,12706,1,2026-05-26,2026-05-27,1,Atrasada
5122,12711,4,2026-02-13,2026-02-13,0,No prazo
5123,12712,1,2026-07-14,2026-07-14,0,No prazo
5124,12716,5,2026-01-30,2026-01-30,0,No prazo
5125,12725,2,2026-08-08,2026-08-07,0,No prazo
5126,12726,1,2026-03-14,2026-03-14,0,No prazo
5127,12728,3,2026-01-31,2026-01-31,0,No prazo
5128,12730,5,2026-05-15,2026-05-17,2,Atrasada
5129,12732,4,2026-06-17,2026-06-17,0,No prazo
5130,12736,3,2026-02-05,2026-02-05,0,No prazo
5131,12739,1,2026-05-02,2026-05-02,0,No prazo
5132,12740,3,2026-06-30,2026-06-30,0,No prazo
5133,12746,3,2026-01-02,2026-01-02,0,No prazo
5134,12751,3,2026-01-28,2026-01-28,0,No prazo
5135,12753,5,2026-05-23,2026-05-26,3,Atrasada
5136,12754,4,2026-08-03,2026-08-03,0,No prazo
5137,12755,4,2026-01-28,2026-01-27,0,No prazo
5138,12759,4,2026-01-31,2026-02-05,5,Atrasada
5139,12768,1,2026-07-31,2026-07-31,0,No prazo
5140,12770,2,2026-04-29,2026-04-29,0,No prazo
5141,12771,3,2026-07-27,2026-07-27,0,No prazo
5142,12775,2,2026-03-15,2026-03-15,0,No prazo
5143,12777,4,2026-01-28,2026-01-28,0,No prazo
5144,12778,5,2026-07-16,2026-07-16,0,No prazo
5145,12779,3,2026-05-17,2026-05-17,0,No prazo
5146,12782,5,2026-03-19,2026-03-19,0,No prazo
5147,12784,3,2026-04-28,2026-04-29,1,Atrasada
5148,12786,3,2026-05-29,2026-05-29,0,No prazo
5149,12788,1,2026-06-25,2026-06-27,2,Atrasada
5150,12790,3,2026-01-21,2026-01-21,0,No prazo
5151,12794,1,2026-01-29,2026-01-29,0,No prazo
5152,12795,3,2026-02-23,2026-02-23,0,No prazo
5153,12797,1,2026-02-01,2026-02-04,3,Atrasada
5154,12799,5,2026-07-26,2026-07-26,0,No prazo
5155,12800,5,2026-02-03,2026-02-03,0,No prazo
5156,12802,3,2026-04-03,2026-04-03,0,No prazo
5157,12803,5,2026-05-14,2026-05-14,0,No prazo
5158,12806,5,2026-01-25,2026-01-26,1,Atrasada
5159,12811,4,2026-05-25,2026-05-25,0,No prazo
5160,12812,5,2026-03-28,2026-03-28,0,No prazo
5161,12814,3,2026-04-23,2026-04-25,2,Atrasada
5162,12815,5,2026-07-12,2026-07-11,0,No prazo
5163,12816,4,2026-03-12,2026-03-14,2,Atrasada
5164,12822,1,2026-04-22,2026-04-22,0,No prazo
5165,12827,3,2026-06-28,2026-06-28,0,No prazo
5166,12828,5,2026-06-30,2026-06-30,0,No prazo
5167,12830,2,2026-02-21,2026-02-22,1,Atrasada
5168,12831,4,2026-01-08,2026-01-08,0,No prazo
5169,12832,3,2026-02-04,2026-02-04,0,No prazo
5170,12833,2,2026-02-26,2026-02-26,0,No prazo
5171,12834,3,2026-06-03,2026-06-02,0,No prazo
5172,12837,5,2026-01-05,2026-01-05,0,No prazo
5173,12839,5,2026-03-25,2026-03-25,0,No prazo
5174,12841,5,2026-01-27,2026-01-27,0,No prazo
5175,12843,4,2026-01-16,2026-01-16,0,No prazo
5176,12844,4,2026-03-07,2026-03-07,0,No prazo
5177,12845,1,2026-07-24,2026-07-26,2,Atrasada
5178,12846,4,2026-04-21,2026-04-21,0,No prazo
5179,12849,5,2026-03-03,2026-03-05,2,Atrasada
5180,12850,5,2026-05-29,2026-05-31,2,Atrasada
5181,12851,5,2026-08-08,2026-08-08,0,No prazo
5182,12855,4,2026-01-25,2026-01-30,5,Atrasada
5183,12859,4,2026-01-23,2026-01-23,0,No prazo
5184,12860,1,2026-06-09,2026-06-10,1,Atrasada
5185,12863,3,2026-02-06,2026-02-08,2,Atrasada
5186,12864,1,2026-06-13,2026-06-13,0,No prazo
5187,12866,2,2026-06-09,2026-06-10,1,Atrasada
5188,12869,3,2026-01-11,2026-01-13,2,Atrasada
5189,12883,4,2026-01-15,2026-01-15,0,No prazo
5190,12886,3,2026-08-10,2026-08-13,3,Atrasada
5191,12891,5,2026-01-03,2026-01-03,0,No prazo
5192,12893,1,2026-07-21,2026-07-21,0,No prazo
5193,12894,5,2026-06-24,2026-06-24,0,No prazo
5194,12896,4,2026-04-07,2026-04-07,0,No prazo
5195,12897,2,2026-04-20,2026-04-20,0,No prazo
5196,12898,3,2026-02-27,2026-03-01,2,Atrasada
5197,12899,1,2026-04-04,2026-04-07,3,Atrasada
5198,12900,4,2026-03-21,2026-03-21,0,No prazo
5199,12901,2,2026-06-05,2026-06-06,1,Atrasada
5200,12905,3,2026-08-10,2026-08-09,0,No prazo
5201,12907,4,2026-06-26,2026-06-26,0,No prazo
5202,12908,4,2026-06-12,2026-06-12,0,No prazo
5203,12909,5,2026-01-03,2026-01-03,0,No prazo
5204,12910,2,2026-08-05,2026-08-05,0,No prazo
5205,12913,2,2026-07-22,2026-07-22,0,No prazo
5206,12915,2,2026-01-07,2026-01-07,0,No prazo
5207,12916,3,2026-05-27,2026-05-27,0,No prazo
5208,12918,4,2026-01-08,2026-01-08,0,No prazo
5209,12919,5,2026-03-03,2026-03-03,0,No prazo
5210,12921,5,2026-03-22,2026-03-22,0,No prazo
5211,12924,1,2026-05-29,2026-05-29,0,No prazo
5212,12926,4,2026-07-09,2026-07-08,0,No prazo
5213,12928,2,2026-02-06,2026-02-06,0,No prazo
5214,12931,1,2026-01-21,2026-01-21,0,No prazo
5215,12933,4,2026-05-27,2026-05-27,0,No prazo
5216,12944,2,2026-03-15,2026-03-15,0,No prazo
5217,12948,4,2026-07-15,2026-07-15,0,No prazo
5218,12953,3,2026-07-19,2026-07-19,0,No prazo
5219,12954,4,2026-07-28,2026-07-28,0,No prazo
5220,12959,3,2026-07-18,2026-07-17,0,No prazo
5221,12960,1,2026-05-09,2026-05-10,1,Atrasada
5222,12968,5,2026-06-18,2026-06-18,0,No prazo
5223,12970,1,2026-02-05,2026-02-05,0,No prazo
5224,12974,4,2026-06-13,2026-06-13,0,No prazo
5225,12975,1,2026-07-20,2026-07-20,0,No prazo
5226,12977,5,2026-06-17,2026-06-17,0,No prazo
5227,12981,2,2026-01-16,2026-01-16,0,No prazo
5228,12982,3,2026-08-04,2026-08-04,0,No prazo
5229,12984,5,2026-04-12,2026-04-17,5,Atrasada
5230,12987,2,2026-07-19,2026-07-19,0,No prazo
5231,12989,4,2026-01-26,2026-01-26,0,No prazo
5232,12990,2,2026-03-19,2026-03-19,0,No prazo
5233,12995,5,2026-03-04,2026-03-04,0,No prazo
5234,12999,4,2026-02-24,2026-02-24,0,No prazo
5235,13001,4,2026-03-07,2026-03-07,0,No prazo
5236,13003,1,2026-04-05,2026-04-05,0,No prazo
5237,13006,3,2026-06-06,2026-06-06,0,No prazo
5238,13009,4,2026-04-22,2026-04-22,0,No prazo
5239,13011,3,2026-04-25,2026-04-25,0,No prazo
5240,13015,1,2026-07-29,2026-07-29,0,No prazo
5241,13020,5,2026-06-16,2026-06-16,0,No prazo
5242,13021,4,2026-03-05,2026-03-05,0,No prazo
5243,13023,4,2026-02-12,2026-02-12,0,No prazo
5244,13028,3,2026-04-25,2026-04-25,0,No prazo
5245,13029,1,2026-05-28,2026-05-28,0,No prazo
5246,13034,3,2026-01-09,2026-01-14,5,Atrasada
5247,13036,1,2026-05-07,2026-05-07,0,No prazo
5248,13039,3,2026-07-30,2026-07-30,0,No prazo
5249,13043,1,2026-03-21,2026-03-21,0,No prazo
5250,13044,5,2026-02-25,2026-02-25,0,No prazo
5251,13045,4,2026-01-21,2026-01-23,2,Atrasada
5252,13048,5,2026-01-21,2026-01-21,0,No prazo
5253,13049,4,2026-06-29,2026-06-28,0,No prazo
5254,13050,1,2026-02-08,2026-02-08,0,No prazo
5255,13053,3,2026-04-09,2026-04-12,3,Atrasada
5256,13055,1,2026-06-05,2026-06-05,0,No prazo
5257,13057,4,2026-05-12,2026-05-14,2,Atrasada
5258,13061,4,2026-01-30,2026-01-31,1,Atrasada
5259,13062,1,2026-04-11,2026-04-10,0,No prazo
5260,13064,5,2026-03-22,2026-03-22,0,No prazo
5261,13065,1,2026-01-26,2026-01-28,2,Atrasada
5262,13067,4,2026-04-29,2026-04-29,0,No prazo
5263,13074,4,2026-05-09,2026-05-09,0,No prazo
5264,13076,4,2026-04-24,2026-04-25,1,Atrasada
5265,13078,3,2026-05-17,2026-05-17,0,No prazo
5266,13080,2,2026-07-18,2026-07-18,0,No prazo
5267,13083,1,2026-01-10,2026-01-10,0,No prazo
5268,13084,2,2026-04-29,2026-04-29,0,No prazo
5269,13087,5,2026-03-03,2026-03-03,0,No prazo
5270,13089,2,2026-03-22,2026-03-22,0,No prazo
5271,13094,4,2026-04-09,2026-04-08,0,No prazo
5272,13095,4,2026-07-29,2026-07-29,0,No prazo
5273,13102,3,2026-07-01,2026-07-04,3,Atrasada
5274,13104,3,2026-05-14,2026-05-14,0,No prazo
5275,13105,1,2026-05-18,2026-05-21,3,Atrasada
5276,13106,3,2026-06-15,2026-06-17,2,Atrasada
5277,13107,4,2026-02-23,2026-02-23,0,No prazo
5278,13111,4,2026-06-14,2026-06-14,0,No prazo
5279,13115,5,2026-01-10,2026-01-11,1,Atrasada
5280,13116,3,2026-08-03,2026-08-04,1,Atrasada
5281,13121,4,2026-05-31,2026-05-31,0,No prazo
5282,13124,1,2026-06-05,2026-06-08,3,Atrasada
5283,13127,2,2026-03-10,2026-03-10,0,No prazo
5284,13134,4,2026-02-26,2026-02-26,0,No prazo
5285,13135,3,2026-07-19,2026-07-19,0,No prazo
5286,13138,1,2026-01-24,2026-01-24,0,No prazo
5287,13140,5,2026-03-31,2026-04-03,3,Atrasada
5288,13144,5,2026-01-27,2026-01-26,0,No prazo
5289,13145,3,2026-08-11,2026-08-11,0,No prazo
5290,13149,3,2026-07-03,2026-07-05,2,Atrasada
5291,13152,1,2026-01-25,2026-01-25,0,No prazo
5292,13153,4,2026-05-16,2026-05-16,0,No prazo
5293,13154,2,2026-07-12,2026-07-12,0,No prazo
5294,13161,5,2026-04-22,2026-04-22,0,No prazo
5295,13163,2,2026-04-03,2026-04-03,0,No prazo
5296,13165,4,2026-04-07,2026-04-10,3,Atrasada
5297,13166,1,2026-04-25,2026-04-25,0,No prazo
5298,13168,5,2026-01-27,2026-01-28,1,Atrasada
5299,13170,1,2026-08-08,2026-08-08,0,No prazo
5300,13171,3,2026-06-11,2026-06-11,0,No prazo
5301,13173,3,2026-03-11,2026-03-12,1,Atrasada
5302,13174,3,2026-04-04,2026-04-06,2,Atrasada
5303,13175,3,2026-02-10,2026-02-10,0,No prazo
5304,13176,3,2026-07-10,2026-07-10,0,No prazo
5305,13177,3,2026-07-27,2026-07-27,0,No prazo
5306,13182,2,2026-06-30,2026-06-30,0,No prazo
5307,13186,1,2026-01-03,2026-01-04,1,Atrasada
5308,13189,4,2026-05-18,2026-05-19,1,Atrasada
5309,13190,4,2026-01-05,2026-01-05,0,No prazo
5310,13191,4,2026-02-17,2026-02-17,0,No prazo
5311,13192,1,2026-07-23,2026-07-23,0,No prazo
5312,13195,2,2026-04-26,2026-04-26,0,No prazo
5313,13196,1,2026-05-11,2026-05-10,0,No prazo
5314,13197,1,2026-03-26,2026-03-26,0,No prazo
5315,13198,4,2026-02-15,2026-02-15,0,No prazo
5316,13199,4,2026-03-26,2026-03-29,3,Atrasada
5317,13200,4,2026-06-06,2026-06-06,0,No prazo
5318,13203,2,2026-05-17,2026-05-17,0,No prazo
5319,13206,3,2026-07-15,2026-07-15,0,No prazo
5320,13207,1,2026-05-26,2026-05-26,0,No prazo
5321,13208,3,2026-05-09,2026-05-09,0,No prazo
5322,13209,4,2026-02-21,2026-02-21,0,No prazo
5323,13213,5,2026-04-21,2026-04-21,0,No prazo
5324,13219,4,2026-01-14,2026-01-13,0,No prazo
5325,13226,1,2026-02-18,2026-02-18,0,No prazo
5326,13228,3,2026-03-19,2026-03-19,0,No prazo
5327,13230,5,2026-05-20,2026-05-21,1,Atrasada
5328,13236,4,2026-01-08,2026-01-08,0,No prazo
5329,13239,3,2026-02-10,2026-02-10,0,No prazo
5330,13241,4,2026-06-14,2026-06-16,2,Atrasada
5331,13242,3,2026-05-28,2026-05-27,0,No prazo
5332,13243,2,2026-05-11,2026-05-11,0,No prazo
5333,13244,5,2026-08-07,2026-08-07,0,No prazo
5334,13245,4,2026-05-20,2026-05-20,0,No prazo
5335,13247,2,2026-04-22,2026-04-22,0,No prazo
5336,13250,3,2026-04-26,2026-04-26,0,No prazo
5337,13251,3,2026-07-24,2026-07-24,0,No prazo
5338,13253,2,2026-01-31,2026-01-31,0,No prazo
5339,13260,3,2026-04-06,2026-04-08,2,Atrasada
5340,13261,3,2026-04-06,2026-04-06,0,No prazo
5341,13264,5,2026-07-17,2026-07-19,2,Atrasada
5342,13268,5,2026-07-07,2026-07-07,0,No prazo
5343,13279,5,2026-07-17,2026-07-17,0,No prazo
5344,13287,5,2026-04-19,2026-04-19,0,No prazo
5345,13288,5,2026-04-08,2026-04-10,2,Atrasada
5346,13291,4,2026-01-13,2026-01-13,0,No prazo
5347,13295,4,2026-08-10,2026-08-10,0,No prazo
5348,13296,5,2026-07-18,2026-07-18,0,No prazo
5349,13298,3,2026-01-10,2026-01-10,0,No prazo
5350,13301,4,2026-05-13,2026-05-13,0,No prazo
5351,13308,4,2026-07-03,2026-07-08,5,Atrasada
5352,13309,3,2026-05-02,2026-05-04,2,Atrasada
5353,13311,1,2026-03-15,2026-03-16,1,Atrasada
5354,13313,3,2026-01-07,2026-01-06,0,No prazo
5355,13316,1,2026-07-15,2026-07-15,0,No prazo
5356,13318,5,2026-05-05,2026-05-05,0,No prazo
5357,13322,4,2026-04-13,2026-04-13,0,No prazo
5358,13327,3,2026-07-16,2026-07-16,0,No prazo
5359,13329,5,2026-03-26,2026-03-26,0,No prazo
5360,13338,4,2026-06-10,2026-06-10,0,No prazo
5361,13339,5,2026-05-08,2026-05-10,2,Atrasada
5362,13340,4,2026-05-06,2026-05-08,2,Atrasada
5363,13341,4,2026-07-24,2026-07-24,0,No prazo
5364,13344,3,2026-05-19,2026-05-19,0,No prazo
5365,13348,1,2026-01-28,2026-01-29,1,Atrasada
5366,13350,3,2026-04-14,2026-04-16,2,Atrasada
5367,13352,2,2026-04-22,2026-04-22,0,No prazo
5368,13353,3,2026-04-08,2026-04-08,0,No prazo
5369,13355,4,2026-04-09,2026-04-08,0,No prazo
5370,13356,3,2026-04-29,2026-04-29,0,No prazo
5371,13358,3,2026-05-16,2026-05-17,1,Atrasada
5372,13361,2,2026-02-05,2026-02-05,0,No prazo
5373,13362,1,2026-02-05,2026-02-05,0,No prazo
5374,13364,3,2026-07-10,2026-07-10,0,No prazo
5375,13366,4,2026-03-11,2026-03-11,0,No prazo
5376,13368,4,2026-05-20,2026-05-20,0,No prazo
5377,13372,4,2026-07-07,2026-07-07,0,No prazo
5378,13374,3,2026-06-13,2026-06-15,2,Atrasada
5379,13378,5,2026-05-21,2026-05-21,0,No prazo
5380,13385,4,2026-03-29,2026-03-29,0,No prazo
5381,13397,3,2026-02-03,2026-02-04,1,Atrasada
5382,13399,5,2026-01-17,2026-01-17,0,No prazo
5383,13406,3,2026-07-10,2026-07-11,1,Atrasada
5384,13409,4,2026-04-13,2026-04-14,1,Atrasada
5385,13411,3,2026-05-16,2026-05-18,2,Atrasada
5386,13414,3,2026-01-05,2026-01-05,0,No prazo
5387,13417,3,2026-02-21,2026-02-21,0,No prazo
5388,13421,1,2026-03-08,2026-03-08,0,No prazo
5389,13422,1,2026-05-13,2026-05-13,0,No prazo
5390,13424,4,2026-03-24,2026-03-24,0,No prazo
5391,13428,3,2026-01-03,2026-01-04,1,Atrasada
5392,13434,1,2026-05-17,2026-05-19,2,Atrasada
5393,13438,4,2026-04-14,2026-04-17,3,Atrasada
5394,13439,1,2026-01-26,2026-01-26,0,No prazo
5395,13442,5,2026-01-05,2026-01-05,0,No prazo
5396,13443,5,2026-04-09,2026-04-09,0,No prazo
5397,13446,3,2026-06-24,2026-06-26,2,Atrasada
5398,13448,5,2026-07-23,2026-07-24,1,Atrasada
5399,13450,4,2026-04-10,2026-04-10,0,No prazo
5400,13455,5,2026-03-09,2026-03-09,0,No prazo
5401,13458,2,2026-04-03,2026-04-06,3,Atrasada
5402,13460,3,2026-02-26,2026-02-26,0,No prazo
5403,13462,3,2026-01-12,2026-01-12,0,No prazo
5404,13463,5,2026-03-01,2026-03-01,0,No prazo
5405,13464,5,2026-05-13,2026-05-13,0,No prazo
5406,13467,4,2026-08-03,2026-08-05,2,Atrasada
5407,13470,1,2026-03-12,2026-03-12,0,No prazo
5408,13471,3,2026-06-28,2026-06-28,0,No prazo
5409,13472,5,2026-05-23,2026-05-23,0,No prazo
5410,13474,5,2026-07-05,2026-07-05,0,No prazo
5411,13476,2,2026-04-17,2026-04-19,2,Atrasada
5412,13477,4,2026-04-20,2026-04-20,0,No prazo
5413,13484,3,2026-05-11,2026-05-13,2,Atrasada
5414,13485,1,2026-07-18,2026-07-19,1,Atrasada
5415,13486,5,2026-04-14,2026-04-16,2,Atrasada
5416,13487,4,2026-07-23,2026-07-23,0,No prazo
5417,13489,3,2026-01-13,2026-01-12,0,No prazo
5418,13496,1,2026-05-03,2026-05-03,0,No prazo
5419,13502,1,2026-03-26,2026-03-26,0,No prazo
5420,13505,5,2026-05-11,2026-05-11,0,No prazo
5421,13507,3,2026-03-09,2026-03-09,0,No prazo
5422,13511,2,2026-01-20,2026-01-20,0,No prazo
5423,13514,1,2026-04-13,2026-04-13,0,No prazo
5424,13515,3,2026-05-22,2026-05-22,0,No prazo
5425,13518,3,2026-06-19,2026-06-24,5,Atrasada
5426,13521,1,2026-03-21,2026-03-21,0,No prazo
5427,13523,5,2026-06-26,2026-06-26,0,No prazo
5428,13524,5,2026-03-14,2026-03-14,0,No prazo
5429,13525,3,2026-01-19,2026-01-19,0,No prazo
5430,13526,5,2026-06-09,2026-06-09,0,No prazo
5431,13527,4,2026-05-29,2026-05-29,0,No prazo
5432,13530,4,2026-05-21,2026-05-21,0,No prazo
5433,13531,1,2026-02-16,2026-02-18,2,Atrasada
5434,13532,3,2026-05-06,2026-05-06,0,No prazo
5435,13535,5,2026-08-05,2026-08-07,2,Atrasada
5436,13537,4,2026-01-27,2026-01-27,0,No prazo
5437,13539,5,2026-08-01,2026-08-02,1,Atrasada
5438,13540,3,2026-02-05,2026-02-05,0,No prazo
5439,13541,5,2026-04-19,2026-04-19,0,No prazo
5440,13549,3,2026-01-08,2026-01-10,2,Atrasada
5441,13550,2,2026-07-17,2026-07-17,0,No prazo
5442,13552,1,2026-06-21,2026-06-21,0,No prazo
5443,13553,4,2026-06-19,2026-06-21,2,Atrasada
5444,13554,5,2026-04-29,2026-04-29,0,No prazo
5445,13556,1,2026-07-31,2026-07-31,0,No prazo
5446,13562,4,2026-02-07,2026-02-07,0,No prazo
5447,13571,4,2026-03-31,2026-03-31,0,No prazo
5448,13573,1,2026-06-22,2026-06-23,1,Atrasada
5449,13574,4,2026-05-23,2026-05-22,0,No prazo
5450,13582,1,2026-05-28,2026-05-28,0,No prazo
5451,13583,1,2026-08-07,2026-08-07,0,No prazo
5452,13584,1,2026-07-27,2026-07-30,3,Atrasada
5453,13586,3,2026-04-20,2026-04-20,0,No prazo
5454,13587,3,2026-04-15,2026-04-17,2,Atrasada
5455,13588,4,2026-01-11,2026-01-11,0,No prazo
5456,13591,4,2026-03-26,2026-03-26,0,No prazo
5457,13593,5,2026-06-14,2026-06-13,0,No prazo
5458,13594,3,2026-01-06,2026-01-06,0,No prazo
5459,13595,3,2026-05-24,2026-05-25,1,Atrasada
5460,13596,1,2026-07-12,2026-07-12,0,No prazo
5461,13598,1,2026-05-18,2026-05-18,0,No prazo
5462,13600,4,2026-06-16,2026-06-16,0,No prazo
5463,13602,3,2026-04-21,2026-04-21,0,No prazo
5464,13603,2,2026-05-11,2026-05-16,5,Atrasada
5465,13605,2,2026-01-29,2026-01-29,0,No prazo
5466,13607,1,2026-06-25,2026-06-25,0,No prazo
5467,13609,5,2026-03-02,2026-03-04,2,Atrasada
5468,13610,3,2026-04-01,2026-04-04,3,Atrasada
5469,13611,5,2026-07-24,2026-07-23,0,No prazo
5470,13614,5,2026-01-14,2026-01-17,3,Atrasada
5471,13617,4,2026-03-21,2026-03-24,3,Atrasada
5472,13621,2,2026-06-11,2026-06-11,0,No prazo
5473,13625,4,2026-01-23,2026-01-23,0,No prazo
5474,13626,4,2026-06-11,2026-06-11,0,No prazo
5475,13627,4,2026-02-03,2026-02-03,0,No prazo
5476,13628,3,2026-03-19,2026-03-19,0,No prazo
5477,13632,3,2026-01-19,2026-01-19,0,No prazo
5478,13634,1,2026-02-20,2026-02-22,2,Atrasada
5479,13638,4,2026-02-16,2026-02-17,1,Atrasada
5480,13641,2,2026-03-21,2026-03-21,0,No prazo
5481,13642,4,2026-08-09,2026-08-09,0,No prazo
5482,13643,1,2026-07-05,2026-07-05,0,No prazo
5483,13647,3,2026-04-14,2026-04-14,0,No prazo
5484,13650,4,2026-02-03,2026-02-03,0,No prazo
5485,13652,4,2026-03-17,2026-03-16,0,No prazo
5486,13658,3,2026-02-20,2026-02-20,0,No prazo
5487,13659,3,2026-02-20,2026-02-20,0,No prazo
5488,13672,3,2026-03-22,2026-03-22,0,No prazo
5489,13673,4,2026-03-06,2026-03-06,0,No prazo
5490,13675,4,2026-06-05,2026-06-05,0,No prazo
5491,13678,1,2026-05-25,2026-05-30,5,Atrasada
5492,13679,3,2026-05-31,2026-05-31,0,No prazo
5493,13680,1,2026-05-05,2026-05-06,1,Atrasada
5494,13682,5,2026-06-02,2026-06-02,0,No prazo
5495,13685,4,2026-03-13,2026-03-13,0,No prazo
5496,13686,5,2026-04-08,2026-04-08,0,No prazo
5497,13689,5,2026-02-02,2026-02-02,0,No prazo
5498,13692,4,2026-04-24,2026-04-24,0,No prazo
5499,13695,5,2026-07-20,2026-07-19,0,No prazo
5500,13696,4,2026-03-16,2026-03-16,0,No prazo
5501,13697,4,2026-06-10,2026-06-10,0,No prazo
5502,13698,1,2026-06-02,2026-06-02,0,No prazo
5503,13699,3,2026-08-03,2026-08-08,5,Atrasada
5504,13701,4,2026-08-02,2026-08-02,0,No prazo
5505,13703,5,2026-07-14,2026-07-14,0,No prazo
5506,13707,1,2026-01-22,2026-01-23,1,Atrasada
5507,13708,1,2026-06-29,2026-06-29,0,No prazo
5508,13714,3,2026-04-06,2026-04-06,0,No prazo
5509,13718,4,2026-05-15,2026-05-14,0,No prazo
5510,13721,3,2026-03-04,2026-03-04,0,No prazo
5511,13723,3,2026-04-16,2026-04-19,3,Atrasada
5512,13724,3,2026-03-14,2026-03-15,1,Atrasada
5513,13727,5,2026-06-18,2026-06-18,0,No prazo
5514,13730,1,2026-02-05,2026-02-05,0,No prazo
5515,13731,1,2026-01-26,2026-01-27,1,Atrasada
5516,13735,1,2026-05-11,2026-05-11,0,No prazo
5517,13737,1,2026-07-12,2026-07-15,3,Atrasada
5518,13741,3,2026-04-04,2026-04-04,0,No prazo
5519,13745,2,2026-06-08,2026-06-08,0,No prazo
5520,13749,1,2026-01-18,2026-01-18,0,No prazo
5521,13755,4,2026-07-06,2026-07-06,0,No prazo
5522,13756,2,2026-06-30,2026-07-01,1,Atrasada
5523,13757,3,2026-06-29,2026-06-29,0,No prazo
5524,13759,1,2026-05-29,2026-06-01,3,Atrasada
5525,13762,3,2026-06-16,2026-06-18,2,Atrasada
5526,13763,4,2026-02-25,2026-02-26,1,Atrasada
5527,13772,2,2026-07-16,2026-07-16,0,No prazo
5528,13776,1,2026-05-27,2026-05-27,0,No prazo
5529,13782,3,2026-06-17,2026-06-18,1,Atrasada
5530,13784,5,2026-06-26,2026-06-26,0,No prazo
5531,13787,4,2026-04-15,2026-04-18,3,Atrasada
5532,13789,4,2026-05-03,2026-05-03,0,No prazo
5533,13790,4,2026-03-18,2026-03-18,0,No prazo
5534,13793,2,2026-03-18,2026-03-18,0,No prazo
5535,13798,5,2026-03-12,2026-03-17,5,Atrasada
5536,13801,3,2026-06-07,2026-06-08,1,Atrasada
5537,13803,4,2026-04-04,2026-04-07,3,Atrasada
5538,13805,4,2026-08-02,2026-08-02,0,No prazo
5539,13806,5,2026-05-10,2026-05-12,2,Atrasada
5540,13811,1,2026-01-14,2026-01-14,0,No prazo
5541,13812,4,2026-06-07,2026-06-07,0,No prazo
5542,13813,4,2026-01-06,2026-01-06,0,No prazo
5543,13815,3,2026-07-16,2026-07-16,0,No prazo
5544,13816,3,2026-05-06,2026-05-06,0,No prazo
5545,13819,5,2026-07-14,2026-07-15,1,Atrasada
5546,13820,3,2026-03-02,2026-03-02,0,No prazo
5547,13821,4,2026-03-01,2026-03-02,1,Atrasada
5548,13823,5,2026-07-29,2026-07-29,0,No prazo
5549,13826,1,2026-05-02,2026-05-01,0,No prazo
5550,13827,4,2026-03-09,2026-03-10,1,Atrasada
5551,13828,5,2026-05-14,2026-05-14,0,No prazo
5552,13830,5,2026-03-28,2026-03-27,0,No prazo
5553,13832,2,2026-06-23,2026-06-25,2,Atrasada
5554,13836,1,2026-06-09,2026-06-09,0,No prazo
5555,13837,3,2026-08-06,2026-08-06,0,No prazo
5556,13838,3,2026-06-10,2026-06-10,0,No prazo
5557,13839,3,2026-07-07,2026-07-08,1,Atrasada
5558,13846,3,2026-01-29,2026-01-29,0,No prazo
5559,13851,5,2026-01-11,2026-01-11,0,No prazo
5560,13853,2,2026-03-03,2026-03-03,0,No prazo
5561,13856,4,2026-05-05,2026-05-04,0,No prazo
5562,13858,2,2026-03-23,2026-03-24,1,Atrasada
5563,13868,1,2026-03-31,2026-03-31,0,No prazo
5564,13869,1,2026-05-28,2026-05-28,0,No prazo
5565,13871,2,2026-07-27,2026-07-26,0,No prazo
5566,13873,1,2026-02-21,2026-02-21,0,No prazo
5567,13875,4,2026-07-09,2026-07-09,0,No prazo
5568,13877,4,2026-04-29,2026-04-30,1,Atrasada
5569,13882,1,2026-06-21,2026-06-21,0,No prazo
5570,13884,5,2026-03-23,2026-03-23,0,No prazo
5571,13885,4,2026-06-07,2026-06-08,1,Atrasada
5572,13897,4,2026-06-19,2026-06-18,0,No prazo
5573,13899,5,2026-01-03,2026-01-03,0,No prazo
5574,13900,4,2026-06-08,2026-06-08,0,No prazo
5575,13904,5,2026-08-02,2026-08-03,1,Atrasada
5576,13906,4,2026-03-05,2026-03-05,0,No prazo
5577,13907,3,2026-03-30,2026-03-31,1,Atrasada
5578,13912,1,2026-05-21,2026-05-21,0,No prazo
5579,13915,5,2026-06-29,2026-06-28,0,No prazo
5580,13916,3,2026-01-15,2026-01-18,3,Atrasada
5581,13917,4,2026-01-19,2026-01-19,0,No prazo
5582,13923,1,2026-01-18,2026-01-18,0,No prazo
5583,13925,3,2026-06-19,2026-06-19,0,No prazo
5584,13926,3,2026-07-20,2026-07-20,0,No prazo
5585,13934,3,2026-06-14,2026-06-14,0,No prazo
5586,13936,4,2026-03-29,2026-03-29,0,No prazo
5587,13939,4,2026-04-27,2026-04-26,0,No prazo
5588,13942,1,2026-06-14,2026-06-17,3,Atrasada
5589,13951,5,2026-06-15,2026-06-15,0,No prazo
5590,13953,4,2026-07-05,2026-07-05,0,No prazo
5591,13956,4,2026-01-13,2026-01-13,0,No prazo
5592,13958,4,2026-01-03,2026-01-03,0,No prazo
5593,13959,3,2026-05-10,2026-05-10,0,No prazo
5594,13962,4,2026-01-20,2026-01-20,0,No prazo
5595,13964,4,2026-08-04,2026-08-05,1,Atrasada
5596,13967,4,2026-04-01,2026-04-03,2,Atrasada
5597,13968,4,2026-06-09,2026-06-09,0,No prazo
5598,13974,1,2026-03-28,2026-03-28,0,No prazo
5599,13975,4,2026-04-27,2026-04-27,0,No prazo
5600,13978,4,2026-01-07,2026-01-07,0,No prazo
5601,13979,4,2026-01-11,2026-01-10,0,No prazo
5602,13981,3,2026-04-24,2026-04-24,0,No prazo
5603,13982,3,2026-08-07,2026-08-09,2,Atrasada
5604,13986,1,2026-03-18,2026-03-18,0,No prazo
5605,13988,4,2026-04-19,2026-04-20,1,Atrasada
5606,13989,4,2026-05-13,2026-05-15,2,Atrasada
5607,13992,3,2026-04-28,2026-04-28,0,No prazo
5608,13996,4,2026-02-28,2026-02-28,0,No prazo
5609,14000,5,2026-07-19,2026-07-19,0,No prazo
5610,14001,4,2026-07-01,2026-07-01,0,No prazo
5611,14003,3,2026-05-16,2026-05-16,0,No prazo
5612,14005,1,2026-03-02,2026-03-02,0,No prazo
5613,14007,4,2026-04-12,2026-04-12,0,No prazo
5614,14008,3,2026-01-30,2026-02-04,5,Atrasada
5615,14013,3,2026-02-12,2026-02-13,1,Atrasada
5616,14015,4,2026-06-30,2026-06-30,0,No prazo
5617,14016,4,2026-06-13,2026-06-13,0,No prazo
5618,14019,2,2026-02-19,2026-02-19,0,No prazo
5619,14020,5,2026-07-25,2026-07-25,0,No prazo
5620,14029,4,2026-01-24,2026-01-24,0,No prazo
5621,14031,3,2026-08-08,2026-08-08,0,No prazo
5622,14033,4,2026-02-05,2026-02-05,0,No prazo
5623,14041,4,2026-08-06,2026-08-06,0,No prazo
5624,14042,5,2026-08-05,2026-08-05,0,No prazo
5625,14046,4,2026-03-24,2026-03-24,0,No prazo
5626,14047,5,2026-08-07,2026-08-07,0,No prazo
5627,14048,3,2026-04-07,2026-04-07,0,No prazo
5628,14049,4,2026-01-10,2026-01-11,1,Atrasada
5629,14055,1,2026-07-18,2026-07-18,0,No prazo
5630,14059,5,2026-03-11,2026-03-11,0,No prazo
5631,14062,3,2026-02-09,2026-02-09,0,No prazo
5632,14064,5,2026-01-06,2026-01-06,0,No prazo
5633,14065,1,2026-01-18,2026-01-18,0,No prazo
5634,14066,3,2026-03-03,2026-03-03,0,No prazo
5635,14067,1,2026-02-03,2026-02-02,0,No prazo
5636,14069,4,2026-03-28,2026-03-28,0,No prazo
5637,14071,3,2026-01-31,2026-02-05,5,Atrasada
5638,14072,4,2026-07-01,2026-07-01,0,No prazo
5639,14074,5,2026-06-09,2026-06-08,0,No prazo
5640,14077,5,2026-03-22,2026-03-25,3,Atrasada
5641,14078,2,2026-04-06,2026-04-06,0,No prazo
5642,14086,3,2026-03-09,2026-03-09,0,No prazo
5643,14093,2,2026-07-01,2026-07-01,0,No prazo
5644,14094,3,2026-02-21,2026-02-24,3,Atrasada
5645,14096,2,2026-08-10,2026-08-10,0,No prazo
5646,14100,4,2026-07-31,2026-07-31,0,No prazo
5647,14101,3,2026-06-19,2026-06-22,3,Atrasada
5648,14102,1,2026-06-29,2026-06-29,0,No prazo
5649,14104,5,2026-07-07,2026-07-07,0,No prazo
5650,14106,3,2026-06-27,2026-06-28,1,Atrasada
5651,14108,2,2026-02-18,2026-02-18,0,No prazo
5652,14112,4,2026-06-17,2026-06-19,2,Atrasada
5653,14113,1,2026-02-10,2026-02-10,0,No prazo
5654,14116,4,2026-03-03,2026-03-03,0,No prazo
5655,14119,4,2026-08-05,2026-08-08,3,Atrasada
5656,14130,3,2026-05-30,2026-05-30,0,No prazo
5657,14132,5,2026-02-28,2026-03-01,1,Atrasada
5658,14134,4,2026-04-19,2026-04-21,2,Atrasada
5659,14135,3,2026-03-07,2026-03-10,3,Atrasada
5660,14137,5,2026-01-20,2026-01-20,0,No prazo
5661,14138,3,2026-02-22,2026-02-22,0,No prazo
5662,14145,1,2026-07-05,2026-07-05,0,No prazo
5663,14146,1,2026-05-07,2026-05-07,0,No prazo
5664,14147,5,2026-07-08,2026-07-08,0,No prazo
5665,14149,2,2026-06-27,2026-06-26,0,No prazo
5666,14150,5,2026-03-04,2026-03-04,0,No prazo
5667,14152,3,2026-01-11,2026-01-12,1,Atrasada
5668,14156,2,2026-05-07,2026-05-07,0,No prazo
5669,14160,5,2026-02-04,2026-02-04,0,No prazo
5670,14161,4,2026-07-26,2026-07-27,1,Atrasada
5671,14162,4,2026-08-01,2026-08-01,0,No prazo
5672,14164,1,2026-05-10,2026-05-10,0,No prazo
5673,14165,3,2026-06-05,2026-06-05,0,No prazo
5674,14172,5,2026-07-19,2026-07-19,0,No prazo
5675,14174,3,2026-03-27,2026-03-27,0,No prazo
5676,14178,1,2026-02-23,2026-02-23,0,No prazo
5677,14181,4,2026-06-18,2026-06-18,0,No prazo
5678,14187,3,2026-05-10,2026-05-10,0,No prazo
5679,14188,5,2026-07-13,2026-07-13,0,No prazo
5680,14193,4,2026-07-15,2026-07-15,0,No prazo
5681,14194,1,2026-03-12,2026-03-14,2,Atrasada
5682,14195,3,2026-06-29,2026-06-29,0,No prazo
5683,14203,4,2026-04-06,2026-04-06,0,No prazo
5684,14205,4,2026-07-29,2026-07-29,0,No prazo
5685,14206,2,2026-01-30,2026-01-30,0,No prazo
5686,14207,1,2026-08-06,2026-08-06,0,No prazo
5687,14214,4,2026-02-01,2026-02-01,0,No prazo
5688,14215,3,2026-04-21,2026-04-21,0,No prazo
5689,14217,4,2026-03-04,2026-03-07,3,Atrasada
5690,14220,3,2026-02-07,2026-02-07,0,No prazo
5691,14222,3,2026-04-05,2026-04-06,1,Atrasada
5692,14223,4,2026-03-18,2026-03-18,0,No prazo
5693,14224,5,2026-06-07,2026-06-07,0,No prazo
5694,14225,3,2026-02-26,2026-02-26,0,No prazo
5695,14226,1,2026-06-21,2026-06-21,0,No prazo
5696,14228,4,2026-01-22,2026-01-22,0,No prazo
5697,14229,1,2026-06-26,2026-06-26,0,No prazo
5698,14230,4,2026-07-10,2026-07-10,0,No prazo
5699,14234,2,2026-03-17,2026-03-17,0,No prazo
5700,14235,1,2026-03-19,2026-03-19,0,No prazo
5701,14238,3,2026-06-11,2026-06-12,1,Atrasada
5702,14239,2,2026-03-11,2026-03-11,0,No prazo
5703,14242,4,2026-05-05,2026-05-05,0,No prazo
5704,14243,5,2026-01-20,2026-01-20,0,No prazo
5705,14249,4,2026-07-21,2026-07-21,0,No prazo
5706,14252,3,2026-06-16,2026-06-16,0,No prazo
5707,14254,1,2026-07-10,2026-07-10,0,No prazo
5708,14256,4,2026-07-31,2026-07-31,0,No prazo
5709,14262,4,2026-05-11,2026-05-13,2,Atrasada
5710,14264,3,2026-04-12,2026-04-12,0,No prazo
5711,14265,5,2026-02-11,2026-02-11,0,No prazo
5712,14266,2,2026-05-07,2026-05-07,0,No prazo
5713,14273,3,2026-03-18,2026-03-18,0,No prazo
5714,14274,1,2026-06-08,2026-06-09,1,Atrasada
5715,14277,5,2026-04-19,2026-04-18,0,No prazo
5716,14280,5,2026-01-08,2026-01-08,0,No prazo
5717,14281,1,2026-02-12,2026-02-12,0,No prazo
5718,14282,5,2026-04-23,2026-04-23,0,No prazo
5719,14284,5,2026-05-01,2026-05-03,2,Atrasada
5720,14285,3,2026-02-09,2026-02-12,3,Atrasada
5721,14295,1,2026-07-17,2026-07-17,0,No prazo
5722,14298,3,2026-07-23,2026-07-23,0,No prazo
5723,14299,5,2026-05-12,2026-05-12,0,No prazo
5724,14300,1,2026-03-15,2026-03-16,1,Atrasada
5725,14302,4,2026-02-27,2026-02-27,0,No prazo
5726,14303,3,2026-07-05,2026-07-05,0,No prazo
5727,14304,5,2026-04-10,2026-04-11,1,Atrasada
5728,14305,3,2026-03-27,2026-03-27,0,No prazo
5729,14306,5,2026-06-04,2026-06-04,0,No prazo
5730,14308,1,2026-03-23,2026-03-23,0,No prazo
5731,14316,4,2026-03-16,2026-03-16,0,No prazo
5732,14317,2,2026-03-11,2026-03-11,0,No prazo
5733,14322,5,2026-04-27,2026-04-28,1,Atrasada
5734,14325,4,2026-06-05,2026-06-05,0,No prazo
5735,14330,5,2026-06-26,2026-06-26,0,No prazo
5736,14332,2,2026-07-31,2026-08-01,1,Atrasada
5737,14333,5,2026-05-19,2026-05-19,0,No prazo
5738,14336,4,2026-07-15,2026-07-15,0,No prazo
5739,14338,5,2026-06-07,2026-06-07,0,No prazo
5740,14340,3,2026-06-03,2026-06-03,0,No prazo
5741,14341,4,2026-01-21,2026-01-21,0,No prazo
5742,14342,3,2026-03-26,2026-03-26,0,No prazo
5743,14345,4,2026-07-14,2026-07-14,0,No prazo
5744,14347,1,2026-05-02,2026-05-02,0,No prazo
5745,14352,4,2026-03-31,2026-03-31,0,No prazo
5746,14355,3,2026-01-12,2026-01-12,0,No prazo
5747,14360,4,2026-05-21,2026-05-21,0,No prazo
5748,14361,3,2026-05-10,2026-05-10,0,No prazo
5749,14362,1,2026-04-27,2026-04-27,0,No prazo
5750,14365,4,2026-07-28,2026-07-28,0,No prazo
5751,14367,3,2026-08-07,2026-08-07,0,No prazo
5752,14369,4,2026-05-02,2026-05-03,1,Atrasada
5753,14371,1,2026-07-12,2026-07-12,0,No prazo
5754,14373,1,2026-07-23,2026-07-23,0,No prazo
5755,14378,4,2026-03-03,2026-03-03,0,No prazo
5756,14379,3,2026-02-14,2026-02-14,0,No prazo
5757,14384,1,2026-02-14,2026-02-14,0,No prazo
5758,14385,4,2026-02-07,2026-02-06,0,No prazo
5759,14387,4,2026-06-27,2026-06-27,0,No prazo
5760,14396,4,2026-03-15,2026-03-15,0,No prazo
5761,14401,4,2026-08-02,2026-08-02,0,No prazo
5762,14402,5,2026-03-09,2026-03-08,0,No prazo
5763,14406,4,2026-02-14,2026-02-14,0,No prazo
5764,14412,4,2026-06-23,2026-06-23,0,No prazo
5765,14414,4,2026-03-25,2026-03-25,0,No prazo
5766,14416,1,2026-05-19,2026-05-22,3,Atrasada
5767,14417,1,2026-07-02,2026-07-02,0,No prazo
5768,14418,5,2026-04-19,2026-04-19,0,No prazo
5769,14429,2,2026-01-10,2026-01-10,0,No prazo
5770,14432,3,2026-08-07,2026-08-08,1,Atrasada
5771,14433,4,2026-02-04,2026-02-04,0,No prazo
5772,14439,1,2026-08-06,2026-08-06,0,No prazo
5773,14442,5,2026-04-29,2026-04-29,0,No prazo
5774,14443,5,2026-04-24,2026-04-24,0,No prazo
5775,14444,4,2026-04-25,2026-04-26,1,Atrasada
5776,14447,3,2026-03-23,2026-03-24,1,Atrasada
5777,14448,4,2026-05-18,2026-05-18,0,No prazo
5778,14450,4,2026-05-02,2026-05-02,0,No prazo
5779,14453,4,2026-03-13,2026-03-16,3,Atrasada
5780,14455,2,2026-03-30,2026-03-30,0,No prazo
5781,14456,4,2026-07-20,2026-07-20,0,No prazo
5782,14459,4,2026-03-21,2026-03-21,0,No prazo
5783,14460,5,2026-01-13,2026-01-13,0,No prazo
5784,14461,4,2026-06-18,2026-06-18,0,No prazo
5785,14462,2,2026-07-15,2026-07-15,0,No prazo
5786,14463,5,2026-04-20,2026-04-20,0,No prazo
5787,14464,3,2026-07-02,2026-07-02,0,No prazo
5788,14465,2,2026-07-27,2026-07-27,0,No prazo
5789,14468,4,2026-01-07,2026-01-08,1,Atrasada
5790,14469,4,2026-06-18,2026-06-18,0,No prazo
5791,14472,5,2026-01-15,2026-01-15,0,No prazo
5792,14475,4,2026-03-14,2026-03-14,0,No prazo
5793,14477,1,2026-03-24,2026-03-27,3,Atrasada
5794,14480,4,2026-03-22,2026-03-22,0,No prazo
5795,14481,4,2026-03-01,2026-03-01,0,No prazo
5796,14484,3,2026-07-24,2026-07-24,0,No prazo
5797,14488,3,2026-02-23,2026-02-23,0,No prazo
5798,14492,5,2026-06-19,2026-06-19,0,No prazo
5799,14493,3,2026-01-20,2026-01-21,1,Atrasada
5800,14494,3,2026-03-29,2026-03-29,0,No prazo
5801,14495,3,2026-03-21,2026-03-21,0,No prazo
5802,14496,3,2026-05-28,2026-05-31,3,Atrasada
5803,14499,3,2026-04-17,2026-04-17,0,No prazo
5804,14500,5,2026-06-13,2026-06-13,0,No prazo
5805,14504,5,2026-01-21,2026-01-23,2,Atrasada
5806,14505,1,2026-06-10,2026-06-10,0,No prazo
5807,14508,4,2026-01-31,2026-01-31,0,No prazo
5808,14509,2,2026-02-03,2026-02-03,0,No prazo
5809,14510,3,2026-07-28,2026-07-28,0,No prazo
5810,14511,1,2026-02-11,2026-02-11,0,No prazo
5811,14514,4,2026-06-26,2026-06-26,0,No prazo
5812,14515,5,2026-07-27,2026-07-27,0,No prazo
5813,14516,3,2026-01-27,2026-01-27,0,No prazo
5814,14519,2,2026-07-12,2026-07-12,0,No prazo
5815,14523,4,2026-02-16,2026-02-16,0,No prazo
5816,14525,5,2026-02-01,2026-02-01,0,No prazo
5817,14527,4,2026-06-26,2026-06-28,2,Atrasada
5818,14530,3,2026-05-25,2026-05-25,0,No prazo
5819,14533,1,2026-05-23,2026-05-24,1,Atrasada
5820,14536,5,2026-01-20,2026-01-20,0,No prazo
5821,14541,4,2026-02-19,2026-02-24,5,Atrasada
5822,14543,3,2026-06-17,2026-06-17,0,No prazo
5823,14544,2,2026-05-28,2026-05-31,3,Atrasada
5824,14545,1,2026-01-27,2026-01-27,0,No prazo
5825,14546,4,2026-07-16,2026-07-17,1,Atrasada
5826,14547,4,2026-07-24,2026-07-23,0,No prazo
5827,14551,5,2026-06-28,2026-06-28,0,No prazo
5828,14557,4,2026-06-21,2026-06-21,0,No prazo
5829,14559,1,2026-02-10,2026-02-10,0,No prazo
5830,14564,5,2026-03-06,2026-03-06,0,No prazo
5831,14569,5,2026-03-13,2026-03-14,1,Atrasada
5832,14570,4,2026-03-13,2026-03-18,5,Atrasada
5833,14574,1,2026-07-14,2026-07-17,3,Atrasada
5834,14579,4,2026-05-30,2026-06-04,5,Atrasada
5835,14580,3,2026-03-16,2026-03-16,0,No prazo
5836,14581,4,2026-02-17,2026-02-17,0,No prazo
5837,14583,1,2026-06-11,2026-06-11,0,No prazo
5838,14584,2,2026-01-12,2026-01-12,0,No prazo
5839,14586,4,2026-03-29,2026-03-28,0,No prazo
5840,14588,1,2026-07-26,2026-07-25,0,No prazo
5841,14593,2,2026-02-09,2026-02-12,3,Atrasada
5842,14601,3,2026-05-10,2026-05-10,0,No prazo
5843,14602,3,2026-02-17,2026-02-17,0,No prazo
5844,14603,3,2026-01-20,2026-01-20,0,No prazo
5845,14604,5,2026-07-15,2026-07-15,0,No prazo
5846,14605,1,2026-04-07,2026-04-07,0,No prazo
5847,14609,4,2026-05-05,2026-05-05,0,No prazo
5848,14614,4,2026-05-23,2026-05-23,0,No prazo
5849,14615,3,2026-08-05,2026-08-06,1,Atrasada
5850,14616,3,2026-04-20,2026-04-20,0,No prazo
5851,14619,5,2026-05-29,2026-05-29,0,No prazo
5852,14620,4,2026-07-20,2026-07-20,0,No prazo
5853,14621,3,2026-02-01,2026-02-02,1,Atrasada
5854,14626,4,2026-07-16,2026-07-16,0,No prazo
5855,14628,5,2026-01-14,2026-01-15,1,Atrasada
5856,14631,3,2026-06-11,2026-06-13,2,Atrasada
5857,14633,5,2026-01-07,2026-01-07,0,No prazo
5858,14634,4,2026-03-19,2026-03-19,0,No prazo
5859,14635,1,2026-06-13,2026-06-13,0,No prazo
5860,14637,4,2026-05-05,2026-05-05,0,No prazo
5861,14638,4,2026-03-01,2026-03-01,0,No prazo
5862,14640,5,2026-02-01,2026-02-03,2,Atrasada
5863,14641,4,2026-01-20,2026-01-25,5,Atrasada
5864,14643,3,2026-05-20,2026-05-20,0,No prazo
5865,14650,5,2026-04-19,2026-04-19,0,No prazo
5866,14653,2,2026-07-04,2026-07-04,0,No prazo
5867,14656,1,2026-02-02,2026-02-02,0,No prazo
5868,14657,3,2026-01-06,2026-01-06,0,No prazo
5869,14658,1,2026-03-05,2026-03-07,2,Atrasada
5870,14660,1,2026-05-28,2026-05-28,0,No prazo
5871,14661,2,2026-05-07,2026-05-07,0,No prazo
5872,14662,1,2026-04-18,2026-04-18,0,No prazo
5873,14663,5,2026-06-10,2026-06-10,0,No prazo
5874,14665,1,2026-06-08,2026-06-13,5,Atrasada
5875,14667,3,2026-03-23,2026-03-24,1,Atrasada
5876,14668,5,2026-07-03,2026-07-04,1,Atrasada
5877,14673,2,2026-08-02,2026-08-04,2,Atrasada
5878,14674,4,2026-02-09,2026-02-09,0,No prazo
5879,14676,1,2026-06-25,2026-06-25,0,No prazo
5880,14677,3,2026-04-09,2026-04-09,0,No prazo
5881,14682,4,2026-03-10,2026-03-10,0,No prazo
5882,14683,3,2026-01-11,2026-01-11,0,No prazo
5883,14685,5,2026-07-13,2026-07-13,0,No prazo
5884,14686,5,2026-05-01,2026-05-01,0,No prazo
5885,14691,3,2026-05-29,2026-05-29,0,No prazo
5886,14696,1,2026-08-02,2026-08-02,0,No prazo
5887,14698,4,2026-04-07,2026-04-12,5,Atrasada
5888,14700,4,2026-03-20,2026-03-20,0,No prazo
5889,14701,4,2026-05-01,2026-05-02,1,Atrasada
5890,14703,1,2026-05-19,2026-05-20,1,Atrasada
5891,14704,4,2026-03-27,2026-03-27,0,No prazo
5892,14705,1,2026-05-21,2026-05-21,0,No prazo
5893,14708,5,2026-01-17,2026-01-17,0,No prazo
5894,14711,4,2026-02-21,2026-02-21,0,No prazo
5895,14713,4,2026-04-05,2026-04-05,0,No prazo
5896,14714,4,2026-05-02,2026-05-03,1,Atrasada
5897,14718,3,2026-01-09,2026-01-09,0,No prazo
5898,14723,3,2026-02-17,2026-02-19,2,Atrasada
5899,14725,3,2026-02-01,2026-02-01,0,No prazo
5900,14727,1,2026-02-21,2026-02-22,1,Atrasada
5901,14728,3,2026-06-13,2026-06-13,0,No prazo
5902,14732,1,2026-07-20,2026-07-21,1,Atrasada
5903,14734,3,2026-03-28,2026-03-28,0,No prazo
5904,14736,5,2026-03-13,2026-03-13,0,No prazo
5905,14738,3,2026-08-11,2026-08-11,0,No prazo
5906,14739,5,2026-02-16,2026-02-17,1,Atrasada
5907,14741,1,2026-07-28,2026-07-28,0,No prazo
5908,14742,3,2026-05-02,2026-05-02,0,No prazo
5909,14743,4,2026-03-21,2026-03-21,0,No prazo
5910,14748,1,2026-04-27,2026-04-27,0,No prazo
5911,14751,1,2026-06-28,2026-06-28,0,No prazo
5912,14753,3,2026-01-07,2026-01-12,5,Atrasada
5913,14757,5,2026-07-20,2026-07-20,0,No prazo
5914,14758,3,2026-05-11,2026-05-11,0,No prazo
5915,14760,3,2026-02-18,2026-02-19,1,Atrasada
5916,14761,4,2026-06-30,2026-06-30,0,No prazo
5917,14763,5,2026-03-09,2026-03-09,0,No prazo
5918,14764,3,2026-06-15,2026-06-15,0,No prazo
5919,14766,1,2026-01-22,2026-01-22,0,No prazo
5920,14768,3,2026-05-12,2026-05-12,0,No prazo
5921,14769,3,2026-05-20,2026-05-21,1,Atrasada
5922,14772,3,2026-07-05,2026-07-07,2,Atrasada
5923,14774,4,2026-02-16,2026-02-17,1,Atrasada
5924,14775,4,2026-01-27,2026-01-27,0,No prazo
5925,14776,4,2026-07-15,2026-07-16,1,Atrasada
5926,14777,4,2026-06-06,2026-06-06,0,No prazo
5927,14779,1,2026-02-18,2026-02-18,0,No prazo
5928,14783,3,2026-04-30,2026-04-30,0,No prazo
5929,14785,4,2026-01-31,2026-01-31,0,No prazo
5930,14787,4,2026-06-04,2026-06-04,0,No prazo
5931,14788,4,2026-04-23,2026-04-23,0,No prazo
5932,14791,1,2026-04-19,2026-04-19,0,No prazo
5933,14792,4,2026-02-13,2026-02-13,0,No prazo
5934,14794,1,2026-08-08,2026-08-08,0,No prazo
5935,14799,5,2026-08-09,2026-08-11,2,Atrasada
5936,14802,1,2026-07-05,2026-07-05,0,No prazo
5937,14803,3,2026-05-10,2026-05-10,0,No prazo
5938,14804,4,2026-05-25,2026-05-26,1,Atrasada
5939,14805,5,2026-06-14,2026-06-13,0,No prazo
5940,14806,5,2026-06-10,2026-06-10,0,No prazo
5941,14808,4,2026-02-02,2026-02-02,0,No prazo
5942,14809,4,2026-07-16,2026-07-16,0,No prazo
5943,14812,1,2026-04-07,2026-04-07,0,No prazo
5944,14814,1,2026-01-23,2026-01-22,0,No prazo
5945,14815,4,2026-04-18,2026-04-18,0,No prazo
5946,14817,5,2026-01-23,2026-01-23,0,No prazo
5947,14820,2,2026-07-23,2026-07-23,0,No prazo
5948,14827,3,2026-06-12,2026-06-12,0,No prazo
5949,14828,1,2026-02-04,2026-02-04,0,No prazo
5950,14834,5,2026-05-25,2026-05-25,0,No prazo
5951,14836,3,2026-03-24,2026-03-24,0,No prazo
5952,14837,4,2026-05-15,2026-05-15,0,No prazo
5953,14841,1,2026-05-01,2026-05-01,0,No prazo
5954,14842,4,2026-02-24,2026-02-24,0,No prazo
5955,14844,2,2026-03-12,2026-03-12,0,No prazo
5956,14845,5,2026-03-01,2026-03-01,0,No prazo
5957,14848,2,2026-05-14,2026-05-14,0,No prazo
5958,14849,4,2026-06-12,2026-06-12,0,No prazo
5959,14851,3,2026-03-07,2026-03-07,0,No prazo
5960,14852,4,2026-04-30,2026-04-30,0,No prazo
5961,14855,2,2026-05-20,2026-05-20,0,No prazo
5962,14858,3,2026-01-28,2026-01-28,0,No prazo
5963,14859,3,2026-03-23,2026-03-23,0,No prazo
5964,14861,1,2026-05-01,2026-05-01,0,No prazo
5965,14863,5,2026-02-09,2026-02-09,0,No prazo
5966,14865,3,2026-06-13,2026-06-13,0,No prazo
5967,14867,4,2026-05-13,2026-05-15,2,Atrasada
5968,14868,1,2026-07-20,2026-07-22,2,Atrasada
5969,14870,1,2026-07-30,2026-07-30,0,No prazo
5970,14875,3,2026-01-05,2026-01-05,0,No prazo
5971,14876,4,2026-02-10,2026-02-10,0,No prazo
5972,14881,4,2026-03-19,2026-03-21,2,Atrasada
5973,14882,4,2026-02-11,2026-02-11,0,No prazo
5974,14883,3,2026-08-09,2026-08-08,0,No prazo
5975,14884,2,2026-07-02,2026-07-02,0,No prazo
5976,14885,2,2026-03-23,2026-03-22,0,No prazo
5977,14887,1,2026-07-02,2026-07-02,0,No prazo
5978,14888,5,2026-04-14,2026-04-14,0,No prazo
5979,14889,3,2026-03-25,2026-03-25,0,No prazo
5980,14898,5,2026-04-07,2026-04-07,0,No prazo
5981,14899,4,2026-03-25,2026-03-25,0,No prazo
5982,14903,4,2026-03-01,2026-03-01,0,No prazo
5983,14904,4,2026-07-23,2026-07-22,0,No prazo
5984,14906,3,2026-05-05,2026-05-05,0,No prazo
5985,14907,2,2026-02-09,2026-02-09,0,No prazo
5986,14910,4,2026-03-07,2026-03-07,0,No prazo
5987,14911,4,2026-01-16,2026-01-16,0,No prazo
5988,14912,3,2026-06-24,2026-06-24,0,No prazo
5989,14914,1,2026-03-02,2026-03-02,0,No prazo
5990,14920,4,2026-01-08,2026-01-08,0,No prazo
5991,14921,4,2026-02-13,2026-02-18,5,Atrasada
5992,14922,4,2026-07-31,2026-07-31,0,No prazo
5993,14929,1,2026-01-05,2026-01-05,0,No prazo
5994,14930,4,2026-07-18,2026-07-18,0,No prazo
5995,14931,3,2026-05-29,2026-05-29,0,No prazo
5996,14932,3,2026-06-14,2026-06-13,0,No prazo
5997,14933,4,2026-07-25,2026-07-25,0,No prazo
5998,14935,3,2026-06-10,2026-06-10,0,No prazo
5999,14936,5,2026-04-22,2026-04-22,0,No prazo
6000,14938,3,2026-05-29,2026-06-03,5,Atrasada
6001,14939,1,2026-04-15,2026-04-15,0,No prazo
6002,14944,5,2026-06-12,2026-06-12,0,No prazo
6003,14945,4,2026-05-08,2026-05-08,0,No prazo
6004,14946,5,2026-02-13,2026-02-13,0,No prazo
6005,14947,4,2026-03-24,2026-03-24,0,No prazo
6006,14952,5,2026-06-12,2026-06-12,0,No prazo
6007,14955,5,2026-05-30,2026-05-30,0,No prazo
6008,14957,3,2026-06-16,2026-06-16,0,No prazo
6009,14960,4,2026-05-11,2026-05-11,0,No prazo
6010,14961,2,2026-01-30,2026-01-30,0,No prazo
6011,14962,4,2026-05-16,2026-05-17,1,Atrasada
6012,14963,5,2026-06-05,2026-06-05,0,No prazo
6013,14965,4,2026-03-10,2026-03-11,1,Atrasada
6014,14968,1,2026-06-04,2026-06-05,1,Atrasada
6015,14970,4,2026-06-09,2026-06-09,0,No prazo
6016,14971,5,2026-06-24,2026-06-24,0,No prazo
6017,14972,3,2026-04-24,2026-04-24,0,No prazo
6018,14975,5,2026-04-15,2026-04-15,0,No prazo
6019,14976,1,2026-05-29,2026-05-29,0,No prazo
6020,14977,4,2026-07-21,2026-07-21,0,No prazo
6021,14979,1,2026-05-18,2026-05-18,0,No prazo
6022,14980,5,2026-01-07,2026-01-07,0,No prazo
6023,14981,4,2026-07-17,2026-07-17,0,No prazo
6024,14982,4,2026-01-15,2026-01-15,0,No prazo
6025,14983,4,2026-05-02,2026-05-02,0,No prazo
6026,14984,3,2026-03-22,2026-03-22,0,No prazo
6027,14986,4,2026-04-14,2026-04-16,2,Atrasada
6028,14987,2,2026-07-27,2026-07-27,0,No prazo
6029,14988,5,2026-02-09,2026-02-09,0,No prazo
6030,14989,2,2026-03-08,2026-03-09,1,Atrasada
6031,14990,4,2026-02-12,2026-02-12,0,No prazo
6032,14991,2,2026-01-31,2026-01-31,0,No prazo
6033,14992,1,2026-02-22,2026-02-25,3,Atrasada
6034,14995,4,2026-06-02,2026-06-02,0,No prazo
6035,15003,3,2026-06-20,2026-06-19,0,No prazo
6036,15004,5,2026-01-22,2026-01-22,0,No prazo
6037,15005,2,2026-02-18,2026-02-18,0,No prazo
6038,15006,2,2026-03-30,2026-03-30,0,No prazo
6039,15007,4,2026-06-05,2026-06-05,0,No prazo
6040,15010,5,2026-03-18,2026-03-19,1,Atrasada
6041,15011,4,2026-06-12,2026-06-12,0,No prazo
6042,15014,2,2026-04-24,2026-04-25,1,Atrasada
6043,15017,3,2026-01-25,2026-01-25,0,No prazo
6044,15019,4,2026-02-16,2026-02-17,1,Atrasada
6045,15022,4,2026-07-31,2026-08-02,2,Atrasada
6046,15023,3,2026-05-26,2026-05-26,0,No prazo
6047,15025,5,2026-02-17,2026-02-17,0,No prazo
6048,15027,5,2026-02-26,2026-02-27,1,Atrasada
6049,15029,1,2026-04-18,2026-04-18,0,No prazo
6050,15031,2,2026-07-19,2026-07-19,0,No prazo
6051,15032,3,2026-03-10,2026-03-11,1,Atrasada
6052,15036,4,2026-01-16,2026-01-16,0,No prazo
6053,15040,1,2026-01-03,2026-01-04,1,Atrasada
6054,15042,4,2026-07-17,2026-07-17,0,No prazo
6055,15045,3,2026-05-29,2026-05-29,0,No prazo
6056,15046,4,2026-03-09,2026-03-09,0,No prazo
6057,15047,4,2026-05-22,2026-05-27,5,Atrasada
6058,15050,4,2026-06-03,2026-06-03,0,No prazo
6059,15051,4,2026-07-15,2026-07-15,0,No prazo
6060,15055,1,2026-05-03,2026-05-03,0,No prazo
6061,15056,2,2026-03-14,2026-03-14,0,No prazo
6062,15057,4,2026-05-20,2026-05-20,0,No prazo
6063,15060,3,2026-07-19,2026-07-19,0,No prazo
6064,15061,5,2026-07-15,2026-07-15,0,No prazo
6065,15064,3,2026-03-07,2026-03-07,0,No prazo
6066,15066,1,2026-01-30,2026-01-29,0,No prazo
6067,15068,4,2026-04-09,2026-04-09,0,No prazo
6068,15069,4,2026-01-21,2026-01-22,1,Atrasada
6069,15072,4,2026-07-17,2026-07-17,0,No prazo
6070,15077,4,2026-01-31,2026-01-31,0,No prazo
6071,15080,5,2026-08-04,2026-08-05,1,Atrasada
6072,15081,4,2026-01-28,2026-01-29,1,Atrasada
6073,15085,4,2026-05-17,2026-05-20,3,Atrasada
6074,15091,4,2026-07-25,2026-07-25,0,No prazo
6075,15095,1,2026-05-27,2026-05-27,0,No prazo
6076,15099,4,2026-07-01,2026-07-01,0,No prazo
6077,15100,5,2026-03-25,2026-03-25,0,No prazo
6078,15101,4,2026-02-04,2026-02-04,0,No prazo
6079,15103,3,2026-06-03,2026-06-03,0,No prazo
6080,15105,1,2026-05-08,2026-05-11,3,Atrasada
6081,15106,4,2026-02-08,2026-02-08,0,No prazo
6082,15108,1,2026-06-25,2026-06-25,0,No prazo
6083,15110,1,2026-05-04,2026-05-04,0,No prazo
6084,15111,2,2026-08-04,2026-08-04,0,No prazo
6085,15113,2,2026-01-07,2026-01-07,0,No prazo
6086,15116,3,2026-08-09,2026-08-12,3,Atrasada
6087,15118,3,2026-05-18,2026-05-18,0,No prazo
6088,15119,4,2026-03-16,2026-03-21,5,Atrasada
6089,15120,1,2026-04-10,2026-04-10,0,No prazo
6090,15123,2,2026-05-19,2026-05-21,2,Atrasada
6091,15135,3,2026-04-27,2026-04-27,0,No prazo
6092,15136,1,2026-06-05,2026-06-05,0,No prazo
6093,15137,5,2026-04-26,2026-04-26,0,No prazo
6094,15138,2,2026-04-02,2026-04-02,0,No prazo
6095,15143,4,2026-01-24,2026-01-24,0,No prazo
6096,15144,5,2026-08-07,2026-08-06,0,No prazo
6097,15145,4,2026-01-11,2026-01-11,0,No prazo
6098,15158,4,2026-03-14,2026-03-16,2,Atrasada
6099,15160,1,2026-07-20,2026-07-20,0,No prazo
6100,15163,5,2026-01-16,2026-01-17,1,Atrasada
6101,15165,5,2026-01-25,2026-01-25,0,No prazo
6102,15166,1,2026-05-29,2026-05-30,1,Atrasada
6103,15169,2,2026-03-03,2026-03-03,0,No prazo
6104,15171,3,2026-07-13,2026-07-14,1,Atrasada
6105,15173,4,2026-03-18,2026-03-18,0,No prazo
6106,15177,4,2026-02-13,2026-02-15,2,Atrasada
6107,15179,4,2026-07-31,2026-07-31,0,No prazo
6108,15181,5,2026-05-04,2026-05-09,5,Atrasada
6109,15182,5,2026-03-14,2026-03-14,0,No prazo
6110,15186,2,2026-01-26,2026-01-28,2,Atrasada
6111,15187,5,2026-06-01,2026-06-01,0,No prazo
6112,15192,4,2026-01-14,2026-01-14,0,No prazo
6113,15193,2,2026-02-07,2026-02-07,0,No prazo
6114,15200,3,2026-07-06,2026-07-06,0,No prazo
6115,15202,5,2026-04-25,2026-04-25,0,No prazo
6116,15205,5,2026-07-29,2026-07-31,2,Atrasada
6117,15206,5,2026-07-18,2026-07-18,0,No prazo
6118,15209,2,2026-03-23,2026-03-23,0,No prazo
6119,15219,3,2026-04-19,2026-04-18,0,No prazo
6120,15220,5,2026-03-25,2026-03-24,0,No prazo
6121,15221,2,2026-01-21,2026-01-23,2,Atrasada
6122,15228,4,2026-06-06,2026-06-06,0,No prazo
6123,15231,4,2026-01-22,2026-01-22,0,No prazo
6124,15233,1,2026-04-16,2026-04-16,0,No prazo
6125,15237,1,2026-08-07,2026-08-07,0,No prazo
6126,15239,3,2026-08-03,2026-08-04,1,Atrasada
6127,15242,4,2026-07-03,2026-07-06,3,Atrasada
6128,15245,3,2026-04-05,2026-04-05,0,No prazo
6129,15246,4,2026-04-30,2026-04-30,0,No prazo
6130,15250,4,2026-02-19,2026-02-19,0,No prazo
6131,15251,3,2026-02-17,2026-02-16,0,No prazo
6132,15253,4,2026-02-15,2026-02-15,0,No prazo
6133,15256,4,2026-06-22,2026-06-22,0,No prazo
6134,15257,4,2026-02-08,2026-02-08,0,No prazo
6135,15258,2,2026-02-02,2026-02-02,0,No prazo
6136,15260,4,2026-05-05,2026-05-05,0,No prazo
6137,15261,1,2026-06-24,2026-06-24,0,No prazo
6138,15265,4,2026-07-21,2026-07-21,0,No prazo
6139,15269,4,2026-04-18,2026-04-18,0,No prazo
6140,15271,3,2026-05-17,2026-05-17,0,No prazo
6141,15274,3,2026-06-20,2026-06-20,0,No prazo
6142,15277,1,2026-04-04,2026-04-04,0,No prazo
6143,15278,3,2026-05-21,2026-05-21,0,No prazo
6144,15279,3,2026-05-23,2026-05-23,0,No prazo
6145,15281,5,2026-04-30,2026-04-30,0,No prazo
6146,15286,3,2026-07-28,2026-07-29,1,Atrasada
6147,15287,3,2026-05-15,2026-05-15,0,No prazo
6148,15288,5,2026-03-31,2026-04-01,1,Atrasada
6149,15289,5,2026-03-20,2026-03-20,0,No prazo
6150,15291,2,2026-01-14,2026-01-14,0,No prazo
6151,15293,2,2026-03-03,2026-03-03,0,No prazo
6152,15294,4,2026-03-02,2026-03-04,2,Atrasada
6153,15295,3,2026-05-06,2026-05-06,0,No prazo
6154,15296,5,2026-08-03,2026-08-03,0,No prazo
6155,15299,3,2026-04-27,2026-04-27,0,No prazo
6156,15300,3,2026-08-06,2026-08-06,0,No prazo
6157,15309,4,2026-06-27,2026-06-29,2,Atrasada
6158,15312,2,2026-07-06,2026-07-06,0,No prazo
6159,15313,2,2026-06-15,2026-06-15,0,No prazo
6160,15316,1,2026-05-31,2026-06-03,3,Atrasada
6161,15319,2,2026-04-02,2026-04-02,0,No prazo
6162,15320,5,2026-03-26,2026-03-26,0,No prazo
6163,15321,3,2026-01-11,2026-01-14,3,Atrasada
6164,15323,1,2026-01-22,2026-01-22,0,No prazo
6165,15325,2,2026-04-24,2026-04-24,0,No prazo
6166,15326,4,2026-04-01,2026-04-01,0,No prazo
6167,15327,1,2026-08-01,2026-08-02,1,Atrasada
6168,15334,4,2026-03-12,2026-03-15,3,Atrasada
6169,15335,2,2026-05-29,2026-05-29,0,No prazo
6170,15336,5,2026-07-04,2026-07-04,0,No prazo
6171,15337,1,2026-02-18,2026-02-18,0,No prazo
6172,15342,4,2026-02-07,2026-02-09,2,Atrasada
6173,15345,4,2026-08-08,2026-08-11,3,Atrasada
6174,15349,1,2026-01-09,2026-01-09,0,No prazo
6175,15354,5,2026-02-11,2026-02-11,0,No prazo
6176,15355,4,2026-05-29,2026-05-29,0,No prazo
6177,15356,3,2026-04-13,2026-04-13,0,No prazo
6178,15357,5,2026-05-08,2026-05-08,0,No prazo
6179,15360,1,2026-05-29,2026-05-30,1,Atrasada
6180,15362,1,2026-04-09,2026-04-10,1,Atrasada
6181,15364,2,2026-06-22,2026-06-22,0,No prazo
6182,15365,2,2026-06-11,2026-06-12,1,Atrasada
6183,15366,1,2026-04-07,2026-04-07,0,No prazo
6184,15368,4,2026-02-24,2026-02-26,2,Atrasada
6185,15371,5,2026-06-20,2026-06-19,0,No prazo
6186,15377,5,2026-06-17,2026-06-17,0,No prazo
6187,15378,1,2026-06-21,2026-06-21,0,No prazo
6188,15381,2,2026-04-05,2026-04-05,0,No prazo
6189,15383,5,2026-05-07,2026-05-07,0,No prazo
6190,15388,1,2026-03-31,2026-03-31,0,No prazo
6191,15389,1,2026-06-27,2026-06-27,0,No prazo
6192,15392,4,2026-03-30,2026-03-30,0,No prazo
6193,15397,4,2026-07-25,2026-07-28,3,Atrasada
6194,15398,1,2026-05-14,2026-05-16,2,Atrasada
6195,15400,3,2026-02-04,2026-02-07,3,Atrasada
6196,15401,1,2026-06-24,2026-06-29,5,Atrasada
6197,15412,5,2026-04-01,2026-04-01,0,No prazo
6198,15413,1,2026-05-05,2026-05-06,1,Atrasada
6199,15414,1,2026-06-13,2026-06-13,0,No prazo
6200,15415,4,2026-01-02,2026-01-04,2,Atrasada
6201,15416,3,2026-04-10,2026-04-10,0,No prazo
6202,15417,3,2026-02-26,2026-02-26,0,No prazo
6203,15420,1,2026-04-08,2026-04-09,1,Atrasada
6204,15422,5,2026-04-25,2026-04-30,5,Atrasada
6205,15424,4,2026-04-14,2026-04-14,0,No prazo
6206,15426,1,2026-07-01,2026-07-01,0,No prazo
6207,15429,1,2026-02-21,2026-02-21,0,No prazo
6208,15430,1,2026-06-26,2026-06-26,0,No prazo
6209,15431,1,2026-06-06,2026-06-06,0,No prazo
6210,15437,5,2026-01-04,2026-01-09,5,Atrasada
6211,15438,3,2026-03-06,2026-03-06,0,No prazo
6212,15443,2,2026-06-28,2026-06-30,2,Atrasada
6213,15444,2,2026-03-03,2026-03-03,0,No prazo
6214,15446,4,2026-07-20,2026-07-21,1,Atrasada
6215,15449,4,2026-07-24,2026-07-24,0,No prazo
6216,15457,4,2026-03-06,2026-03-06,0,No prazo
6217,15462,1,2026-03-21,2026-03-21,0,No prazo
6218,15466,1,2026-02-28,2026-03-03,3,Atrasada
6219,15467,1,2026-06-02,2026-06-02,0,No prazo
6220,15468,1,2026-03-06,2026-03-06,0,No prazo
6221,15470,4,2026-05-22,2026-05-22,0,No prazo
6222,15472,1,2026-01-03,2026-01-03,0,No prazo
6223,15474,2,2026-06-13,2026-06-13,0,No prazo
6224,15478,4,2026-08-06,2026-08-06,0,No prazo
6225,15482,1,2026-01-14,2026-01-14,0,No prazo
6226,15483,2,2026-02-25,2026-02-25,0,No prazo
6227,15484,1,2026-01-22,2026-01-22,0,No prazo
6228,15485,3,2026-06-26,2026-06-26,0,No prazo
6229,15487,4,2026-06-01,2026-06-01,0,No prazo
6230,15489,4,2026-03-12,2026-03-12,0,No prazo
6231,15491,5,2026-07-14,2026-07-14,0,No prazo
6232,15492,2,2026-04-08,2026-04-08,0,No prazo
6233,15493,3,2026-04-12,2026-04-12,0,No prazo
6234,15496,3,2026-07-13,2026-07-13,0,No prazo
6235,15498,4,2026-02-15,2026-02-15,0,No prazo
6236,15499,2,2026-04-29,2026-04-29,0,No prazo
6237,15500,3,2026-06-07,2026-06-07,0,No prazo
6238,15501,2,2026-01-20,2026-01-22,2,Atrasada
6239,15504,4,2026-03-08,2026-03-08,0,No prazo
6240,15506,4,2026-04-24,2026-04-24,0,No prazo
6241,15507,4,2026-07-24,2026-07-24,0,No prazo
6242,15509,5,2026-02-27,2026-03-01,2,Atrasada
6243,15519,3,2026-08-06,2026-08-06,0,No prazo
6244,15530,3,2026-05-22,2026-05-22,0,No prazo
6245,15532,2,2026-06-12,2026-06-12,0,No prazo
6246,15536,3,2026-07-14,2026-07-13,0,No prazo
6247,15537,1,2026-01-13,2026-01-13,0,No prazo
6248,15539,3,2026-01-22,2026-01-22,0,No prazo
6249,15540,2,2026-03-04,2026-03-05,1,Atrasada
6250,15542,2,2026-02-14,2026-02-14,0,No prazo
6251,15543,4,2026-05-25,2026-05-25,0,No prazo
6252,15544,1,2026-06-27,2026-06-27,0,No prazo
6253,15545,2,2026-07-15,2026-07-17,2,Atrasada
6254,15547,3,2026-06-04,2026-06-03,0,No prazo
6255,15548,1,2026-04-19,2026-04-19,0,No prazo
6256,15549,3,2026-01-26,2026-01-26,0,No prazo
6257,15551,4,2026-06-17,2026-06-19,2,Atrasada
6258,15552,2,2026-06-01,2026-06-03,2,Atrasada
6259,15555,1,2026-06-03,2026-06-04,1,Atrasada
6260,15556,5,2026-03-18,2026-03-18,0,No prazo
6261,15557,1,2026-03-08,2026-03-13,5,Atrasada
6262,15560,1,2026-01-10,2026-01-12,2,Atrasada
6263,15566,4,2026-06-07,2026-06-07,0,No prazo
6264,15569,5,2026-06-29,2026-06-29,0,No prazo
6265,15571,1,2026-05-02,2026-05-02,0,No prazo
6266,15572,4,2026-03-13,2026-03-13,0,No prazo
6267,15580,5,2026-04-12,2026-04-14,2,Atrasada
6268,15581,1,2026-06-06,2026-06-06,0,No prazo
6269,15583,2,2026-05-18,2026-05-17,0,No prazo
6270,15591,4,2026-05-16,2026-05-16,0,No prazo
6271,15592,1,2026-02-16,2026-02-16,0,No prazo
6272,15594,3,2026-06-25,2026-06-26,1,Atrasada
6273,15595,4,2026-04-10,2026-04-11,1,Atrasada
6274,15602,3,2026-08-03,2026-08-03,0,No prazo
6275,15603,5,2026-04-12,2026-04-15,3,Atrasada
6276,15604,5,2026-06-03,2026-06-03,0,No prazo
6277,15611,4,2026-04-08,2026-04-08,0,No prazo
6278,15612,3,2026-03-18,2026-03-18,0,No prazo
6279,15616,1,2026-06-10,2026-06-10,0,No prazo
6280,15617,5,2026-03-19,2026-03-20,1,Atrasada
6281,15618,5,2026-06-14,2026-06-15,1,Atrasada
6282,15619,5,2026-03-13,2026-03-13,0,No prazo
6283,15620,1,2026-03-16,2026-03-17,1,Atrasada
6284,15622,3,2026-07-13,2026-07-15,2,Atrasada
6285,15625,3,2026-06-10,2026-06-15,5,Atrasada
6286,15629,4,2026-05-31,2026-05-31,0,No prazo
6287,15632,5,2026-03-05,2026-03-06,1,Atrasada
6288,15638,4,2026-02-18,2026-02-18,0,No prazo
6289,15641,3,2026-02-28,2026-03-01,1,Atrasada
6290,15643,3,2026-06-01,2026-06-01,0,No prazo
6291,15644,1,2026-07-05,2026-07-08,3,Atrasada
6292,15645,2,2026-02-11,2026-02-11,0,No prazo
6293,15646,1,2026-05-10,2026-05-10,0,No prazo
6294,15649,1,2026-01-12,2026-01-12,0,No prazo
6295,15653,3,2026-03-14,2026-03-15,1,Atrasada
6296,15655,1,2026-03-09,2026-03-09,0,No prazo
6297,15658,4,2026-07-06,2026-07-09,3,Atrasada
6298,15659,5,2026-01-12,2026-01-13,1,Atrasada
6299,15662,4,2026-05-17,2026-05-17,0,No prazo
6300,15665,4,2026-06-04,2026-06-04,0,No prazo
6301,15667,4,2026-07-18,2026-07-18,0,No prazo
6302,15668,3,2026-04-21,2026-04-21,0,No prazo
6303,15669,4,2026-01-23,2026-01-25,2,Atrasada
6304,15672,4,2026-04-16,2026-04-16,0,No prazo
6305,15673,2,2026-03-11,2026-03-16,5,Atrasada
6306,15681,3,2026-07-09,2026-07-10,1,Atrasada
6307,15684,2,2026-01-13,2026-01-16,3,Atrasada
6308,15686,1,2026-02-28,2026-02-28,0,No prazo
6309,15688,5,2026-01-21,2026-01-21,0,No prazo
6310,15692,5,2026-01-29,2026-01-29,0,No prazo
6311,15693,2,2026-01-10,2026-01-10,0,No prazo
6312,15695,5,2026-01-13,2026-01-13,0,No prazo
6313,15696,3,2026-06-21,2026-06-21,0,No prazo
6314,15701,4,2026-01-31,2026-01-31,0,No prazo
6315,15704,1,2026-01-08,2026-01-09,1,Atrasada
6316,15710,3,2026-01-15,2026-01-15,0,No prazo
6317,15715,3,2026-03-22,2026-03-22,0,No prazo
6318,15717,2,2026-03-02,2026-03-02,0,No prazo
6319,15720,2,2026-05-28,2026-05-28,0,No prazo
6320,15724,1,2026-07-21,2026-07-21,0,No prazo
6321,15725,2,2026-04-05,2026-04-07,2,Atrasada
6322,15726,5,2026-01-26,2026-01-31,5,Atrasada
6323,15727,4,2026-06-06,2026-06-06,0,No prazo
6324,15732,1,2026-05-28,2026-05-28,0,No prazo
6325,15738,1,2026-08-02,2026-08-03,1,Atrasada
6326,15742,1,2026-03-22,2026-03-22,0,No prazo
6327,15743,3,2026-06-07,2026-06-08,1,Atrasada
6328,15751,2,2026-03-21,2026-03-21,0,No prazo
6329,15756,3,2026-07-04,2026-07-04,0,No prazo
6330,15760,4,2026-03-23,2026-03-23,0,No prazo
6331,15764,3,2026-02-04,2026-02-04,0,No prazo
6332,15766,4,2026-04-02,2026-04-02,0,No prazo
6333,15767,4,2026-04-07,2026-04-07,0,No prazo
6334,15768,2,2026-07-15,2026-07-17,2,Atrasada
6335,15773,5,2026-06-11,2026-06-11,0,No prazo
6336,15777,4,2026-06-30,2026-06-30,0,No prazo
6337,15779,1,2026-03-12,2026-03-12,0,No prazo
6338,15780,2,2026-04-08,2026-04-10,2,Atrasada
6339,15784,3,2026-03-29,2026-03-28,0,No prazo
6340,15786,4,2026-06-30,2026-07-02,2,Atrasada
6341,15787,4,2026-07-30,2026-07-30,0,No prazo
6342,15790,1,2026-07-09,2026-07-09,0,No prazo
6343,15794,4,2026-02-13,2026-02-13,0,No prazo
6344,15795,4,2026-06-10,2026-06-12,2,Atrasada
6345,15798,4,2026-01-05,2026-01-05,0,No prazo
6346,15799,3,2026-02-20,2026-02-20,0,No prazo
6347,15801,1,2026-06-27,2026-06-27,0,No prazo
6348,15802,4,2026-03-10,2026-03-10,0,No prazo
6349,15806,4,2026-01-19,2026-01-19,0,No prazo
6350,15808,2,2026-02-10,2026-02-13,3,Atrasada
6351,15809,4,2026-02-27,2026-02-27,0,No prazo
6352,15810,2,2026-05-21,2026-05-22,1,Atrasada
6353,15812,3,2026-03-11,2026-03-14,3,Atrasada
6354,15815,4,2026-06-22,2026-06-22,0,No prazo
6355,15816,4,2026-02-22,2026-02-23,1,Atrasada
6356,15818,3,2026-02-20,2026-02-21,1,Atrasada
6357,15819,3,2026-01-21,2026-01-20,0,No prazo
6358,15821,4,2026-08-04,2026-08-04,0,No prazo
6359,15825,4,2026-01-18,2026-01-18,0,No prazo
6360,15826,2,2026-06-04,2026-06-04,0,No prazo
6361,15833,2,2026-06-13,2026-06-12,0,No prazo
6362,15835,3,2026-01-06,2026-01-06,0,No prazo
6363,15839,4,2026-04-12,2026-04-13,1,Atrasada
6364,15841,5,2026-08-05,2026-08-08,3,Atrasada
6365,15842,4,2026-05-28,2026-05-28,0,No prazo
6366,15844,4,2026-05-17,2026-05-18,1,Atrasada
6367,15852,3,2026-06-02,2026-06-02,0,No prazo
6368,15855,5,2026-04-05,2026-04-05,0,No prazo
6369,15864,5,2026-02-28,2026-02-28,0,No prazo
6370,15866,2,2026-06-03,2026-06-06,3,Atrasada
6371,15876,5,2026-07-09,2026-07-09,0,No prazo
6372,15879,1,2026-03-30,2026-03-30,0,No prazo
6373,15880,1,2026-01-13,2026-01-13,0,No prazo
6374,15881,1,2026-03-27,2026-03-27,0,No prazo
6375,15885,3,2026-04-20,2026-04-20,0,No prazo
6376,15889,1,2026-02-25,2026-02-25,0,No prazo
6377,15895,4,2026-04-25,2026-04-25,0,No prazo
6378,15896,3,2026-08-01,2026-08-01,0,No prazo
6379,15901,1,2026-06-03,2026-06-04,1,Atrasada
6380,15904,2,2026-07-19,2026-07-19,0,No prazo
6381,15905,4,2026-04-13,2026-04-15,2,Atrasada
6382,15908,4,2026-08-06,2026-08-05,0,No prazo
6383,15911,4,2026-06-17,2026-06-19,2,Atrasada
6384,15912,4,2026-02-17,2026-02-17,0,No prazo
6385,15918,2,2026-05-29,2026-05-28,0,No prazo
6386,15919,1,2026-04-18,2026-04-17,0,No prazo
6387,15920,2,2026-07-09,2026-07-09,0,No prazo
6388,15923,1,2026-07-01,2026-07-02,1,Atrasada
6389,15924,4,2026-07-29,2026-07-31,2,Atrasada
6390,15927,2,2026-03-17,2026-03-17,0,No prazo
6391,15930,5,2026-01-15,2026-01-15,0,No prazo
6392,15933,4,2026-03-20,2026-03-23,3,Atrasada
6393,15934,2,2026-01-31,2026-01-31,0,No prazo
6394,15937,1,2026-02-14,2026-02-14,0,No prazo
6395,15940,3,2026-07-30,2026-07-30,0,No prazo
6396,15941,5,2026-08-11,2026-08-11,0,No prazo
6397,15943,1,2026-01-11,2026-01-11,0,No prazo
6398,15944,2,2026-07-20,2026-07-20,0,No prazo
6399,15949,3,2026-06-27,2026-06-27,0,No prazo
6400,15950,3,2026-06-22,2026-06-22,0,No prazo
6401,15952,3,2026-06-06,2026-06-06,0,No prazo
6402,15953,5,2026-04-02,2026-04-02,0,No prazo
6403,15954,2,2026-05-04,2026-05-04,0,No prazo
6404,15956,4,2026-07-02,2026-07-05,3,Atrasada
6405,15957,4,2026-04-01,2026-04-01,0,No prazo
6406,15958,1,2026-07-06,2026-07-06,0,No prazo
6407,15960,1,2026-05-13,2026-05-18,5,Atrasada
6408,15962,3,2026-08-04,2026-08-04,0,No prazo
6409,15963,4,2026-05-04,2026-05-04,0,No prazo
6410,15964,4,2026-06-10,2026-06-10,0,No prazo
6411,15965,3,2026-01-20,2026-01-20,0,No prazo
6412,15969,3,2026-02-19,2026-02-21,2,Atrasada
6413,15970,4,2026-01-02,2026-01-03,1,Atrasada
6414,15971,2,2026-05-10,2026-05-12,2,Atrasada
6415,15972,2,2026-02-24,2026-02-25,1,Atrasada
6416,15974,3,2026-06-19,2026-06-19,0,No prazo
6417,15975,1,2026-02-10,2026-02-13,3,Atrasada
6418,15977,5,2026-03-09,2026-03-10,1,Atrasada
6419,15979,4,2026-05-09,2026-05-09,0,No prazo
6420,15984,3,2026-03-01,2026-03-03,2,Atrasada
6421,15985,4,2026-03-03,2026-03-04,1,Atrasada
6422,15986,4,2026-07-31,2026-07-30,0,No prazo
6423,15988,2,2026-04-04,2026-04-03,0,No prazo
6424,15992,4,2026-04-20,2026-04-20,0,No prazo
6425,16000,3,2026-05-14,2026-05-14,0,No prazo
6426,16001,4,2026-01-07,2026-01-07,0,No prazo
6427,16004,3,2026-03-24,2026-03-24,0,No prazo
6428,16005,4,2026-02-04,2026-02-04,0,No prazo
6429,16008,4,2026-03-15,2026-03-15,0,No prazo
6430,16009,3,2026-04-13,2026-04-13,0,No prazo
6431,16011,3,2026-06-07,2026-06-08,1,Atrasada
6432,16012,1,2026-07-12,2026-07-12,0,No prazo
6433,16016,3,2026-04-22,2026-04-22,0,No prazo
6434,16026,4,2026-07-06,2026-07-06,0,No prazo
6435,16027,3,2026-07-16,2026-07-16,0,No prazo
6436,16028,1,2026-04-12,2026-04-12,0,No prazo
6437,16031,1,2026-06-21,2026-06-24,3,Atrasada
6438,16039,5,2026-04-21,2026-04-21,0,No prazo
6439,16040,1,2026-06-05,2026-06-05,0,No prazo
6440,16041,4,2026-07-21,2026-07-21,0,No prazo
6441,16043,2,2026-03-27,2026-03-27,0,No prazo
6442,16046,4,2026-07-22,2026-07-22,0,No prazo
6443,16051,3,2026-01-04,2026-01-05,1,Atrasada
6444,16052,1,2026-05-12,2026-05-14,2,Atrasada
6445,16057,3,2026-07-19,2026-07-19,0,No prazo
6446,16059,3,2026-05-08,2026-05-08,0,No prazo
6447,16060,4,2026-07-16,2026-07-17,1,Atrasada
6448,16061,3,2026-01-24,2026-01-24,0,No prazo
6449,16063,5,2026-02-07,2026-02-07,0,No prazo
6450,16067,5,2026-05-20,2026-05-20,0,No prazo
6451,16070,4,2026-07-29,2026-08-01,3,Atrasada
6452,16071,1,2026-03-27,2026-03-27,0,No prazo
6453,16072,4,2026-02-05,2026-02-05,0,No prazo
6454,16074,4,2026-01-30,2026-01-30,0,No prazo
6455,16079,3,2026-02-28,2026-03-01,1,Atrasada
6456,16085,4,2026-08-04,2026-08-04,0,No prazo
6457,16086,3,2026-02-20,2026-02-20,0,No prazo
6458,16089,4,2026-06-26,2026-06-25,0,No prazo
6459,16090,1,2026-08-08,2026-08-08,0,No prazo
6460,16095,3,2026-06-29,2026-06-29,0,No prazo
6461,16096,5,2026-02-25,2026-02-25,0,No prazo
6462,16097,4,2026-04-27,2026-04-27,0,No prazo
6463,16098,5,2026-08-06,2026-08-06,0,No prazo
6464,16102,1,2026-02-19,2026-02-18,0,No prazo
6465,16105,3,2026-03-12,2026-03-12,0,No prazo
6466,16106,1,2026-01-20,2026-01-20,0,No prazo
6467,16114,4,2026-07-28,2026-07-28,0,No prazo
6468,16115,3,2026-02-19,2026-02-19,0,No prazo
6469,16116,3,2026-02-11,2026-02-11,0,No prazo
6470,16117,5,2026-05-08,2026-05-08,0,No prazo
6471,16119,3,2026-02-23,2026-02-23,0,No prazo
6472,16120,5,2026-01-24,2026-01-27,3,Atrasada
6473,16127,4,2026-07-14,2026-07-16,2,Atrasada
6474,16130,4,2026-01-13,2026-01-14,1,Atrasada
6475,16131,2,2026-01-05,2026-01-05,0,No prazo
6476,16135,3,2026-07-04,2026-07-07,3,Atrasada
6477,16138,2,2026-04-13,2026-04-13,0,No prazo
6478,16145,1,2026-04-12,2026-04-12,0,No prazo
6479,16149,4,2026-02-21,2026-02-24,3,Atrasada
6480,16154,1,2026-02-28,2026-03-03,3,Atrasada
6481,16156,3,2026-07-05,2026-07-05,0,No prazo
6482,16159,3,2026-03-23,2026-03-28,5,Atrasada
6483,16168,1,2026-06-12,2026-06-12,0,No prazo
6484,16169,4,2026-07-25,2026-07-25,0,No prazo
6485,16172,3,2026-07-28,2026-07-29,1,Atrasada
6486,16175,2,2026-06-28,2026-06-28,0,No prazo
6487,16176,5,2026-03-18,2026-03-18,0,No prazo
6488,16177,1,2026-02-24,2026-02-24,0,No prazo
6489,16179,1,2026-03-16,2026-03-16,0,No prazo
6490,16181,2,2026-03-25,2026-03-25,0,No prazo
6491,16182,4,2026-03-26,2026-03-26,0,No prazo
6492,16183,1,2026-07-29,2026-07-30,1,Atrasada
6493,16184,4,2026-05-10,2026-05-10,0,No prazo
6494,16186,5,2026-06-07,2026-06-07,0,No prazo
6495,16187,4,2026-07-16,2026-07-16,0,No prazo
6496,16190,1,2026-07-29,2026-07-29,0,No prazo
6497,16191,3,2026-01-12,2026-01-11,0,No prazo
6498,16192,4,2026-03-21,2026-03-21,0,No prazo
6499,16193,3,2026-04-02,2026-04-02,0,No prazo
6500,16198,5,2026-05-17,2026-05-18,1,Atrasada
6501,16203,4,2026-07-24,2026-07-25,1,Atrasada
6502,16205,2,2026-01-06,2026-01-07,1,Atrasada
6503,16208,5,2026-07-02,2026-07-02,0,No prazo
6504,16209,3,2026-06-30,2026-06-30,0,No prazo
6505,16211,3,2026-01-17,2026-01-17,0,No prazo
6506,16214,4,2026-05-03,2026-05-03,0,No prazo
6507,16216,1,2026-01-12,2026-01-12,0,No prazo
6508,16218,1,2026-06-22,2026-06-22,0,No prazo
6509,16220,1,2026-03-16,2026-03-17,1,Atrasada
6510,16222,1,2026-03-05,2026-03-05,0,No prazo
6511,16225,5,2026-03-20,2026-03-20,0,No prazo
6512,16228,3,2026-03-18,2026-03-18,0,No prazo
6513,16229,4,2026-06-19,2026-06-18,0,No prazo
6514,16237,3,2026-02-03,2026-02-03,0,No prazo
6515,16239,4,2026-07-19,2026-07-19,0,No prazo
6516,16240,3,2026-01-24,2026-01-23,0,No prazo
6517,16241,4,2026-05-13,2026-05-14,1,Atrasada
6518,16243,5,2026-02-21,2026-02-26,5,Atrasada
6519,16250,1,2026-05-20,2026-05-19,0,No prazo
6520,16251,5,2026-03-12,2026-03-12,0,No prazo
6521,16256,4,2026-02-19,2026-02-19,0,No prazo
6522,16258,4,2026-02-24,2026-02-25,1,Atrasada
6523,16259,5,2026-03-01,2026-03-03,2,Atrasada
6524,16260,3,2026-03-19,2026-03-19,0,No prazo
6525,16262,4,2026-03-30,2026-03-31,1,Atrasada
6526,16263,5,2026-05-09,2026-05-09,0,No prazo
6527,16264,3,2026-05-05,2026-05-05,0,No prazo
6528,16265,1,2026-02-15,2026-02-15,0,No prazo
6529,16268,4,2026-02-20,2026-02-20,0,No prazo
6530,16272,4,2026-05-29,2026-05-29,0,No prazo
6531,16276,2,2026-08-06,2026-08-06,0,No prazo
6532,16277,5,2026-07-19,2026-07-18,0,No prazo
6533,16278,1,2026-02-16,2026-02-16,0,No prazo
6534,16284,3,2026-06-03,2026-06-06,3,Atrasada
6535,16287,5,2026-02-12,2026-02-12,0,No prazo
6536,16290,3,2026-01-18,2026-01-18,0,No prazo
6537,16291,5,2026-08-02,2026-08-02,0,No prazo
6538,16293,3,2026-06-03,2026-06-03,0,No prazo
6539,16294,3,2026-05-21,2026-05-23,2,Atrasada
6540,16296,3,2026-05-08,2026-05-08,0,No prazo
6541,16297,3,2026-06-15,2026-06-15,0,No prazo
6542,16298,5,2026-05-02,2026-05-02,0,No prazo
6543,16299,3,2026-03-07,2026-03-08,1,Atrasada
6544,16303,1,2026-08-02,2026-08-02,0,No prazo
6545,16304,4,2026-06-19,2026-06-19,0,No prazo
6546,16307,3,2026-02-22,2026-02-22,0,No prazo
6547,16308,4,2026-01-11,2026-01-11,0,No prazo
6548,16309,4,2026-04-29,2026-04-29,0,No prazo
6549,16314,4,2026-03-25,2026-03-27,2,Atrasada
6550,16316,2,2026-04-03,2026-04-06,3,Atrasada
6551,16318,1,2026-05-21,2026-05-23,2,Atrasada
6552,16319,3,2026-04-05,2026-04-06,1,Atrasada
6553,16320,4,2026-06-27,2026-06-27,0,No prazo
6554,16324,3,2026-07-08,2026-07-08,0,No prazo
6555,16325,2,2026-01-13,2026-01-13,0,No prazo
6556,16326,4,2026-01-28,2026-01-28,0,No prazo
6557,16327,1,2026-05-20,2026-05-22,2,Atrasada
6558,16328,3,2026-07-25,2026-07-25,0,No prazo
6559,16329,4,2026-07-07,2026-07-07,0,No prazo
6560,16330,4,2026-07-21,2026-07-21,0,No prazo
6561,16339,4,2026-07-28,2026-07-28,0,No prazo
6562,16341,3,2026-03-15,2026-03-15,0,No prazo
6563,16342,5,2026-01-07,2026-01-06,0,No prazo
6564,16346,5,2026-03-02,2026-03-02,0,No prazo
6565,16349,1,2026-07-20,2026-07-21,1,Atrasada
6566,16350,5,2026-03-10,2026-03-10,0,No prazo
6567,16351,3,2026-08-10,2026-08-10,0,No prazo
6568,16353,5,2026-06-08,2026-06-08,0,No prazo
6569,16355,2,2026-05-29,2026-05-29,0,No prazo
6570,16356,3,2026-03-17,2026-03-17,0,No prazo
6571,16357,4,2026-07-06,2026-07-06,0,No prazo
6572,16358,4,2026-05-24,2026-05-24,0,No prazo
6573,16360,4,2026-08-01,2026-08-02,1,Atrasada
6574,16362,1,2026-04-08,2026-04-09,1,Atrasada
6575,16363,1,2026-02-01,2026-02-01,0,No prazo
6576,16366,5,2026-05-28,2026-05-28,0,No prazo
6577,16367,1,2026-07-05,2026-07-05,0,No prazo
6578,16368,5,2026-05-15,2026-05-15,0,No prazo
6579,16369,4,2026-02-24,2026-02-25,1,Atrasada
6580,16374,1,2026-07-10,2026-07-11,1,Atrasada
6581,16376,2,2026-05-09,2026-05-09,0,No prazo
6582,16380,1,2026-06-30,2026-06-30,0,No prazo
6583,16383,4,2026-07-30,2026-07-30,0,No prazo
6584,16384,3,2026-06-24,2026-06-25,1,Atrasada
6585,16385,1,2026-03-19,2026-03-21,2,Atrasada
6586,16395,4,2026-02-06,2026-02-05,0,No prazo
6587,16398,3,2026-07-30,2026-07-30,0,No prazo
6588,16400,1,2026-05-28,2026-05-28,0,No prazo
6589,16401,4,2026-02-05,2026-02-05,0,No prazo
6590,16402,1,2026-02-22,2026-02-22,0,No prazo
6591,16404,1,2026-02-17,2026-02-17,0,No prazo
6592,16405,3,2026-05-18,2026-05-18,0,No prazo
6593,16408,1,2026-05-16,2026-05-18,2,Atrasada
6594,16409,5,2026-07-24,2026-07-24,0,No prazo
6595,16412,1,2026-01-26,2026-01-26,0,No prazo
6596,16414,5,2026-07-26,2026-07-26,0,No prazo
6597,16415,3,2026-03-15,2026-03-17,2,Atrasada
6598,16416,4,2026-04-26,2026-04-26,0,No prazo
6599,16418,4,2026-05-31,2026-05-31,0,No prazo
6600,16422,3,2026-01-15,2026-01-15,0,No prazo
6601,16425,3,2026-02-10,2026-02-10,0,No prazo
6602,16426,4,2026-08-09,2026-08-09,0,No prazo
6603,16427,4,2026-03-05,2026-03-05,0,No prazo
6604,16428,1,2026-03-23,2026-03-23,0,No prazo
6605,16430,1,2026-07-29,2026-07-29,0,No prazo
6606,16432,2,2026-02-08,2026-02-08,0,No prazo
6607,16433,1,2026-04-18,2026-04-19,1,Atrasada
6608,16435,3,2026-06-26,2026-06-29,3,Atrasada
6609,16442,5,2026-03-29,2026-03-29,0,No prazo
6610,16444,3,2026-02-03,2026-02-03,0,No prazo
6611,16445,3,2026-06-30,2026-06-30,0,No prazo
6612,16446,1,2026-06-11,2026-06-11,0,No prazo
6613,16448,2,2026-07-05,2026-07-05,0,No prazo
6614,16451,5,2026-06-18,2026-06-18,0,No prazo
6615,16452,3,2026-02-16,2026-02-16,0,No prazo
6616,16453,1,2026-05-01,2026-05-01,0,No prazo
6617,16455,5,2026-05-16,2026-05-16,0,No prazo
6618,16464,1,2026-01-21,2026-01-21,0,No prazo
6619,16465,3,2026-06-18,2026-06-18,0,No prazo
6620,16466,5,2026-07-05,2026-07-05,0,No prazo
6621,16468,3,2026-07-27,2026-07-27,0,No prazo
6622,16471,4,2026-05-10,2026-05-10,0,No prazo
6623,16473,3,2026-05-16,2026-05-16,0,No prazo
6624,16477,4,2026-05-28,2026-05-28,0,No prazo
6625,16482,3,2026-04-19,2026-04-20,1,Atrasada
6626,16486,4,2026-08-06,2026-08-06,0,No prazo
6627,16489,1,2026-07-19,2026-07-19,0,No prazo
6628,16491,4,2026-05-29,2026-05-29,0,No prazo
6629,16492,5,2026-03-25,2026-03-25,0,No prazo
6630,16498,4,2026-07-26,2026-07-26,0,No prazo
6631,16499,4,2026-06-25,2026-06-25,0,No prazo
6632,16502,1,2026-04-15,2026-04-16,1,Atrasada
6633,16503,1,2026-01-18,2026-01-19,1,Atrasada
6634,16504,4,2026-05-13,2026-05-13,0,No prazo
6635,16507,4,2026-01-26,2026-01-27,1,Atrasada
6636,16508,3,2026-04-23,2026-04-23,0,No prazo
6637,16511,3,2026-05-21,2026-05-21,0,No prazo
6638,16516,3,2026-07-24,2026-07-25,1,Atrasada
6639,16519,3,2026-06-14,2026-06-14,0,No prazo
6640,16520,1,2026-02-25,2026-02-25,0,No prazo
6641,16521,5,2026-08-06,2026-08-06,0,No prazo
6642,16526,2,2026-04-14,2026-04-15,1,Atrasada
6643,16534,4,2026-05-31,2026-05-31,0,No prazo
6644,16535,2,2026-01-12,2026-01-12,0,No prazo
6645,16538,3,2026-01-03,2026-01-03,0,No prazo
6646,16540,3,2026-03-19,2026-03-19,0,No prazo
6647,16542,5,2026-06-08,2026-06-08,0,No prazo
6648,16544,3,2026-03-30,2026-03-30,0,No prazo
6649,16546,1,2026-02-20,2026-02-20,0,No prazo
6650,16547,1,2026-05-10,2026-05-10,0,No prazo
6651,16551,5,2026-07-04,2026-07-04,0,No prazo
6652,16555,3,2026-04-04,2026-04-04,0,No prazo
6653,16558,4,2026-03-25,2026-03-25,0,No prazo
6654,16559,3,2026-01-25,2026-01-24,0,No prazo
6655,16561,5,2026-07-03,2026-07-02,0,No prazo
6656,16569,1,2026-08-09,2026-08-10,1,Atrasada
6657,16570,3,2026-02-16,2026-02-15,0,No prazo
6658,16571,5,2026-04-24,2026-04-24,0,No prazo
6659,16572,5,2026-05-04,2026-05-03,0,No prazo
6660,16573,4,2026-03-22,2026-03-23,1,Atrasada
6661,16574,4,2026-07-24,2026-07-24,0,No prazo
6662,16580,1,2026-04-07,2026-04-07,0,No prazo
6663,16581,1,2026-08-05,2026-08-05,0,No prazo
6664,16582,5,2026-01-10,2026-01-10,0,No prazo
6665,16589,5,2026-04-20,2026-04-20,0,No prazo
6666,16596,5,2026-05-06,2026-05-09,3,Atrasada
6667,16598,4,2026-06-28,2026-06-28,0,No prazo
6668,16599,2,2026-06-20,2026-06-20,0,No prazo
6669,16603,1,2026-01-23,2026-01-23,0,No prazo
6670,16604,3,2026-05-24,2026-05-25,1,Atrasada
6671,16605,5,2026-08-03,2026-08-04,1,Atrasada
6672,16619,4,2026-04-01,2026-04-01,0,No prazo
6673,16621,4,2026-04-19,2026-04-19,0,No prazo
6674,16623,4,2026-02-18,2026-02-18,0,No prazo
6675,16624,1,2026-05-07,2026-05-12,5,Atrasada
6676,16625,4,2026-03-17,2026-03-17,0,No prazo
6677,16630,4,2026-07-04,2026-07-04,0,No prazo
6678,16637,3,2026-02-14,2026-02-15,1,Atrasada
6679,16639,5,2026-01-06,2026-01-06,0,No prazo
6680,16641,5,2026-06-07,2026-06-06,0,No prazo
6681,16642,5,2026-07-19,2026-07-19,0,No prazo
6682,16643,4,2026-04-02,2026-04-02,0,No prazo
6683,16644,1,2026-07-15,2026-07-15,0,No prazo
6684,16650,1,2026-04-27,2026-04-30,3,Atrasada
6685,16652,5,2026-06-26,2026-06-27,1,Atrasada
6686,16657,3,2026-04-03,2026-04-04,1,Atrasada
6687,16658,5,2026-07-20,2026-07-19,0,No prazo
6688,16660,4,2026-02-07,2026-02-07,0,No prazo
6689,16661,3,2026-06-29,2026-06-29,0,No prazo
6690,16672,3,2026-08-06,2026-08-06,0,No prazo
6691,16675,4,2026-03-12,2026-03-12,0,No prazo
6692,16676,1,2026-06-19,2026-06-19,0,No prazo
6693,16678,4,2026-03-17,2026-03-19,2,Atrasada
6694,16682,2,2026-04-04,2026-04-04,0,No prazo
6695,16683,3,2026-04-05,2026-04-06,1,Atrasada
6696,16686,4,2026-02-18,2026-02-18,0,No prazo
6697,16688,4,2026-04-01,2026-04-04,3,Atrasada
6698,16689,4,2026-02-28,2026-02-28,0,No prazo
6699,16696,3,2026-07-05,2026-07-05,0,No prazo
6700,16698,1,2026-04-04,2026-04-03,0,No prazo
6701,16700,3,2026-04-05,2026-04-07,2,Atrasada
6702,16704,4,2026-05-08,2026-05-08,0,No prazo
6703,16706,3,2026-01-26,2026-01-27,1,Atrasada
6704,16708,4,2026-03-12,2026-03-13,1,Atrasada
6705,16711,4,2026-03-19,2026-03-20,1,Atrasada
6706,16717,4,2026-05-07,2026-05-08,1,Atrasada
6707,16718,5,2026-04-08,2026-04-08,0,No prazo
6708,16719,5,2026-05-11,2026-05-11,0,No prazo
6709,16721,4,2026-01-21,2026-01-21,0,No prazo
6710,16722,5,2026-05-31,2026-05-31,0,No prazo
6711,16723,5,2026-01-29,2026-02-01,3,Atrasada
6712,16724,4,2026-04-09,2026-04-10,1,Atrasada
6713,16727,2,2026-01-17,2026-01-17,0,No prazo
6714,16731,4,2026-01-04,2026-01-06,2,Atrasada
6715,16737,3,2026-07-14,2026-07-14,0,No prazo
6716,16738,4,2026-08-08,2026-08-08,0,No prazo
6717,16740,4,2026-06-26,2026-06-26,0,No prazo
6718,16746,4,2026-05-11,2026-05-12,1,Atrasada
6719,16748,4,2026-07-04,2026-07-04,0,No prazo
6720,16751,3,2026-08-06,2026-08-06,0,No prazo
6721,16753,3,2026-03-09,2026-03-11,2,Atrasada
6722,16757,3,2026-07-12,2026-07-12,0,No prazo
6723,16760,4,2026-05-31,2026-05-31,0,No prazo
6724,16765,4,2026-03-23,2026-03-23,0,No prazo
6725,16766,5,2026-05-22,2026-05-23,1,Atrasada
6726,16770,4,2026-01-23,2026-01-25,2,Atrasada
6727,16773,1,2026-05-27,2026-06-01,5,Atrasada
6728,16774,4,2026-07-29,2026-07-29,0,No prazo
6729,16776,4,2026-07-10,2026-07-10,0,No prazo
6730,16778,2,2026-03-17,2026-03-17,0,No prazo
6731,16779,4,2026-01-15,2026-01-15,0,No prazo
6732,16781,4,2026-02-21,2026-02-21,0,No prazo
6733,16783,3,2026-01-06,2026-01-06,0,No prazo
6734,16784,4,2026-07-06,2026-07-06,0,No prazo
6735,16786,3,2026-05-26,2026-05-27,1,Atrasada
6736,16787,2,2026-05-27,2026-05-27,0,No prazo
6737,16788,4,2026-08-04,2026-08-04,0,No prazo
6738,16791,1,2026-03-10,2026-03-10,0,No prazo
6739,16792,5,2026-05-04,2026-05-04,0,No prazo
6740,16797,1,2026-05-06,2026-05-06,0,No prazo
6741,16798,1,2026-08-02,2026-08-02,0,No prazo
6742,16799,3,2026-05-11,2026-05-12,1,Atrasada
6743,16800,2,2026-05-14,2026-05-14,0,No prazo
6744,16801,2,2026-02-11,2026-02-11,0,No prazo
6745,16802,3,2026-01-04,2026-01-05,1,Atrasada
6746,16804,1,2026-01-09,2026-01-09,0,No prazo
6747,16805,5,2026-04-12,2026-04-13,1,Atrasada
6748,16806,3,2026-07-17,2026-07-18,1,Atrasada
6749,16809,1,2026-07-10,2026-07-12,2,Atrasada
6750,16810,3,2026-06-18,2026-06-18,0,No prazo
6751,16811,1,2026-05-27,2026-05-27,0,No prazo
6752,16812,4,2026-06-23,2026-06-26,3,Atrasada
6753,16814,3,2026-04-05,2026-04-05,0,No prazo
6754,16816,2,2026-06-26,2026-06-26,0,No prazo
6755,16817,3,2026-04-02,2026-04-02,0,No prazo
6756,16818,3,2026-07-27,2026-07-29,2,Atrasada
6757,16824,1,2026-03-10,2026-03-10,0,No prazo
6758,16827,4,2026-04-14,2026-04-14,0,No prazo
6759,16829,3,2026-07-24,2026-07-23,0,No prazo
6760,16831,5,2026-06-21,2026-06-21,0,No prazo
6761,16832,3,2026-01-07,2026-01-10,3,Atrasada
6762,16838,1,2026-01-27,2026-01-29,2,Atrasada
6763,16842,4,2026-07-28,2026-07-28,0,No prazo
6764,16843,5,2026-05-12,2026-05-17,5,Atrasada
6765,16846,2,2026-02-06,2026-02-06,0,No prazo
6766,16848,4,2026-08-05,2026-08-05,0,No prazo
6767,16852,1,2026-01-21,2026-01-21,0,No prazo
6768,16853,5,2026-03-13,2026-03-13,0,No prazo
6769,16857,4,2026-05-03,2026-05-03,0,No prazo
6770,16859,3,2026-06-05,2026-06-05,0,No prazo
6771,16861,4,2026-01-11,2026-01-11,0,No prazo
6772,16864,4,2026-05-26,2026-05-26,0,No prazo
6773,16866,4,2026-05-26,2026-05-29,3,Atrasada
6774,16868,5,2026-07-07,2026-07-07,0,No prazo
6775,16869,2,2026-02-21,2026-02-21,0,No prazo
6776,16871,1,2026-05-11,2026-05-11,0,No prazo
6777,16872,4,2026-04-22,2026-04-22,0,No prazo
6778,16877,3,2026-06-02,2026-06-02,0,No prazo
6779,16878,4,2026-04-28,2026-04-28,0,No prazo
6780,16881,1,2026-03-10,2026-03-12,2,Atrasada
6781,16883,3,2026-02-23,2026-02-23,0,No prazo
6782,16884,1,2026-06-28,2026-06-28,0,No prazo
6783,16887,4,2026-06-26,2026-06-26,0,No prazo
6784,16892,1,2026-02-22,2026-02-22,0,No prazo
6785,16894,5,2026-06-25,2026-06-25,0,No prazo
6786,16896,5,2026-04-10,2026-04-10,0,No prazo
6787,16898,1,2026-03-05,2026-03-05,0,No prazo
6788,16900,5,2026-07-01,2026-07-02,1,Atrasada
6789,16901,1,2026-01-26,2026-01-26,0,No prazo
6790,16907,1,2026-06-25,2026-06-26,1,Atrasada
6791,16912,2,2026-07-06,2026-07-07,1,Atrasada
6792,16913,3,2026-04-27,2026-04-26,0,No prazo
6793,16915,4,2026-06-22,2026-06-22,0,No prazo
6794,16917,4,2026-03-08,2026-03-08,0,No prazo
6795,16923,3,2026-04-30,2026-04-30,0,No prazo
6796,16931,3,2026-05-21,2026-05-22,1,Atrasada
6797,16937,4,2026-01-12,2026-01-12,0,No prazo
6798,16945,1,2026-06-27,2026-06-27,0,No prazo
6799,16947,1,2026-07-14,2026-07-14,0,No prazo
6800,16948,1,2026-05-13,2026-05-13,0,No prazo
6801,16953,4,2026-03-07,2026-03-07,0,No prazo
6802,16954,4,2026-05-07,2026-05-07,0,No prazo
6803,16955,4,2026-05-16,2026-05-16,0,No prazo
6804,16963,2,2026-03-06,2026-03-06,0,No prazo
6805,16967,2,2026-03-07,2026-03-07,0,No prazo
6806,16977,2,2026-08-09,2026-08-09,0,No prazo
6807,16982,5,2026-05-18,2026-05-21,3,Atrasada
6808,16984,1,2026-03-23,2026-03-23,0,No prazo
6809,16986,4,2026-08-04,2026-08-06,2,Atrasada
6810,16988,3,2026-04-05,2026-04-05,0,No prazo
6811,16993,2,2026-01-11,2026-01-14,3,Atrasada
6812,16994,5,2026-07-02,2026-07-03,1,Atrasada
6813,16996,5,2026-06-03,2026-06-03,0,No prazo
6814,16997,4,2026-07-31,2026-07-31,0,No prazo
6815,17002,3,2026-05-23,2026-05-23,0,No prazo
6816,17005,3,2026-07-23,2026-07-23,0,No prazo
6817,17006,3,2026-02-15,2026-02-15,0,No prazo
6818,17009,2,2026-01-06,2026-01-08,2,Atrasada
6819,17010,4,2026-06-15,2026-06-15,0,No prazo
6820,17012,4,2026-02-22,2026-02-22,0,No prazo
6821,17017,3,2026-06-16,2026-06-17,1,Atrasada
6822,17025,5,2026-03-06,2026-03-06,0,No prazo
6823,17035,5,2026-07-22,2026-07-22,0,No prazo
6824,17039,3,2026-06-13,2026-06-13,0,No prazo
6825,17040,4,2026-05-28,2026-05-28,0,No prazo
6826,17041,5,2026-03-17,2026-03-19,2,Atrasada
6827,17042,3,2026-05-16,2026-05-16,0,No prazo
6828,17046,3,2026-06-27,2026-06-27,0,No prazo
6829,17050,3,2026-06-25,2026-06-26,1,Atrasada
6830,17051,1,2026-06-29,2026-06-29,0,No prazo
6831,17055,5,2026-07-13,2026-07-15,2,Atrasada
6832,17057,3,2026-04-17,2026-04-17,0,No prazo
6833,17058,5,2026-03-08,2026-03-10,2,Atrasada
6834,17063,1,2026-04-08,2026-04-08,0,No prazo
6835,17067,4,2026-02-11,2026-02-11,0,No prazo
6836,17069,3,2026-05-03,2026-05-03,0,No prazo
6837,17075,3,2026-07-23,2026-07-23,0,No prazo
6838,17079,3,2026-02-16,2026-02-16,0,No prazo
6839,17081,4,2026-03-21,2026-03-21,0,No prazo
6840,17084,1,2026-07-28,2026-07-31,3,Atrasada
6841,17085,4,2026-07-30,2026-07-31,1,Atrasada
6842,17087,4,2026-04-25,2026-04-25,0,No prazo
6843,17089,1,2026-04-10,2026-04-13,3,Atrasada
6844,17093,3,2026-05-31,2026-06-02,2,Atrasada
6845,17094,4,2026-01-08,2026-01-07,0,No prazo
6846,17095,2,2026-05-21,2026-05-21,0,No prazo
6847,17096,4,2026-03-02,2026-03-02,0,No prazo
6848,17098,4,2026-05-18,2026-05-20,2,Atrasada
6849,17099,4,2026-01-04,2026-01-04,0,No prazo
6850,17100,1,2026-02-06,2026-02-08,2,Atrasada
6851,17104,3,2026-03-24,2026-03-24,0,No prazo
6852,17106,5,2026-04-30,2026-04-30,0,No prazo
6853,17111,4,2026-05-11,2026-05-11,0,No prazo
6854,17113,4,2026-04-18,2026-04-19,1,Atrasada
6855,17115,3,2026-02-25,2026-02-25,0,No prazo
6856,17116,4,2026-04-09,2026-04-09,0,No prazo
6857,17120,3,2026-05-23,2026-05-23,0,No prazo
6858,17121,5,2026-01-08,2026-01-08,0,No prazo
6859,17122,4,2026-04-29,2026-04-29,0,No prazo
6860,17123,5,2026-05-11,2026-05-11,0,No prazo
6861,17124,3,2026-01-13,2026-01-13,0,No prazo
6862,17126,1,2026-07-12,2026-07-11,0,No prazo
6863,17128,4,2026-04-13,2026-04-13,0,No prazo
6864,17129,4,2026-02-20,2026-02-23,3,Atrasada
6865,17130,2,2026-01-20,2026-01-21,1,Atrasada
6866,17132,4,2026-06-23,2026-06-24,1,Atrasada
6867,17134,4,2026-05-28,2026-05-28,0,No prazo
6868,17138,4,2026-04-07,2026-04-08,1,Atrasada
6869,17140,1,2026-04-02,2026-04-02,0,No prazo
6870,17146,5,2026-03-09,2026-03-10,1,Atrasada
6871,17148,4,2026-08-07,2026-08-07,0,No prazo
6872,17152,3,2026-04-04,2026-04-04,0,No prazo
6873,17167,1,2026-07-11,2026-07-11,0,No prazo
6874,17168,4,2026-01-19,2026-01-19,0,No prazo
6875,17169,4,2026-05-19,2026-05-21,2,Atrasada
6876,17171,1,2026-08-01,2026-08-03,2,Atrasada
6877,17172,5,2026-05-22,2026-05-27,5,Atrasada
6878,17174,4,2026-05-08,2026-05-08,0,No prazo
6879,17178,1,2026-02-10,2026-02-10,0,No prazo
6880,17179,5,2026-07-13,2026-07-15,2,Atrasada
6881,17180,5,2026-06-10,2026-06-10,0,No prazo
6882,17181,4,2026-01-22,2026-01-24,2,Atrasada
6883,17182,1,2026-07-27,2026-07-27,0,No prazo
6884,17183,3,2026-02-10,2026-02-11,1,Atrasada
6885,17184,4,2026-05-16,2026-05-16,0,No prazo
6886,17185,4,2026-01-31,2026-01-31,0,No prazo
6887,17186,4,2026-02-15,2026-02-16,1,Atrasada
6888,17188,4,2026-05-31,2026-05-31,0,No prazo
6889,17191,4,2026-07-02,2026-07-02,0,No prazo
6890,17193,4,2026-07-10,2026-07-12,2,Atrasada
6891,17194,5,2026-03-10,2026-03-11,1,Atrasada
6892,17196,4,2026-07-22,2026-07-24,2,Atrasada
6893,17197,3,2026-02-28,2026-02-28,0,No prazo
6894,17199,4,2026-07-03,2026-07-03,0,No prazo
6895,17203,3,2026-03-16,2026-03-16,0,No prazo
6896,17205,4,2026-03-28,2026-03-28,0,No prazo
6897,17207,2,2026-07-25,2026-07-27,2,Atrasada
6898,17211,3,2026-01-18,2026-01-18,0,No prazo
6899,17213,1,2026-05-26,2026-05-26,0,No prazo
6900,17216,4,2026-03-30,2026-03-30,0,No prazo
6901,17219,1,2026-02-12,2026-02-12,0,No prazo
6902,17220,5,2026-01-06,2026-01-06,0,No prazo
6903,17224,3,2026-08-08,2026-08-08,0,No prazo
6904,17225,4,2026-02-19,2026-02-19,0,No prazo
6905,17226,3,2026-01-15,2026-01-15,0,No prazo
6906,17228,1,2026-03-15,2026-03-14,0,No prazo
6907,17230,4,2026-03-13,2026-03-13,0,No prazo
6908,17231,3,2026-08-05,2026-08-05,0,No prazo
6909,17236,3,2026-02-27,2026-02-27,0,No prazo
6910,17239,4,2026-01-05,2026-01-05,0,No prazo
6911,17240,3,2026-05-23,2026-05-24,1,Atrasada
6912,17241,3,2026-03-10,2026-03-10,0,No prazo
6913,17243,4,2026-05-16,2026-05-16,0,No prazo
6914,17245,5,2026-07-13,2026-07-13,0,No prazo
6915,17249,3,2026-02-19,2026-02-19,0,No prazo
6916,17255,1,2026-05-28,2026-05-28,0,No prazo
6917,17256,3,2026-04-21,2026-04-22,1,Atrasada
6918,17257,4,2026-01-11,2026-01-10,0,No prazo
6919,17260,2,2026-04-06,2026-04-08,2,Atrasada
6920,17264,3,2026-03-05,2026-03-05,0,No prazo
6921,17266,3,2026-08-09,2026-08-09,0,No prazo
6922,17268,3,2026-07-26,2026-07-26,0,No prazo
6923,17269,5,2026-07-10,2026-07-12,2,Atrasada
6924,17270,5,2026-01-19,2026-01-19,0,No prazo
6925,17272,2,2026-05-26,2026-05-26,0,No prazo
6926,17274,4,2026-04-14,2026-04-14,0,No prazo
6927,17280,4,2026-07-18,2026-07-19,1,Atrasada
6928,17282,4,2026-01-17,2026-01-17,0,No prazo
6929,17285,5,2026-05-15,2026-05-15,0,No prazo
6930,17289,2,2026-03-25,2026-03-26,1,Atrasada
6931,17291,3,2026-04-16,2026-04-16,0,No prazo
6932,17292,4,2026-06-13,2026-06-13,0,No prazo
6933,17299,2,2026-05-29,2026-05-29,0,No prazo
6934,17300,2,2026-06-03,2026-06-03,0,No prazo
6935,17301,1,2026-02-14,2026-02-16,2,Atrasada
6936,17312,5,2026-01-31,2026-01-31,0,No prazo
6937,17317,3,2026-02-07,2026-02-07,0,No prazo
6938,17320,4,2026-07-02,2026-07-02,0,No prazo
6939,17322,1,2026-04-23,2026-04-23,0,No prazo
6940,17325,4,2026-02-15,2026-02-18,3,Atrasada
6941,17326,1,2026-01-05,2026-01-05,0,No prazo
6942,17330,1,2026-06-25,2026-06-26,1,Atrasada
6943,17334,1,2026-02-05,2026-02-07,2,Atrasada
6944,17336,2,2026-03-22,2026-03-22,0,No prazo
6945,17337,4,2026-04-30,2026-04-30,0,No prazo
6946,17340,2,2026-01-28,2026-01-30,2,Atrasada
6947,17345,5,2026-04-22,2026-04-22,0,No prazo
6948,17350,1,2026-04-19,2026-04-19,0,No prazo
6949,17356,4,2026-01-11,2026-01-11,0,No prazo
6950,17358,3,2026-01-10,2026-01-10,0,No prazo
6951,17361,5,2026-05-17,2026-05-17,0,No prazo
6952,17366,4,2026-06-24,2026-06-24,0,No prazo
6953,17367,5,2026-01-22,2026-01-22,0,No prazo
6954,17368,5,2026-06-10,2026-06-11,1,Atrasada
6955,17382,5,2026-06-27,2026-06-28,1,Atrasada
6956,17385,4,2026-07-06,2026-07-06,0,No prazo
6957,17386,3,2026-06-13,2026-06-13,0,No prazo
6958,17389,4,2026-06-01,2026-06-01,0,No prazo
6959,17390,3,2026-04-24,2026-04-24,0,No prazo
6960,17391,4,2026-04-09,2026-04-12,3,Atrasada
6961,17394,3,2026-08-09,2026-08-10,1,Atrasada
6962,17395,1,2026-06-01,2026-06-02,1,Atrasada
6963,17396,3,2026-03-23,2026-03-23,0,No prazo
6964,17398,1,2026-01-30,2026-02-02,3,Atrasada
6965,17402,3,2026-02-20,2026-02-20,0,No prazo
6966,17403,1,2026-01-06,2026-01-06,0,No prazo
6967,17404,3,2026-04-29,2026-04-29,0,No prazo
6968,17408,3,2026-04-18,2026-04-23,5,Atrasada
6969,17410,3,2026-06-19,2026-06-19,0,No prazo
6970,17419,4,2026-06-23,2026-06-23,0,No prazo
6971,17420,1,2026-05-23,2026-05-23,0,No prazo
6972,17423,3,2026-06-13,2026-06-16,3,Atrasada
6973,17424,4,2026-05-29,2026-05-29,0,No prazo
6974,17428,1,2026-06-12,2026-06-12,0,No prazo
6975,17436,3,2026-07-09,2026-07-09,0,No prazo
6976,17437,4,2026-01-02,2026-01-02,0,No prazo
6977,17440,4,2026-05-01,2026-05-03,2,Atrasada
6978,17442,1,2026-06-10,2026-06-09,0,No prazo
6979,17446,2,2026-06-24,2026-06-24,0,No prazo
6980,17447,4,2026-02-18,2026-02-20,2,Atrasada
6981,17453,2,2026-02-17,2026-02-17,0,No prazo
6982,17455,5,2026-04-21,2026-04-24,3,Atrasada
6983,17461,1,2026-07-23,2026-07-24,1,Atrasada
6984,17463,3,2026-01-07,2026-01-07,0,No prazo
6985,17464,3,2026-01-25,2026-01-25,0,No prazo
6986,17465,1,2026-07-01,2026-07-01,0,No prazo
6987,17467,1,2026-02-06,2026-02-06,0,No prazo
6988,17468,3,2026-05-30,2026-05-30,0,No prazo
6989,17470,4,2026-03-30,2026-03-31,1,Atrasada
6990,17473,4,2026-01-27,2026-01-27,0,No prazo
6991,17474,3,2026-06-27,2026-06-27,0,No prazo
6992,17476,3,2026-08-06,2026-08-06,0,No prazo
6993,17478,1,2026-05-08,2026-05-08,0,No prazo
6994,17480,1,2026-01-20,2026-01-20,0,No prazo
6995,17487,4,2026-04-21,2026-04-20,0,No prazo
6996,17488,1,2026-06-16,2026-06-17,1,Atrasada
6997,17490,4,2026-06-01,2026-06-01,0,No prazo
6998,17492,3,2026-02-10,2026-02-10,0,No prazo
6999,17493,5,2026-04-23,2026-04-23,0,No prazo
7000,17494,1,2026-04-12,2026-04-11,0,No prazo
7001,17496,3,2026-06-28,2026-06-28,0,No prazo
7002,17498,4,2026-07-12,2026-07-12,0,No prazo
7003,17499,1,2026-01-05,2026-01-08,3,Atrasada
7004,17502,3,2026-05-13,2026-05-13,0,No prazo
7005,17503,4,2026-04-02,2026-04-02,0,No prazo
7006,17504,3,2026-02-05,2026-02-05,0,No prazo
7007,17505,3,2026-05-08,2026-05-08,0,No prazo
7008,17506,5,2026-08-01,2026-08-04,3,Atrasada
7009,17511,4,2026-02-01,2026-02-01,0,No prazo
7010,17512,4,2026-02-23,2026-02-23,0,No prazo
7011,17513,1,2026-02-22,2026-02-22,0,No prazo
7012,17517,2,2026-04-07,2026-04-07,0,No prazo
7013,17519,5,2026-07-11,2026-07-11,0,No prazo
7014,17524,4,2026-07-09,2026-07-11,2,Atrasada
7015,17527,5,2026-05-05,2026-05-05,0,No prazo
7016,17528,3,2026-06-14,2026-06-15,1,Atrasada
7017,17529,2,2026-05-10,2026-05-10,0,No prazo
7018,17530,4,2026-05-07,2026-05-07,0,No prazo
7019,17531,2,2026-03-26,2026-03-26,0,No prazo
7020,17532,3,2026-05-12,2026-05-13,1,Atrasada
7021,17535,4,2026-05-10,2026-05-12,2,Atrasada
7022,17536,5,2026-05-15,2026-05-15,0,No prazo
7023,17537,3,2026-03-17,2026-03-19,2,Atrasada
7024,17539,2,2026-03-09,2026-03-09,0,No prazo
7025,17540,3,2026-04-03,2026-04-06,3,Atrasada
7026,17541,1,2026-02-06,2026-02-06,0,No prazo
7027,17545,5,2026-06-15,2026-06-18,3,Atrasada
7028,17547,2,2026-08-05,2026-08-08,3,Atrasada
7029,17549,4,2026-03-29,2026-03-31,2,Atrasada
7030,17550,3,2026-06-25,2026-06-25,0,No prazo
7031,17553,4,2026-06-24,2026-06-24,0,No prazo
7032,17556,1,2026-06-26,2026-06-25,0,No prazo
7033,17560,2,2026-07-14,2026-07-15,1,Atrasada
7034,17561,4,2026-08-10,2026-08-10,0,No prazo
7035,17563,5,2026-03-29,2026-03-29,0,No prazo
7036,17580,2,2026-07-18,2026-07-18,0,No prazo
7037,17581,5,2026-01-14,2026-01-14,0,No prazo
7038,17582,3,2026-03-29,2026-03-29,0,No prazo
7039,17584,3,2026-04-02,2026-04-02,0,No prazo
7040,17585,5,2026-06-19,2026-06-19,0,No prazo
7041,17589,3,2026-08-08,2026-08-08,0,No prazo
7042,17592,2,2026-07-13,2026-07-13,0,No prazo
7043,17596,4,2026-08-02,2026-08-02,0,No prazo
7044,17597,3,2026-04-24,2026-04-29,5,Atrasada
7045,17598,4,2026-02-11,2026-02-11,0,No prazo
7046,17599,3,2026-06-10,2026-06-10,0,No prazo
7047,17602,1,2026-01-17,2026-01-17,0,No prazo
7048,17604,3,2026-05-04,2026-05-03,0,No prazo
7049,17605,3,2026-05-04,2026-05-04,0,No prazo
7050,17606,2,2026-01-23,2026-01-23,0,No prazo
7051,17607,1,2026-05-07,2026-05-07,0,No prazo
7052,17609,5,2026-07-09,2026-07-09,0,No prazo
7053,17611,5,2026-03-21,2026-03-21,0,No prazo
7054,17614,5,2026-05-24,2026-05-25,1,Atrasada
7055,17615,3,2026-03-06,2026-03-06,0,No prazo
7056,17617,1,2026-07-27,2026-07-28,1,Atrasada
7057,17618,3,2026-02-11,2026-02-11,0,No prazo
7058,17622,3,2026-02-10,2026-02-10,0,No prazo
7059,17624,5,2026-02-01,2026-02-01,0,No prazo
7060,17627,1,2026-07-20,2026-07-22,2,Atrasada
7061,17630,3,2026-06-23,2026-06-24,1,Atrasada
7062,17632,2,2026-05-13,2026-05-13,0,No prazo
7063,17635,4,2026-02-19,2026-02-20,1,Atrasada
7064,17636,3,2026-05-14,2026-05-14,0,No prazo
7065,17637,4,2026-06-20,2026-06-20,0,No prazo
7066,17638,4,2026-06-26,2026-06-28,2,Atrasada
7067,17639,4,2026-02-10,2026-02-10,0,No prazo
7068,17645,4,2026-02-28,2026-02-28,0,No prazo
7069,17647,4,2026-06-12,2026-06-17,5,Atrasada
7070,17649,3,2026-03-29,2026-03-31,2,Atrasada
7071,17653,1,2026-03-09,2026-03-09,0,No prazo
7072,17655,4,2026-01-05,2026-01-06,1,Atrasada
7073,17656,4,2026-08-02,2026-08-02,0,No prazo
7074,17657,3,2026-08-03,2026-08-03,0,No prazo
7075,17658,3,2026-02-28,2026-02-28,0,No prazo
7076,17660,5,2026-02-18,2026-02-18,0,No prazo
7077,17662,2,2026-02-18,2026-02-18,0,No prazo
7078,17663,4,2026-06-26,2026-06-26,0,No prazo
7079,17665,4,2026-08-03,2026-08-03,0,No prazo
7080,17666,3,2026-07-08,2026-07-09,1,Atrasada
7081,17671,4,2026-04-25,2026-04-25,0,No prazo
7082,17672,3,2026-04-17,2026-04-17,0,No prazo
7083,17673,5,2026-03-31,2026-03-31,0,No prazo
7084,17677,3,2026-04-17,2026-04-17,0,No prazo
7085,17679,2,2026-04-23,2026-04-25,2,Atrasada
7086,17680,3,2026-05-25,2026-05-25,0,No prazo
7087,17683,1,2026-02-08,2026-02-08,0,No prazo
7088,17684,2,2026-07-13,2026-07-13,0,No prazo
7089,17688,3,2026-06-22,2026-06-22,0,No prazo
7090,17689,3,2026-03-28,2026-03-28,0,No prazo
7091,17690,3,2026-01-07,2026-01-08,1,Atrasada
7092,17695,4,2026-01-13,2026-01-13,0,No prazo
7093,17698,3,2026-02-10,2026-02-12,2,Atrasada
7094,17700,4,2026-04-21,2026-04-20,0,No prazo
7095,17702,4,2026-06-09,2026-06-09,0,No prazo
7096,17704,3,2026-07-29,2026-07-28,0,No prazo
7097,17705,3,2026-06-27,2026-06-27,0,No prazo
7098,17706,3,2026-05-23,2026-05-23,0,No prazo
7099,17709,2,2026-02-05,2026-02-05,0,No prazo
7100,17711,1,2026-06-23,2026-06-23,0,No prazo
7101,17712,4,2026-02-05,2026-02-08,3,Atrasada
7102,17714,5,2026-01-14,2026-01-13,0,No prazo
7103,17717,5,2026-07-03,2026-07-03,0,No prazo
7104,17724,3,2026-06-06,2026-06-06,0,No prazo
7105,17729,4,2026-02-15,2026-02-15,0,No prazo
7106,17732,4,2026-01-29,2026-01-29,0,No prazo
7107,17737,5,2026-08-01,2026-08-01,0,No prazo
7108,17740,5,2026-02-09,2026-02-09,0,No prazo
7109,17743,5,2026-04-06,2026-04-07,1,Atrasada
7110,17744,3,2026-07-21,2026-07-22,1,Atrasada
7111,17754,4,2026-04-01,2026-04-01,0,No prazo
7112,17760,4,2026-02-24,2026-02-24,0,No prazo
7113,17764,4,2026-04-22,2026-04-22,0,No prazo
7114,17766,4,2026-05-20,2026-05-20,0,No prazo
7115,17768,1,2026-04-03,2026-04-04,1,Atrasada
7116,17769,3,2026-06-25,2026-06-28,3,Atrasada
7117,17770,4,2026-04-08,2026-04-13,5,Atrasada
7118,17776,2,2026-02-19,2026-02-19,0,No prazo
7119,17777,3,2026-02-14,2026-02-14,0,No prazo
7120,17778,4,2026-07-11,2026-07-14,3,Atrasada
7121,17780,3,2026-06-15,2026-06-16,1,Atrasada
7122,17782,2,2026-04-02,2026-04-03,1,Atrasada
7123,17784,3,2026-06-16,2026-06-16,0,No prazo
7124,17785,5,2026-03-03,2026-03-03,0,No prazo
7125,17786,5,2026-01-04,2026-01-04,0,No prazo
7126,17787,3,2026-01-18,2026-01-20,2,Atrasada
7127,17788,5,2026-03-20,2026-03-20,0,No prazo
7128,17789,1,2026-06-01,2026-06-01,0,No prazo
7129,17790,4,2026-04-10,2026-04-11,1,Atrasada
7130,17791,1,2026-05-18,2026-05-23,5,Atrasada
7131,17792,4,2026-04-17,2026-04-17,0,No prazo
7132,17796,3,2026-08-03,2026-08-03,0,No prazo
7133,17800,4,2026-03-21,2026-03-21,0,No prazo
7134,17802,4,2026-05-18,2026-05-18,0,No prazo
7135,17803,3,2026-07-04,2026-07-05,1,Atrasada
7136,17805,5,2026-01-07,2026-01-08,1,Atrasada
7137,17806,5,2026-02-04,2026-02-04,0,No prazo
7138,17809,3,2026-05-20,2026-05-22,2,Atrasada
7139,17811,2,2026-04-16,2026-04-17,1,Atrasada
7140,17813,3,2026-07-28,2026-08-02,5,Atrasada
7141,17814,4,2026-02-18,2026-02-20,2,Atrasada
7142,17815,1,2026-07-10,2026-07-11,1,Atrasada
7143,17818,3,2026-04-08,2026-04-08,0,No prazo
7144,17819,2,2026-03-09,2026-03-09,0,No prazo
7145,17821,5,2026-05-28,2026-05-28,0,No prazo
7146,17822,4,2026-02-01,2026-02-01,0,No prazo
7147,17823,4,2026-02-01,2026-01-31,0,No prazo
7148,17826,4,2026-01-17,2026-01-17,0,No prazo
7149,17828,3,2026-06-21,2026-06-20,0,No prazo
7150,17830,2,2026-06-23,2026-06-23,0,No prazo
7151,17831,4,2026-04-23,2026-04-23,0,No prazo
7152,17836,1,2026-06-11,2026-06-12,1,Atrasada
7153,17837,3,2026-03-29,2026-03-29,0,No prazo
7154,17838,4,2026-04-12,2026-04-12,0,No prazo
7155,17841,5,2026-02-21,2026-02-21,0,No prazo
7156,17842,5,2026-03-08,2026-03-08,0,No prazo
7157,17844,2,2026-04-24,2026-04-24,0,No prazo
7158,17848,3,2026-08-04,2026-08-04,0,No prazo
7159,17853,5,2026-02-18,2026-02-18,0,No prazo
7160,17854,4,2026-05-31,2026-05-31,0,No prazo
7161,17860,4,2026-05-18,2026-05-18,0,No prazo
7162,17862,1,2026-02-26,2026-02-26,0,No prazo
7163,17867,1,2026-04-18,2026-04-18,0,No prazo
7164,17870,1,2026-03-26,2026-03-26,0,No prazo
7165,17871,4,2026-02-05,2026-02-05,0,No prazo
7166,17876,4,2026-03-14,2026-03-15,1,Atrasada
7167,17877,3,2026-06-10,2026-06-13,3,Atrasada
7168,17878,2,2026-07-21,2026-07-21,0,No prazo
7169,17883,5,2026-07-10,2026-07-13,3,Atrasada
7170,17885,3,2026-08-04,2026-08-04,0,No prazo
7171,17886,3,2026-07-05,2026-07-04,0,No prazo
7172,17888,1,2026-01-15,2026-01-17,2,Atrasada
7173,17891,3,2026-06-20,2026-06-21,1,Atrasada
7174,17892,3,2026-01-21,2026-01-23,2,Atrasada
7175,17894,1,2026-01-10,2026-01-10,0,No prazo
7176,17895,4,2026-02-15,2026-02-15,0,No prazo
7177,17896,2,2026-07-25,2026-07-25,0,No prazo
7178,17897,1,2026-06-10,2026-06-10,0,No prazo
7179,17901,1,2026-06-24,2026-06-24,0,No prazo
7180,17903,1,2026-07-09,2026-07-09,0,No prazo
7181,17904,4,2026-05-08,2026-05-08,0,No prazo
7182,17905,4,2026-03-15,2026-03-15,0,No prazo
7183,17907,1,2026-07-30,2026-07-30,0,No prazo
7184,17914,3,2026-03-04,2026-03-09,5,Atrasada
7185,17915,1,2026-07-21,2026-07-21,0,No prazo
7186,17918,5,2026-01-09,2026-01-09,0,No prazo
7187,17919,4,2026-01-28,2026-01-31,3,Atrasada
7188,17920,4,2026-03-28,2026-03-28,0,No prazo
7189,17924,1,2026-02-12,2026-02-12,0,No prazo
7190,17926,5,2026-02-04,2026-02-05,1,Atrasada
7191,17927,1,2026-06-24,2026-06-24,0,No prazo
7192,17928,3,2026-03-23,2026-03-23,0,No prazo
7193,17929,3,2026-01-11,2026-01-13,2,Atrasada
7194,17934,1,2026-07-05,2026-07-04,0,No prazo
7195,17935,1,2026-03-07,2026-03-08,1,Atrasada
7196,17936,1,2026-04-15,2026-04-15,0,No prazo
7197,17939,3,2026-06-24,2026-06-24,0,No prazo
7198,17941,1,2026-06-10,2026-06-10,0,No prazo
7199,17942,4,2026-07-14,2026-07-14,0,No prazo
7200,17943,4,2026-02-03,2026-02-03,0,No prazo
7201,17944,4,2026-02-27,2026-03-02,3,Atrasada
7202,17946,4,2026-04-20,2026-04-20,0,No prazo
7203,17948,4,2026-01-10,2026-01-10,0,No prazo
7204,17949,1,2026-05-27,2026-05-27,0,No prazo
7205,17951,3,2026-06-27,2026-06-28,1,Atrasada
7206,17954,1,2026-01-30,2026-01-30,0,No prazo
7207,17955,5,2026-07-13,2026-07-13,0,No prazo
7208,17958,4,2026-06-04,2026-06-04,0,No prazo
7209,17960,1,2026-01-11,2026-01-11,0,No prazo
7210,17961,4,2026-06-04,2026-06-06,2,Atrasada
7211,17964,4,2026-06-01,2026-06-01,0,No prazo
7212,17965,1,2026-01-20,2026-01-21,1,Atrasada
7213,17967,1,2026-01-15,2026-01-18,3,Atrasada
7214,17971,3,2026-02-06,2026-02-06,0,No prazo
7215,17976,4,2026-03-29,2026-03-30,1,Atrasada
7216,17977,2,2026-05-21,2026-05-26,5,Atrasada
7217,17978,5,2026-06-08,2026-06-10,2,Atrasada
7218,17979,4,2026-07-13,2026-07-13,0,No prazo
7219,17980,4,2026-06-30,2026-06-30,0,No prazo
7220,17981,3,2026-04-27,2026-04-27,0,No prazo
7221,17983,5,2026-03-01,2026-03-04,3,Atrasada
7222,17984,1,2026-08-08,2026-08-08,0,No prazo
7223,17985,4,2026-05-16,2026-05-16,0,No prazo
7224,17988,5,2026-04-20,2026-04-20,0,No prazo
7225,17990,1,2026-06-11,2026-06-11,0,No prazo
7226,17993,4,2026-02-17,2026-02-19,2,Atrasada
7227,17994,4,2026-06-19,2026-06-19,0,No prazo
7228,17995,4,2026-01-08,2026-01-08,0,No prazo
7229,17997,3,2026-07-27,2026-07-27,0,No prazo
7230,17998,3,2026-01-07,2026-01-12,5,Atrasada
7231,17999,2,2026-05-21,2026-05-21,0,No prazo
7232,18000,4,2026-01-20,2026-01-20,0,No prazo
7233,18002,1,2026-03-18,2026-03-18,0,No prazo
7234,18003,2,2026-04-26,2026-04-26,0,No prazo
7235,18004,1,2026-07-24,2026-07-24,0,No prazo
7236,18007,3,2026-01-24,2026-01-24,0,No prazo
7237,18009,4,2026-03-13,2026-03-13,0,No prazo
7238,18010,5,2026-04-13,2026-04-13,0,No prazo
7239,18011,3,2026-01-22,2026-01-22,0,No prazo
7240,18013,3,2026-05-04,2026-05-04,0,No prazo
7241,18014,3,2026-07-20,2026-07-20,0,No prazo
7242,18022,4,2026-01-28,2026-01-28,0,No prazo
7243,18026,5,2026-03-24,2026-03-24,0,No prazo
7244,18028,5,2026-05-16,2026-05-16,0,No prazo
7245,18037,2,2026-04-12,2026-04-14,2,Atrasada
7246,18040,5,2026-03-30,2026-03-30,0,No prazo
7247,18043,3,2026-03-28,2026-03-28,0,No prazo
7248,18047,5,2026-04-26,2026-04-25,0,No prazo
7249,18050,3,2026-07-06,2026-07-05,0,No prazo
7250,18052,5,2026-07-27,2026-07-26,0,No prazo
7251,18054,3,2026-05-22,2026-05-22,0,No prazo
7252,18057,4,2026-02-14,2026-02-15,1,Atrasada
7253,18060,3,2026-07-05,2026-07-05,0,No prazo
7254,18064,2,2026-07-22,2026-07-22,0,No prazo
7255,18067,1,2026-02-12,2026-02-12,0,No prazo
7256,18069,3,2026-03-14,2026-03-14,0,No prazo
7257,18070,4,2026-02-15,2026-02-15,0,No prazo
7258,18073,1,2026-03-04,2026-03-04,0,No prazo
7259,18076,4,2026-05-14,2026-05-15,1,Atrasada
7260,18077,1,2026-06-09,2026-06-09,0,No prazo
7261,18082,4,2026-02-19,2026-02-22,3,Atrasada
7262,18083,2,2026-01-19,2026-01-19,0,No prazo
7263,18084,4,2026-03-14,2026-03-17,3,Atrasada
7264,18085,5,2026-06-01,2026-06-01,0,No prazo
7265,18095,5,2026-04-09,2026-04-09,0,No prazo
7266,18096,4,2026-06-04,2026-06-05,1,Atrasada
7267,18099,2,2026-07-26,2026-07-29,3,Atrasada
7268,18107,5,2026-07-20,2026-07-19,0,No prazo
7269,18114,4,2026-03-02,2026-03-02,0,No prazo
7270,18116,2,2026-07-03,2026-07-03,0,No prazo
7271,18119,1,2026-06-14,2026-06-19,5,Atrasada
7272,18121,4,2026-07-26,2026-07-26,0,No prazo
7273,18122,1,2026-05-27,2026-05-27,0,No prazo
7274,18126,2,2026-01-30,2026-01-30,0,No prazo
7275,18128,3,2026-02-19,2026-02-19,0,No prazo
7276,18131,3,2026-07-02,2026-07-02,0,No prazo
7277,18133,3,2026-07-01,2026-07-02,1,Atrasada
7278,18143,4,2026-08-08,2026-08-08,0,No prazo
7279,18144,1,2026-04-28,2026-04-28,0,No prazo
7280,18145,3,2026-02-10,2026-02-13,3,Atrasada
7281,18146,3,2026-04-18,2026-04-18,0,No prazo
7282,18150,1,2026-06-13,2026-06-13,0,No prazo
7283,18151,3,2026-07-27,2026-07-27,0,No prazo
7284,18152,4,2026-06-12,2026-06-11,0,No prazo
7285,18155,3,2026-04-30,2026-04-30,0,No prazo
7286,18159,4,2026-07-23,2026-07-23,0,No prazo
7287,18162,1,2026-08-06,2026-08-09,3,Atrasada
7288,18166,3,2026-04-21,2026-04-20,0,No prazo
7289,18168,5,2026-04-17,2026-04-17,0,No prazo
7290,18176,1,2026-05-08,2026-05-09,1,Atrasada
7291,18177,3,2026-08-11,2026-08-11,0,No prazo
7292,18178,3,2026-05-20,2026-05-20,0,No prazo
7293,18179,4,2026-07-02,2026-07-02,0,No prazo
7294,18180,3,2026-07-09,2026-07-09,0,No prazo
7295,18182,5,2026-05-16,2026-05-16,0,No prazo
7296,18183,1,2026-02-24,2026-02-24,0,No prazo
7297,18184,4,2026-08-02,2026-08-02,0,No prazo
7298,18186,1,2026-07-12,2026-07-15,3,Atrasada
7299,18188,2,2026-03-20,2026-03-20,0,No prazo
7300,18190,3,2026-07-12,2026-07-12,0,No prazo
7301,18193,4,2026-06-04,2026-06-04,0,No prazo
7302,18196,3,2026-05-18,2026-05-18,0,No prazo
7303,18198,5,2026-03-05,2026-03-07,2,Atrasada
7304,18201,3,2026-01-09,2026-01-09,0,No prazo
7305,18210,3,2026-01-08,2026-01-08,0,No prazo
7306,18211,4,2026-04-03,2026-04-03,0,No prazo
7307,18216,1,2026-05-20,2026-05-21,1,Atrasada
7308,18217,1,2026-06-16,2026-06-21,5,Atrasada
7309,18218,5,2026-03-12,2026-03-15,3,Atrasada
7310,18219,4,2026-07-28,2026-07-28,0,No prazo
7311,18224,4,2026-07-30,2026-07-30,0,No prazo
7312,18227,1,2026-01-13,2026-01-13,0,No prazo
7313,18230,1,2026-01-12,2026-01-11,0,No prazo
7314,18232,5,2026-06-08,2026-06-08,0,No prazo
7315,18235,4,2026-03-04,2026-03-05,1,Atrasada
7316,18236,4,2026-04-12,2026-04-12,0,No prazo
7317,18240,5,2026-01-26,2026-01-26,0,No prazo
7318,18241,3,2026-01-30,2026-01-30,0,No prazo
7319,18243,4,2026-03-28,2026-03-29,1,Atrasada
7320,18245,5,2026-06-02,2026-06-02,0,No prazo
7321,18247,3,2026-02-13,2026-02-13,0,No prazo
7322,18248,2,2026-08-05,2026-08-05,0,No prazo
7323,18252,1,2026-07-22,2026-07-22,0,No prazo
7324,18257,3,2026-03-06,2026-03-07,1,Atrasada
7325,18259,3,2026-02-17,2026-02-17,0,No prazo
7326,18261,5,2026-01-14,2026-01-14,0,No prazo
7327,18263,2,2026-07-12,2026-07-11,0,No prazo
7328,18265,5,2026-01-03,2026-01-03,0,No prazo
7329,18271,3,2026-02-19,2026-02-19,0,No prazo
7330,18273,2,2026-07-28,2026-07-31,3,Atrasada
7331,18274,1,2026-05-17,2026-05-17,0,No prazo
7332,18277,1,2026-07-20,2026-07-20,0,No prazo
7333,18281,2,2026-03-05,2026-03-05,0,No prazo
7334,18283,4,2026-03-25,2026-03-25,0,No prazo
7335,18284,3,2026-06-01,2026-06-01,0,No prazo
7336,18293,2,2026-01-28,2026-01-28,0,No prazo
7337,18296,5,2026-04-22,2026-04-23,1,Atrasada
7338,18299,4,2026-03-19,2026-03-20,1,Atrasada
7339,18300,3,2026-01-10,2026-01-10,0,No prazo
7340,18303,3,2026-05-19,2026-05-19,0,No prazo
7341,18305,2,2026-05-17,2026-05-17,0,No prazo
7342,18306,2,2026-04-01,2026-04-01,0,No prazo
7343,18308,4,2026-08-06,2026-08-05,0,No prazo
7344,18311,3,2026-01-31,2026-01-31,0,No prazo
7345,18315,1,2026-06-22,2026-06-23,1,Atrasada
7346,18317,4,2026-03-27,2026-03-26,0,No prazo
7347,18318,5,2026-06-18,2026-06-18,0,No prazo
7348,18319,1,2026-04-16,2026-04-16,0,No prazo
7349,18321,1,2026-05-18,2026-05-18,0,No prazo
7350,18327,1,2026-05-21,2026-05-26,5,Atrasada
7351,18329,5,2026-06-07,2026-06-07,0,No prazo
7352,18330,5,2026-04-21,2026-04-21,0,No prazo
7353,18332,4,2026-02-04,2026-02-09,5,Atrasada
7354,18338,5,2026-03-09,2026-03-12,3,Atrasada
7355,18339,1,2026-06-14,2026-06-14,0,No prazo
7356,18342,3,2026-02-07,2026-02-07,0,No prazo
7357,18343,4,2026-05-02,2026-05-02,0,No prazo
7358,18346,3,2026-04-12,2026-04-12,0,No prazo
7359,18354,5,2026-05-19,2026-05-19,0,No prazo
7360,18357,2,2026-02-28,2026-02-28,0,No prazo
7361,18359,4,2026-02-24,2026-02-24,0,No prazo
7362,18360,5,2026-06-15,2026-06-15,0,No prazo
7363,18363,2,2026-06-22,2026-06-22,0,No prazo
7364,18364,4,2026-03-26,2026-03-25,0,No prazo
7365,18365,2,2026-06-05,2026-06-05,0,No prazo
7366,18368,5,2026-01-26,2026-01-26,0,No prazo
7367,18369,1,2026-01-27,2026-01-26,0,No prazo
7368,18371,5,2026-06-27,2026-06-27,0,No prazo
7369,18374,4,2026-08-06,2026-08-08,2,Atrasada
7370,18377,3,2026-01-05,2026-01-05,0,No prazo
7371,18380,3,2026-02-06,2026-02-06,0,No prazo
7372,18383,4,2026-07-17,2026-07-17,0,No prazo
7373,18386,3,2026-03-16,2026-03-17,1,Atrasada
7374,18388,3,2026-06-02,2026-06-05,3,Atrasada
7375,18390,3,2026-01-14,2026-01-14,0,No prazo
7376,18393,4,2026-07-22,2026-07-24,2,Atrasada
7377,18394,2,2026-08-09,2026-08-09,0,No prazo
7378,18398,4,2026-06-23,2026-06-23,0,No prazo
7379,18403,5,2026-05-23,2026-05-23,0,No prazo
7380,18404,2,2026-06-25,2026-06-26,1,Atrasada
7381,18405,3,2026-06-26,2026-06-26,0,No prazo
7382,18408,3,2026-07-22,2026-07-22,0,No prazo
7383,18409,1,2026-06-20,2026-06-21,1,Atrasada
7384,18414,4,2026-03-23,2026-03-23,0,No prazo
7385,18416,4,2026-06-01,2026-06-01,0,No prazo
7386,18420,4,2026-08-02,2026-08-03,1,Atrasada
7387,18421,3,2026-01-04,2026-01-04,0,No prazo
7388,18423,1,2026-07-18,2026-07-18,0,No prazo
7389,18424,4,2026-04-22,2026-04-22,0,No prazo
7390,18425,4,2026-05-07,2026-05-08,1,Atrasada
7391,18427,4,2026-06-19,2026-06-19,0,No prazo
7392,18431,3,2026-02-12,2026-02-11,0,No prazo
7393,18435,3,2026-07-29,2026-07-30,1,Atrasada
7394,18437,1,2026-03-31,2026-03-31,0,No prazo
7395,18439,3,2026-02-08,2026-02-08,0,No prazo
7396,18440,1,2026-07-05,2026-07-06,1,Atrasada
7397,18442,4,2026-02-24,2026-02-24,0,No prazo
7398,18449,2,2026-03-13,2026-03-15,2,Atrasada
7399,18452,5,2026-02-17,2026-02-17,0,No prazo
7400,18457,1,2026-03-03,2026-03-03,0,No prazo
7401,18460,5,2026-04-06,2026-04-09,3,Atrasada
7402,18466,3,2026-06-06,2026-06-08,2,Atrasada
7403,18467,3,2026-02-19,2026-02-19,0,No prazo
7404,18468,3,2026-07-09,2026-07-09,0,No prazo
7405,18470,3,2026-02-06,2026-02-06,0,No prazo
7406,18471,5,2026-02-08,2026-02-11,3,Atrasada
7407,18476,1,2026-07-08,2026-07-08,0,No prazo
7408,18477,1,2026-04-19,2026-04-19,0,No prazo
7409,18479,3,2026-03-10,2026-03-09,0,No prazo
7410,18482,4,2026-01-16,2026-01-15,0,No prazo
7411,18483,3,2026-06-11,2026-06-14,3,Atrasada
7412,18484,2,2026-06-17,2026-06-19,2,Atrasada
7413,18488,4,2026-05-20,2026-05-21,1,Atrasada
7414,18492,3,2026-01-11,2026-01-12,1,Atrasada
7415,18493,3,2026-05-31,2026-06-01,1,Atrasada
7416,18494,3,2026-07-11,2026-07-11,0,No prazo
7417,18495,5,2026-02-11,2026-02-12,1,Atrasada
7418,18498,3,2026-03-12,2026-03-15,3,Atrasada
7419,18500,4,2026-07-26,2026-07-26,0,No prazo
7420,18501,5,2026-05-05,2026-05-05,0,No prazo
7421,18502,1,2026-07-30,2026-07-30,0,No prazo
7422,18503,3,2026-02-23,2026-02-24,1,Atrasada
7423,18506,4,2026-04-17,2026-04-17,0,No prazo
7424,18508,1,2026-02-10,2026-02-10,0,No prazo
7425,18511,1,2026-02-12,2026-02-12,0,No prazo
7426,18513,4,2026-05-15,2026-05-16,1,Atrasada
7427,18516,2,2026-05-07,2026-05-07,0,No prazo
7428,18517,1,2026-08-03,2026-08-03,0,No prazo
7429,18519,4,2026-02-12,2026-02-11,0,No prazo
7430,18523,1,2026-01-26,2026-01-29,3,Atrasada
7431,18528,3,2026-01-22,2026-01-22,0,No prazo
7432,18530,5,2026-02-06,2026-02-06,0,No prazo
7433,18534,4,2026-01-24,2026-01-24,0,No prazo
7434,18535,4,2026-06-13,2026-06-13,0,No prazo
7435,18542,1,2026-06-25,2026-06-25,0,No prazo
7436,18548,1,2026-05-07,2026-05-07,0,No prazo
7437,18549,1,2026-04-07,2026-04-06,0,No prazo
7438,18553,4,2026-05-03,2026-05-03,0,No prazo
7439,18554,3,2026-07-06,2026-07-07,1,Atrasada
7440,18559,4,2026-07-24,2026-07-24,0,No prazo
7441,18561,5,2026-06-19,2026-06-19,0,No prazo
7442,18567,5,2026-07-23,2026-07-23,0,No prazo
7443,18568,3,2026-05-07,2026-05-07,0,No prazo
7444,18569,1,2026-06-21,2026-06-21,0,No prazo
7445,18571,4,2026-02-19,2026-02-20,1,Atrasada
7446,18578,1,2026-06-22,2026-06-22,0,No prazo
7447,18579,5,2026-01-31,2026-01-31,0,No prazo
7448,18581,5,2026-01-29,2026-01-29,0,No prazo
7449,18583,3,2026-02-04,2026-02-09,5,Atrasada
7450,18584,4,2026-03-07,2026-03-07,0,No prazo
7451,18585,5,2026-04-07,2026-04-07,0,No prazo
7452,18586,4,2026-02-01,2026-01-31,0,No prazo
7453,18587,3,2026-03-15,2026-03-17,2,Atrasada
7454,18593,5,2026-04-15,2026-04-15,0,No prazo
7455,18595,4,2026-08-02,2026-08-02,0,No prazo
7456,18597,5,2026-04-26,2026-04-29,3,Atrasada
7457,18598,4,2026-01-15,2026-01-15,0,No prazo
7458,18600,1,2026-05-16,2026-05-19,3,Atrasada
7459,18604,1,2026-01-12,2026-01-12,0,No prazo
7460,18606,3,2026-03-28,2026-03-28,0,No prazo
7461,18608,1,2026-05-18,2026-05-21,3,Atrasada
7462,18609,4,2026-03-27,2026-03-27,0,No prazo
7463,18613,4,2026-04-04,2026-04-05,1,Atrasada
7464,18615,3,2026-06-28,2026-07-01,3,Atrasada
7465,18616,3,2026-05-02,2026-05-01,0,No prazo
7466,18617,3,2026-01-03,2026-01-02,0,No prazo
7467,18618,4,2026-05-09,2026-05-09,0,No prazo
7468,18619,2,2026-05-25,2026-05-25,0,No prazo
7469,18621,4,2026-02-10,2026-02-10,0,No prazo
7470,18623,3,2026-07-09,2026-07-08,0,No prazo
7471,18630,3,2026-05-21,2026-05-24,3,Atrasada
7472,18631,4,2026-01-06,2026-01-06,0,No prazo
7473,18634,2,2026-04-01,2026-04-02,1,Atrasada
7474,18639,2,2026-06-12,2026-06-11,0,No prazo
7475,18647,3,2026-06-03,2026-06-03,0,No prazo
7476,18649,1,2026-02-25,2026-02-25,0,No prazo
7477,18651,1,2026-02-09,2026-02-10,1,Atrasada
7478,18652,1,2026-03-11,2026-03-11,0,No prazo
7479,18653,5,2026-06-23,2026-06-22,0,No prazo
7480,18654,4,2026-08-07,2026-08-06,0,No prazo
7481,18657,3,2026-05-08,2026-05-08,0,No prazo
7482,18660,1,2026-01-19,2026-01-19,0,No prazo
7483,18663,3,2026-02-06,2026-02-06,0,No prazo
7484,18665,4,2026-01-09,2026-01-09,0,No prazo
7485,18666,1,2026-05-22,2026-05-22,0,No prazo
7486,18667,3,2026-05-08,2026-05-08,0,No prazo
7487,18670,3,2026-06-20,2026-06-20,0,No prazo
7488,18671,5,2026-01-09,2026-01-09,0,No prazo
7489,18673,5,2026-04-01,2026-04-01,0,No prazo
7490,18674,3,2026-06-05,2026-06-04,0,No prazo
7491,18675,2,2026-04-01,2026-04-04,3,Atrasada
7492,18676,1,2026-07-01,2026-07-02,1,Atrasada
7493,18677,4,2026-07-26,2026-07-27,1,Atrasada
7494,18680,1,2026-06-21,2026-06-21,0,No prazo
7495,18683,2,2026-08-05,2026-08-05,0,No prazo
7496,18684,1,2026-01-21,2026-01-21,0,No prazo
7497,18686,5,2026-06-05,2026-06-05,0,No prazo
7498,18687,5,2026-02-02,2026-02-03,1,Atrasada
7499,18689,4,2026-04-30,2026-04-30,0,No prazo
7500,18693,2,2026-05-04,2026-05-04,0,No prazo
7501,18695,3,2026-01-06,2026-01-06,0,No prazo
7502,18697,2,2026-02-05,2026-02-05,0,No prazo
7503,18698,1,2026-03-17,2026-03-18,1,Atrasada
7504,18702,5,2026-04-14,2026-04-14,0,No prazo
7505,18703,3,2026-03-21,2026-03-21,0,No prazo
7506,18704,4,2026-04-04,2026-04-04,0,No prazo
7507,18716,1,2026-07-01,2026-07-01,0,No prazo
7508,18717,2,2026-02-25,2026-02-25,0,No prazo
7509,18719,3,2026-08-07,2026-08-07,0,No prazo
7510,18725,3,2026-02-27,2026-02-27,0,No prazo
7511,18727,4,2026-01-29,2026-01-29,0,No prazo
7512,18729,3,2026-02-11,2026-02-11,0,No prazo
7513,18732,4,2026-05-31,2026-05-31,0,No prazo
7514,18736,5,2026-07-12,2026-07-15,3,Atrasada
7515,18737,3,2026-01-05,2026-01-08,3,Atrasada
7516,18738,3,2026-06-23,2026-06-23,0,No prazo
7517,18739,3,2026-07-31,2026-07-31,0,No prazo
7518,18747,4,2026-05-27,2026-05-26,0,No prazo
7519,18750,4,2026-06-07,2026-06-07,0,No prazo
7520,18752,2,2026-05-17,2026-05-17,0,No prazo
7521,18759,3,2026-07-17,2026-07-19,2,Atrasada
7522,18761,4,2026-05-28,2026-05-28,0,No prazo
7523,18763,5,2026-06-07,2026-06-08,1,Atrasada
7524,18764,3,2026-03-23,2026-03-23,0,No prazo
7525,18769,4,2026-04-23,2026-04-23,0,No prazo
7526,18771,3,2026-06-23,2026-06-23,0,No prazo
7527,18773,4,2026-06-28,2026-06-28,0,No prazo
7528,18774,3,2026-04-02,2026-04-02,0,No prazo
7529,18775,5,2026-04-11,2026-04-12,1,Atrasada
7530,18776,1,2026-06-13,2026-06-13,0,No prazo
7531,18777,1,2026-05-23,2026-05-23,0,No prazo
7532,18780,5,2026-08-06,2026-08-08,2,Atrasada
7533,18781,3,2026-01-17,2026-01-17,0,No prazo
7534,18785,4,2026-03-17,2026-03-17,0,No prazo
7535,18786,4,2026-05-08,2026-05-08,0,No prazo
7536,18792,3,2026-06-22,2026-06-25,3,Atrasada
7537,18796,3,2026-04-08,2026-04-09,1,Atrasada
7538,18797,4,2026-02-27,2026-02-28,1,Atrasada
7539,18799,1,2026-03-25,2026-03-25,0,No prazo
7540,18800,4,2026-07-05,2026-07-08,3,Atrasada
7541,18802,3,2026-04-21,2026-04-22,1,Atrasada
7542,18805,3,2026-06-18,2026-06-20,2,Atrasada
7543,18806,3,2026-05-12,2026-05-13,1,Atrasada
7544,18810,3,2026-06-22,2026-06-22,0,No prazo
7545,18812,5,2026-05-04,2026-05-04,0,No prazo
7546,18814,3,2026-03-04,2026-03-09,5,Atrasada
7547,18818,4,2026-04-25,2026-04-25,0,No prazo
7548,18819,3,2026-05-03,2026-05-04,1,Atrasada
7549,18820,5,2026-02-11,2026-02-13,2,Atrasada
7550,18821,1,2026-02-11,2026-02-11,0,No prazo
7551,18824,1,2026-07-29,2026-07-29,0,No prazo
7552,18825,1,2026-04-28,2026-04-28,0,No prazo
7553,18827,5,2026-04-01,2026-04-01,0,No prazo
7554,18829,2,2026-04-19,2026-04-20,1,Atrasada
7555,18831,3,2026-03-31,2026-03-31,0,No prazo
7556,18832,5,2026-03-05,2026-03-07,2,Atrasada
7557,18834,4,2026-05-01,2026-05-01,0,No prazo
7558,18837,3,2026-02-28,2026-02-27,0,No prazo
7559,18838,1,2026-02-27,2026-02-28,1,Atrasada
7560,18839,1,2026-03-27,2026-03-27,0,No prazo
7561,18840,4,2026-03-20,2026-03-21,1,Atrasada
7562,18841,2,2026-02-16,2026-02-16,0,No prazo
7563,18842,1,2026-07-28,2026-07-29,1,Atrasada
7564,18843,5,2026-03-17,2026-03-17,0,No prazo
7565,18847,5,2026-04-15,2026-04-14,0,No prazo
7566,18850,1,2026-04-30,2026-04-30,0,No prazo
7567,18854,1,2026-02-18,2026-02-18,0,No prazo
7568,18856,3,2026-02-11,2026-02-11,0,No prazo
7569,18857,3,2026-06-21,2026-06-21,0,No prazo
7570,18860,4,2026-08-04,2026-08-04,0,No prazo
7571,18862,1,2026-07-13,2026-07-13,0,No prazo
7572,18863,4,2026-03-18,2026-03-18,0,No prazo
7573,18865,1,2026-01-27,2026-01-27,0,No prazo
7574,18866,1,2026-03-05,2026-03-05,0,No prazo
7575,18868,3,2026-02-05,2026-02-05,0,No prazo
7576,18869,3,2026-03-27,2026-03-27,0,No prazo
7577,18870,4,2026-08-06,2026-08-06,0,No prazo
7578,18872,3,2026-02-22,2026-02-22,0,No prazo
7579,18873,3,2026-08-08,2026-08-08,0,No prazo
7580,18877,5,2026-07-25,2026-07-24,0,No prazo
7581,18883,5,2026-08-09,2026-08-09,0,No prazo
7582,18884,5,2026-01-23,2026-01-23,0,No prazo
7583,18887,1,2026-06-26,2026-06-26,0,No prazo
7584,18891,4,2026-03-07,2026-03-07,0,No prazo
7585,18897,3,2026-05-23,2026-05-23,0,No prazo
7586,18898,4,2026-03-15,2026-03-15,0,No prazo
7587,18900,4,2026-06-11,2026-06-11,0,No prazo
7588,18901,5,2026-07-30,2026-08-02,3,Atrasada
7589,18902,3,2026-08-04,2026-08-04,0,No prazo
7590,18903,5,2026-05-04,2026-05-04,0,No prazo
7591,18907,4,2026-01-28,2026-01-30,2,Atrasada
7592,18910,4,2026-06-15,2026-06-14,0,No prazo
7593,18915,3,2026-01-22,2026-01-22,0,No prazo
7594,18916,2,2026-04-24,2026-04-24,0,No prazo
7595,18917,5,2026-01-31,2026-01-31,0,No prazo
7596,18922,5,2026-03-31,2026-03-31,0,No prazo
7597,18924,3,2026-07-30,2026-07-31,1,Atrasada
7598,18925,3,2026-02-06,2026-02-06,0,No prazo
7599,18927,3,2026-04-06,2026-04-06,0,No prazo
7600,18928,3,2026-05-13,2026-05-14,1,Atrasada
7601,18929,4,2026-05-29,2026-05-29,0,No prazo
7602,18930,5,2026-01-20,2026-01-20,0,No prazo
7603,18933,4,2026-06-22,2026-06-22,0,No prazo
7604,18934,3,2026-01-19,2026-01-19,0,No prazo
7605,18937,1,2026-06-21,2026-06-21,0,No prazo
7606,18939,2,2026-04-05,2026-04-07,2,Atrasada
7607,18941,5,2026-04-10,2026-04-13,3,Atrasada
7608,18947,4,2026-02-18,2026-02-18,0,No prazo
7609,18948,4,2026-02-17,2026-02-19,2,Atrasada
7610,18949,3,2026-07-26,2026-07-29,3,Atrasada
7611,18953,3,2026-04-14,2026-04-14,0,No prazo
7612,18956,2,2026-02-13,2026-02-13,0,No prazo
7613,18963,2,2026-02-23,2026-02-24,1,Atrasada
7614,18964,4,2026-04-09,2026-04-09,0,No prazo
7615,18965,3,2026-01-31,2026-01-30,0,No prazo
7616,18967,2,2026-01-05,2026-01-06,1,Atrasada
7617,18968,1,2026-06-30,2026-06-30,0,No prazo
7618,18969,1,2026-04-15,2026-04-16,1,Atrasada
7619,18970,1,2026-02-09,2026-02-09,0,No prazo
7620,18973,2,2026-07-02,2026-07-02,0,No prazo
7621,18977,4,2026-03-14,2026-03-19,5,Atrasada
7622,18981,4,2026-07-08,2026-07-09,1,Atrasada
7623,18983,2,2026-07-06,2026-07-06,0,No prazo
7624,18985,2,2026-07-10,2026-07-11,1,Atrasada
7625,18990,4,2026-01-22,2026-01-22,0,No prazo
7626,18994,4,2026-04-25,2026-04-25,0,No prazo
7627,18996,3,2026-01-22,2026-01-22,0,No prazo
7628,18997,3,2026-04-30,2026-04-30,0,No prazo
7629,18998,3,2026-06-30,2026-06-30,0,No prazo
7630,19000,5,2026-03-01,2026-03-01,0,No prazo
7631,19003,4,2026-01-02,2026-01-03,1,Atrasada
7632,19004,4,2026-05-22,2026-05-22,0,No prazo
7633,19011,3,2026-07-06,2026-07-06,0,No prazo
7634,19012,2,2026-03-23,2026-03-23,0,No prazo
7635,19013,5,2026-04-13,2026-04-13,0,No prazo
7636,19015,4,2026-03-08,2026-03-08,0,No prazo
7637,19016,5,2026-02-24,2026-02-24,0,No prazo
7638,19017,1,2026-02-26,2026-02-27,1,Atrasada
7639,19021,1,2026-02-08,2026-02-10,2,Atrasada
7640,19023,2,2026-07-13,2026-07-13,0,No prazo
7641,19027,5,2026-04-21,2026-04-21,0,No prazo
7642,19029,1,2026-01-09,2026-01-09,0,No prazo
7643,19031,3,2026-01-12,2026-01-12,0,No prazo
7644,19032,3,2026-03-03,2026-03-06,3,Atrasada
7645,19033,4,2026-03-08,2026-03-08,0,No prazo
7646,19035,5,2026-07-20,2026-07-20,0,No prazo
7647,19041,4,2026-08-01,2026-08-01,0,No prazo
7648,19043,3,2026-02-25,2026-02-25,0,No prazo
7649,19044,1,2026-01-27,2026-01-28,1,Atrasada
7650,19045,4,2026-02-09,2026-02-09,0,No prazo
7651,19047,1,2026-01-10,2026-01-10,0,No prazo
7652,19048,3,2026-01-25,2026-01-25,0,No prazo
7653,19049,1,2026-05-24,2026-05-24,0,No prazo
7654,19051,3,2026-01-17,2026-01-17,0,No prazo
7655,19052,5,2026-01-07,2026-01-07,0,No prazo
7656,19053,3,2026-06-08,2026-06-08,0,No prazo
7657,19056,5,2026-05-22,2026-05-22,0,No prazo
7658,19058,5,2026-04-27,2026-04-27,0,No prazo
7659,19059,5,2026-04-19,2026-04-19,0,No prazo
7660,19063,4,2026-02-18,2026-02-18,0,No prazo
7661,19065,4,2026-05-01,2026-05-02,1,Atrasada
7662,19067,3,2026-04-11,2026-04-12,1,Atrasada
7663,19068,1,2026-05-20,2026-05-20,0,No prazo
7664,19070,2,2026-05-25,2026-05-26,1,Atrasada
7665,19073,4,2026-04-12,2026-04-12,0,No prazo
7666,19074,4,2026-02-27,2026-02-27,0,No prazo
7667,19076,1,2026-06-30,2026-06-30,0,No prazo
7668,19078,4,2026-01-20,2026-01-20,0,No prazo
7669,19080,5,2026-05-23,2026-05-23,0,No prazo
7670,19082,1,2026-01-29,2026-02-01,3,Atrasada
7671,19085,5,2026-03-31,2026-03-31,0,No prazo
7672,19091,4,2026-01-22,2026-01-22,0,No prazo
7673,19092,3,2026-05-06,2026-05-09,3,Atrasada
7674,19096,3,2026-06-02,2026-06-02,0,No prazo
7675,19099,1,2026-05-16,2026-05-16,0,No prazo
7676,19102,3,2026-06-08,2026-06-08,0,No prazo
7677,19103,4,2026-02-19,2026-02-19,0,No prazo
7678,19112,3,2026-07-08,2026-07-08,0,No prazo
7679,19114,1,2026-03-15,2026-03-15,0,No prazo
7680,19117,4,2026-07-19,2026-07-19,0,No prazo
7681,19120,2,2026-02-02,2026-02-02,0,No prazo
7682,19122,3,2026-06-10,2026-06-10,0,No prazo
7683,19123,4,2026-04-14,2026-04-14,0,No prazo
7684,19126,5,2026-07-22,2026-07-27,5,Atrasada
7685,19132,1,2026-04-20,2026-04-20,0,No prazo
7686,19134,3,2026-02-11,2026-02-11,0,No prazo
7687,19138,4,2026-06-12,2026-06-13,1,Atrasada
7688,19140,1,2026-05-02,2026-05-02,0,No prazo
7689,19144,5,2026-02-14,2026-02-14,0,No prazo
7690,19145,2,2026-02-22,2026-02-22,0,No prazo
7691,19148,4,2026-03-31,2026-03-31,0,No prazo
7692,19149,4,2026-07-04,2026-07-07,3,Atrasada
7693,19155,4,2026-02-06,2026-02-05,0,No prazo
7694,19156,4,2026-04-30,2026-04-30,0,No prazo
7695,19160,2,2026-03-23,2026-03-26,3,Atrasada
7696,19162,5,2026-07-29,2026-08-01,3,Atrasada
7697,19164,4,2026-06-04,2026-06-06,2,Atrasada
7698,19169,1,2026-03-06,2026-03-06,0,No prazo
7699,19172,5,2026-04-09,2026-04-12,3,Atrasada
7700,19180,4,2026-06-11,2026-06-11,0,No prazo
7701,19181,3,2026-01-09,2026-01-09,0,No prazo
7702,19185,1,2026-03-29,2026-03-30,1,Atrasada
7703,19186,4,2026-07-31,2026-07-30,0,No prazo
7704,19187,3,2026-07-17,2026-07-20,3,Atrasada
7705,19190,1,2026-06-23,2026-06-23,0,No prazo
7706,19193,4,2026-07-29,2026-07-29,0,No prazo
7707,19197,4,2026-03-04,2026-03-07,3,Atrasada
7708,19201,2,2026-08-08,2026-08-08,0,No prazo
7709,19203,3,2026-06-17,2026-06-17,0,No prazo
7710,19205,5,2026-06-04,2026-06-04,0,No prazo
7711,19215,4,2026-05-29,2026-05-30,1,Atrasada
7712,19218,5,2026-05-16,2026-05-18,2,Atrasada
7713,19221,3,2026-07-05,2026-07-05,0,No prazo
7714,19222,3,2026-06-12,2026-06-12,0,No prazo
7715,19228,1,2026-01-24,2026-01-24,0,No prazo
7716,19235,4,2026-01-08,2026-01-08,0,No prazo
7717,19238,2,2026-02-16,2026-02-17,1,Atrasada
7718,19241,3,2026-01-13,2026-01-13,0,No prazo
7719,19242,3,2026-07-07,2026-07-07,0,No prazo
7720,19243,1,2026-07-17,2026-07-17,0,No prazo
7721,19245,1,2026-03-09,2026-03-09,0,No prazo
7722,19253,3,2026-01-19,2026-01-19,0,No prazo
7723,19259,3,2026-04-30,2026-04-30,0,No prazo
7724,19261,5,2026-05-22,2026-05-23,1,Atrasada
7725,19264,5,2026-06-18,2026-06-18,0,No prazo
7726,19266,4,2026-03-03,2026-03-03,0,No prazo
7727,19267,3,2026-04-03,2026-04-03,0,No prazo
7728,19268,5,2026-07-04,2026-07-04,0,No prazo
7729,19270,1,2026-01-19,2026-01-19,0,No prazo
7730,19272,5,2026-06-15,2026-06-15,0,No prazo
7731,19275,2,2026-07-31,2026-07-31,0,No prazo
7732,19277,3,2026-03-26,2026-03-26,0,No prazo
7733,19278,1,2026-07-24,2026-07-23,0,No prazo
7734,19279,5,2026-06-29,2026-07-01,2,Atrasada
7735,19282,2,2026-03-04,2026-03-04,0,No prazo
7736,19286,4,2026-07-27,2026-07-27,0,No prazo
7737,19287,2,2026-05-06,2026-05-07,1,Atrasada
7738,19291,1,2026-05-06,2026-05-06,0,No prazo
7739,19292,3,2026-01-27,2026-01-29,2,Atrasada
7740,19293,4,2026-02-06,2026-02-06,0,No prazo
7741,19294,5,2026-05-11,2026-05-11,0,No prazo
7742,19302,3,2026-05-08,2026-05-13,5,Atrasada
7743,19303,3,2026-03-02,2026-03-02,0,No prazo
7744,19307,5,2026-07-20,2026-07-19,0,No prazo
7745,19311,3,2026-07-22,2026-07-22,0,No prazo
7746,19313,1,2026-04-15,2026-04-14,0,No prazo
7747,19315,4,2026-06-10,2026-06-10,0,No prazo
7748,19322,1,2026-04-12,2026-04-12,0,No prazo
7749,19324,3,2026-02-13,2026-02-13,0,No prazo
7750,19327,1,2026-05-31,2026-05-31,0,No prazo
7751,19328,2,2026-01-14,2026-01-14,0,No prazo
7752,19330,2,2026-05-03,2026-05-04,1,Atrasada
7753,19333,4,2026-07-07,2026-07-08,1,Atrasada
7754,19337,3,2026-01-19,2026-01-18,0,No prazo
7755,19339,1,2026-03-14,2026-03-14,0,No prazo
7756,19341,1,2026-03-20,2026-03-20,0,No prazo
7757,19344,1,2026-01-27,2026-01-27,0,No prazo
7758,19345,3,2026-02-19,2026-02-19,0,No prazo
7759,19347,4,2026-01-05,2026-01-05,0,No prazo
7760,19350,4,2026-03-12,2026-03-12,0,No prazo
7761,19351,5,2026-03-13,2026-03-13,0,No prazo
7762,19353,5,2026-04-05,2026-04-05,0,No prazo
7763,19358,4,2026-06-25,2026-06-27,2,Atrasada
7764,19359,5,2026-04-06,2026-04-09,3,Atrasada
7765,19360,3,2026-05-17,2026-05-17,0,No prazo
7766,19362,4,2026-06-30,2026-06-30,0,No prazo
7767,19368,5,2026-06-27,2026-06-26,0,No prazo
7768,19370,4,2026-01-04,2026-01-04,0,No prazo
7769,19371,1,2026-05-26,2026-05-27,1,Atrasada
7770,19374,4,2026-03-02,2026-03-02,0,No prazo
7771,19376,2,2026-01-20,2026-01-20,0,No prazo
7772,19378,4,2026-07-09,2026-07-09,0,No prazo
7773,19379,1,2026-01-22,2026-01-22,0,No prazo
7774,19386,3,2026-04-20,2026-04-23,3,Atrasada
7775,19387,3,2026-01-14,2026-01-14,0,No prazo
7776,19395,4,2026-03-03,2026-03-03,0,No prazo
7777,19396,1,2026-02-27,2026-02-27,0,No prazo
7778,19397,4,2026-03-21,2026-03-20,0,No prazo
7779,19398,3,2026-05-15,2026-05-15,0,No prazo
7780,19401,5,2026-06-06,2026-06-06,0,No prazo
7781,19403,4,2026-02-13,2026-02-13,0,No prazo
7782,19406,1,2026-08-10,2026-08-10,0,No prazo
7783,19407,1,2026-03-29,2026-03-29,0,No prazo
7784,19408,4,2026-02-09,2026-02-09,0,No prazo
7785,19410,2,2026-01-19,2026-01-19,0,No prazo
7786,19412,1,2026-05-11,2026-05-11,0,No prazo
7787,19413,3,2026-05-23,2026-05-23,0,No prazo
7788,19414,4,2026-01-09,2026-01-12,3,Atrasada
7789,19417,4,2026-03-18,2026-03-18,0,No prazo
7790,19419,4,2026-03-05,2026-03-05,0,No prazo
7791,19420,3,2026-05-28,2026-05-28,0,No prazo
7792,19422,1,2026-04-26,2026-04-26,0,No prazo
7793,19424,1,2026-03-28,2026-03-31,3,Atrasada
7794,19426,2,2026-05-10,2026-05-10,0,No prazo
7795,19428,5,2026-05-25,2026-05-27,2,Atrasada
7796,19429,1,2026-06-16,2026-06-16,0,No prazo
7797,19430,1,2026-06-28,2026-06-28,0,No prazo
7798,19432,2,2026-06-26,2026-06-26,0,No prazo
7799,19433,5,2026-02-26,2026-02-26,0,No prazo
7800,19434,2,2026-05-29,2026-05-28,0,No prazo
7801,19435,2,2026-08-06,2026-08-06,0,No prazo
7802,19436,3,2026-07-18,2026-07-19,1,Atrasada
7803,19439,5,2026-05-19,2026-05-19,0,No prazo
7804,19443,3,2026-07-24,2026-07-24,0,No prazo
7805,19444,1,2026-07-17,2026-07-17,0,No prazo
7806,19445,4,2026-03-29,2026-03-29,0,No prazo
7807,19446,1,2026-03-15,2026-03-15,0,No prazo
7808,19448,1,2026-01-06,2026-01-06,0,No prazo
7809,19449,5,2026-07-19,2026-07-19,0,No prazo
7810,19450,4,2026-05-16,2026-05-15,0,No prazo
7811,19451,4,2026-05-21,2026-05-20,0,No prazo
7812,19452,2,2026-04-09,2026-04-10,1,Atrasada
7813,19453,1,2026-08-07,2026-08-09,2,Atrasada
7814,19454,4,2026-06-17,2026-06-16,0,No prazo
7815,19456,3,2026-04-29,2026-04-29,0,No prazo
7816,19459,2,2026-06-15,2026-06-15,0,No prazo
7817,19463,1,2026-04-21,2026-04-22,1,Atrasada
7818,19464,2,2026-01-10,2026-01-10,0,No prazo
7819,19468,3,2026-03-07,2026-03-07,0,No prazo
7820,19470,5,2026-04-13,2026-04-13,0,No prazo
7821,19471,5,2026-01-16,2026-01-17,1,Atrasada
7822,19472,4,2026-04-30,2026-04-30,0,No prazo
7823,19474,1,2026-02-28,2026-03-02,2,Atrasada
7824,19475,5,2026-08-01,2026-08-01,0,No prazo
7825,19476,1,2026-05-26,2026-05-26,0,No prazo
7826,19477,3,2026-03-31,2026-03-31,0,No prazo
7827,19483,5,2026-05-07,2026-05-07,0,No prazo
7828,19485,1,2026-01-20,2026-01-20,0,No prazo
7829,19486,5,2026-06-09,2026-06-10,1,Atrasada
7830,19487,4,2026-03-25,2026-03-26,1,Atrasada
7831,19488,4,2026-05-01,2026-04-30,0,No prazo
7832,19490,5,2026-06-23,2026-06-24,1,Atrasada
7833,19495,3,2026-02-25,2026-02-25,0,No prazo
7834,19500,4,2026-06-30,2026-06-30,0,No prazo
7835,19501,4,2026-04-02,2026-04-02,0,No prazo
7836,19503,1,2026-06-19,2026-06-19,0,No prazo
7837,19505,5,2026-03-25,2026-03-24,0,No prazo
7838,19506,5,2026-05-29,2026-06-03,5,Atrasada
7839,19507,3,2026-06-11,2026-06-14,3,Atrasada
7840,19508,4,2026-02-22,2026-02-22,0,No prazo
7841,19513,1,2026-04-08,2026-04-09,1,Atrasada
7842,19515,3,2026-05-13,2026-05-15,2,Atrasada
7843,19516,3,2026-03-27,2026-03-30,3,Atrasada
7844,19519,1,2026-05-30,2026-05-30,0,No prazo
7845,19520,5,2026-07-19,2026-07-19,0,No prazo
7846,19524,3,2026-01-30,2026-01-30,0,No prazo
7847,19527,4,2026-07-08,2026-07-08,0,No prazo
7848,19530,3,2026-02-15,2026-02-15,0,No prazo
7849,19531,5,2026-02-18,2026-02-18,0,No prazo
7850,19535,2,2026-02-07,2026-02-07,0,No prazo
7851,19536,5,2026-03-08,2026-03-08,0,No prazo
7852,19543,2,2026-05-02,2026-05-04,2,Atrasada
7853,19544,3,2026-05-17,2026-05-17,0,No prazo
7854,19546,1,2026-06-02,2026-06-01,0,No prazo
7855,19550,5,2026-02-21,2026-02-21,0,No prazo
7856,19557,2,2026-01-10,2026-01-10,0,No prazo
7857,19569,1,2026-03-19,2026-03-19,0,No prazo
7858,19570,5,2026-08-04,2026-08-04,0,No prazo
7859,19571,3,2026-03-20,2026-03-20,0,No prazo
7860,19572,5,2026-02-11,2026-02-11,0,No prazo
7861,19574,1,2026-01-07,2026-01-07,0,No prazo
7862,19576,5,2026-01-04,2026-01-04,0,No prazo
7863,19579,3,2026-01-22,2026-01-24,2,Atrasada
7864,19581,1,2026-06-14,2026-06-14,0,No prazo
7865,19586,1,2026-05-01,2026-05-01,0,No prazo
7866,19587,4,2026-06-06,2026-06-08,2,Atrasada
7867,19588,1,2026-04-12,2026-04-12,0,No prazo
7868,19589,3,2026-02-10,2026-02-10,0,No prazo
7869,19590,1,2026-03-29,2026-03-29,0,No prazo
7870,19591,3,2026-04-16,2026-04-18,2,Atrasada
7871,19592,3,2026-01-14,2026-01-14,0,No prazo
7872,19593,1,2026-07-09,2026-07-09,0,No prazo
7873,19598,4,2026-04-13,2026-04-14,1,Atrasada
7874,19603,4,2026-02-15,2026-02-15,0,No prazo
7875,19604,1,2026-02-22,2026-02-22,0,No prazo
7876,19606,4,2026-06-09,2026-06-11,2,Atrasada
7877,19607,1,2026-08-01,2026-07-31,0,No prazo
7878,19613,1,2026-05-09,2026-05-09,0,No prazo
7879,19616,1,2026-04-16,2026-04-16,0,No prazo
7880,19617,2,2026-01-20,2026-01-20,0,No prazo
7881,19618,3,2026-07-10,2026-07-11,1,Atrasada
7882,19619,1,2026-04-26,2026-04-26,0,No prazo
7883,19630,5,2026-02-18,2026-02-19,1,Atrasada
7884,19632,3,2026-05-04,2026-05-04,0,No prazo
7885,19633,5,2026-08-08,2026-08-08,0,No prazo
7886,19635,1,2026-04-19,2026-04-19,0,No prazo
7887,19636,1,2026-03-28,2026-03-28,0,No prazo
7888,19637,4,2026-03-30,2026-04-01,2,Atrasada
7889,19638,1,2026-03-26,2026-03-26,0,No prazo
7890,19640,1,2026-01-09,2026-01-09,0,No prazo
7891,19641,1,2026-06-17,2026-06-17,0,No prazo
7892,19645,4,2026-05-15,2026-05-15,0,No prazo
7893,19646,5,2026-03-23,2026-03-24,1,Atrasada
7894,19654,3,2026-05-29,2026-05-29,0,No prazo
7895,19659,3,2026-02-08,2026-02-07,0,No prazo
7896,19660,3,2026-04-24,2026-04-24,0,No prazo
7897,19663,2,2026-05-11,2026-05-11,0,No prazo
7898,19664,4,2026-04-24,2026-04-24,0,No prazo
7899,19665,5,2026-03-09,2026-03-09,0,No prazo
7900,19672,3,2026-04-07,2026-04-07,0,No prazo
7901,19674,4,2026-01-04,2026-01-04,0,No prazo
7902,19675,2,2026-03-12,2026-03-13,1,Atrasada
7903,19678,3,2026-02-09,2026-02-10,1,Atrasada
7904,19680,3,2026-07-25,2026-07-25,0,No prazo
7905,19681,4,2026-06-30,2026-06-30,0,No prazo
7906,19682,5,2026-01-11,2026-01-14,3,Atrasada
7907,19686,5,2026-05-27,2026-05-27,0,No prazo
7908,19688,5,2026-02-27,2026-03-04,5,Atrasada
7909,19689,3,2026-06-10,2026-06-10,0,No prazo
7910,19691,1,2026-03-22,2026-03-22,0,No prazo
7911,19698,5,2026-02-09,2026-02-14,5,Atrasada
7912,19701,5,2026-07-30,2026-07-29,0,No prazo
7913,19702,4,2026-02-25,2026-02-25,0,No prazo
7914,19705,1,2026-08-01,2026-08-01,0,No prazo
7915,19707,3,2026-04-06,2026-04-07,1,Atrasada
7916,19708,3,2026-03-20,2026-03-20,0,No prazo
7917,19710,5,2026-02-21,2026-02-21,0,No prazo
7918,19714,3,2026-06-17,2026-06-17,0,No prazo
7919,19715,4,2026-05-06,2026-05-06,0,No prazo
7920,19719,4,2026-01-06,2026-01-06,0,No prazo
7921,19726,5,2026-01-04,2026-01-04,0,No prazo
7922,19731,3,2026-07-28,2026-07-28,0,No prazo
7923,19733,2,2026-05-02,2026-05-02,0,No prazo
7924,19734,1,2026-05-26,2026-05-26,0,No prazo
7925,19735,5,2026-08-03,2026-08-03,0,No prazo
7926,19740,4,2026-07-24,2026-07-23,0,No prazo
7927,19741,5,2026-01-22,2026-01-22,0,No prazo
7928,19743,4,2026-03-21,2026-03-21,0,No prazo
7929,19744,2,2026-02-15,2026-02-18,3,Atrasada
7930,19747,1,2026-07-17,2026-07-17,0,No prazo
7931,19749,4,2026-05-18,2026-05-18,0,No prazo
7932,19752,3,2026-06-06,2026-06-06,0,No prazo
7933,19758,1,2026-03-13,2026-03-16,3,Atrasada
7934,19760,1,2026-07-11,2026-07-12,1,Atrasada
7935,19762,2,2026-01-26,2026-01-26,0,No prazo
7936,19763,2,2026-05-11,2026-05-11,0,No prazo
7937,19764,5,2026-05-23,2026-05-23,0,No prazo
7938,19765,1,2026-07-27,2026-07-28,1,Atrasada
7939,19766,5,2026-07-17,2026-07-17,0,No prazo
7940,19767,4,2026-02-21,2026-02-21,0,No prazo
7941,19769,4,2026-08-11,2026-08-11,0,No prazo
7942,19772,4,2026-03-10,2026-03-13,3,Atrasada
7943,19774,4,2026-05-06,2026-05-06,0,No prazo
7944,19777,2,2026-03-21,2026-03-21,0,No prazo
7945,19780,1,2026-07-18,2026-07-19,1,Atrasada
7946,19782,4,2026-02-17,2026-02-19,2,Atrasada
7947,19783,2,2026-05-25,2026-05-25,0,No prazo
7948,19784,5,2026-04-30,2026-04-30,0,No prazo
7949,19785,4,2026-05-04,2026-05-04,0,No prazo
7950,19787,1,2026-06-08,2026-06-10,2,Atrasada
7951,19789,3,2026-01-23,2026-01-22,0,No prazo
7952,19793,3,2026-06-12,2026-06-12,0,No prazo
7953,19794,3,2026-05-29,2026-05-29,0,No prazo
7954,19795,4,2026-06-05,2026-06-10,5,Atrasada
7955,19796,1,2026-01-10,2026-01-13,3,Atrasada
7956,19798,1,2026-06-26,2026-06-26,0,No prazo
7957,19805,5,2026-04-01,2026-04-02,1,Atrasada
7958,19807,1,2026-01-18,2026-01-19,1,Atrasada
7959,19808,4,2026-02-16,2026-02-16,0,No prazo
7960,19809,4,2026-02-25,2026-02-28,3,Atrasada
7961,19813,1,2026-02-01,2026-02-01,0,No prazo
7962,19814,4,2026-03-07,2026-03-07,0,No prazo
7963,19820,1,2026-06-08,2026-06-08,0,No prazo
7964,19821,4,2026-05-18,2026-05-19,1,Atrasada
7965,19822,1,2026-07-20,2026-07-19,0,No prazo
7966,19823,3,2026-06-30,2026-06-30,0,No prazo
7967,19824,4,2026-02-21,2026-02-21,0,No prazo
7968,19825,1,2026-05-11,2026-05-13,2,Atrasada
7969,19826,4,2026-06-26,2026-06-26,0,No prazo
7970,19832,1,2026-01-11,2026-01-11,0,No prazo
7971,19833,3,2026-06-15,2026-06-15,0,No prazo
7972,19835,4,2026-05-26,2026-05-26,0,No prazo
7973,19839,1,2026-02-16,2026-02-16,0,No prazo
7974,19840,3,2026-05-02,2026-05-02,0,No prazo
7975,19843,3,2026-05-09,2026-05-09,0,No prazo
7976,19844,4,2026-08-09,2026-08-10,1,Atrasada
7977,19846,1,2026-07-01,2026-07-01,0,No prazo
7978,19848,1,2026-04-19,2026-04-19,0,No prazo
7979,19849,2,2026-03-11,2026-03-11,0,No prazo
7980,19853,4,2026-02-14,2026-02-14,0,No prazo
7981,19854,3,2026-06-15,2026-06-15,0,No prazo
7982,19855,3,2026-02-19,2026-02-19,0,No prazo
7983,19858,4,2026-04-12,2026-04-12,0,No prazo
7984,19859,4,2026-01-28,2026-01-28,0,No prazo
7985,19862,4,2026-04-13,2026-04-13,0,No prazo
7986,19863,2,2026-06-22,2026-06-22,0,No prazo
7987,19864,4,2026-04-13,2026-04-13,0,No prazo
7988,19870,1,2026-01-07,2026-01-08,1,Atrasada
7989,19873,2,2026-01-18,2026-01-17,0,No prazo
7990,19883,5,2026-05-29,2026-05-29,0,No prazo
7991,19884,4,2026-01-22,2026-01-22,0,No prazo
7992,19886,4,2026-08-07,2026-08-07,0,No prazo
7993,19887,4,2026-05-10,2026-05-13,3,Atrasada
7994,19888,1,2026-03-18,2026-03-20,2,Atrasada
7995,19893,5,2026-04-27,2026-04-26,0,No prazo
7996,19894,5,2026-06-09,2026-06-09,0,No prazo
7997,19899,4,2026-06-24,2026-06-24,0,No prazo
7998,19904,4,2026-01-05,2026-01-08,3,Atrasada
7999,19905,1,2026-03-23,2026-03-22,0,No prazo
8000,19906,3,2026-08-06,2026-08-06,0,No prazo
8001,19907,3,2026-03-26,2026-03-25,0,No prazo
8002,19911,4,2026-06-19,2026-06-22,3,Atrasada
8003,19913,1,2026-05-18,2026-05-17,0,No prazo
8004,19914,2,2026-07-06,2026-07-06,0,No prazo
8005,19917,4,2026-05-24,2026-05-24,0,No prazo
8006,19918,4,2026-03-17,2026-03-16,0,No prazo
8007,19919,5,2026-05-04,2026-05-04,0,No prazo
8008,19920,4,2026-03-16,2026-03-16,0,No prazo
8009,19923,4,2026-04-22,2026-04-21,0,No prazo
8010,19926,1,2026-03-25,2026-03-25,0,No prazo
8011,19929,4,2026-03-28,2026-03-30,2,Atrasada
8012,19930,3,2026-03-22,2026-03-22,0,No prazo
8013,19939,5,2026-03-21,2026-03-21,0,No prazo
8014,19940,4,2026-04-17,2026-04-17,0,No prazo
8015,19944,1,2026-06-09,2026-06-10,1,Atrasada
8016,19947,5,2026-04-17,2026-04-17,0,No prazo
8017,19948,5,2026-01-10,2026-01-10,0,No prazo
8018,19953,4,2026-03-23,2026-03-23,0,No prazo
8019,19962,2,2026-06-11,2026-06-12,1,Atrasada
8020,19967,4,2026-01-24,2026-01-24,0,No prazo
8021,19968,5,2026-02-06,2026-02-08,2,Atrasada
8022,19970,4,2026-07-26,2026-07-25,0,No prazo
8023,19971,5,2026-07-20,2026-07-20,0,No prazo
8024,19975,4,2026-05-04,2026-05-03,0,No prazo
8025,19980,4,2026-06-10,2026-06-12,2,Atrasada
8026,19982,4,2026-02-08,2026-02-10,2,Atrasada
8027,19984,4,2026-03-07,2026-03-07,0,No prazo
8028,19986,3,2026-03-12,2026-03-12,0,No prazo
8029,19987,4,2026-01-16,2026-01-16,0,No prazo
8030,19988,4,2026-08-09,2026-08-09,0,No prazo
8031,19990,1,2026-02-20,2026-02-20,0,No prazo
8032,20000,4,2026-05-26,2026-05-26,0,No prazo
8033,20001,1,2026-05-01,2026-05-03,2,Atrasada
8034,20006,4,2026-06-10,2026-06-12,2,Atrasada
8035,20012,3,2026-07-28,2026-07-28,0,No prazo
8036,20015,4,2026-07-27,2026-07-27,0,No prazo
8037,20016,4,2026-05-20,2026-05-20,0,No prazo
8038,20019,1,2026-03-14,2026-03-14,0,No prazo
8039,20020,1,2026-04-29,2026-05-02,3,Atrasada
8040,20028,2,2026-05-26,2026-05-26,0,No prazo
8041,20031,4,2026-06-05,2026-06-05,0,No prazo
8042,20037,4,2026-08-03,2026-08-03,0,No prazo
8043,20038,3,2026-08-03,2026-08-03,0,No prazo
8044,20039,3,2026-01-11,2026-01-11,0,No prazo
8045,20042,3,2026-01-02,2026-01-02,0,No prazo
8046,20044,4,2026-01-08,2026-01-08,0,No prazo
8047,20046,4,2026-06-02,2026-06-03,1,Atrasada
8048,20052,4,2026-02-10,2026-02-11,1,Atrasada
8049,20061,4,2026-06-26,2026-06-26,0,No prazo
8050,20062,3,2026-07-16,2026-07-16,0,No prazo
8051,20066,1,2026-07-01,2026-07-01,0,No prazo
8052,20069,3,2026-03-06,2026-03-06,0,No prazo
8053,20071,4,2026-05-24,2026-05-24,0,No prazo
8054,20073,1,2026-01-24,2026-01-24,0,No prazo
8055,20074,2,2026-03-31,2026-03-31,0,No prazo
8056,20079,4,2026-03-10,2026-03-12,2,Atrasada
8057,20082,5,2026-04-28,2026-04-27,0,No prazo
8058,20089,1,2026-04-28,2026-04-29,1,Atrasada
8059,20093,4,2026-02-27,2026-02-27,0,No prazo
8060,20095,3,2026-05-07,2026-05-07,0,No prazo
8061,20101,4,2026-03-27,2026-03-27,0,No prazo
8062,20102,3,2026-04-25,2026-04-30,5,Atrasada
8063,20105,4,2026-05-25,2026-05-25,0,No prazo
8064,20109,3,2026-02-01,2026-02-01,0,No prazo
8065,20114,3,2026-06-06,2026-06-06,0,No prazo
8066,20117,3,2026-06-09,2026-06-09,0,No prazo
8067,20118,5,2026-02-06,2026-02-06,0,No prazo
8068,20122,4,2026-05-28,2026-05-29,1,Atrasada
8069,20123,4,2026-06-24,2026-06-24,0,No prazo
8070,20130,1,2026-07-12,2026-07-14,2,Atrasada
8071,20135,5,2026-07-13,2026-07-13,0,No prazo
8072,20136,5,2026-08-05,2026-08-05,0,No prazo
8073,20140,1,2026-02-23,2026-02-23,0,No prazo
8074,20141,2,2026-04-12,2026-04-11,0,No prazo
8075,20142,3,2026-08-05,2026-08-05,0,No prazo
8076,20143,5,2026-06-19,2026-06-19,0,No prazo
8077,20153,5,2026-06-22,2026-06-25,3,Atrasada
8078,20156,5,2026-07-29,2026-07-29,0,No prazo
8079,20157,1,2026-04-21,2026-04-21,0,No prazo
8080,20159,4,2026-03-07,2026-03-07,0,No prazo
8081,20161,1,2026-03-18,2026-03-18,0,No prazo
8082,20162,4,2026-03-27,2026-03-27,0,No prazo
8083,20164,3,2026-03-09,2026-03-14,5,Atrasada
8084,20166,3,2026-03-16,2026-03-17,1,Atrasada
8085,20168,4,2026-07-12,2026-07-12,0,No prazo
8086,20169,5,2026-04-09,2026-04-09,0,No prazo
8087,20170,4,2026-01-04,2026-01-06,2,Atrasada
8088,20174,3,2026-07-28,2026-07-29,1,Atrasada
8089,20175,5,2026-01-31,2026-01-31,0,No prazo
8090,20176,1,2026-05-03,2026-05-03,0,No prazo
8091,20182,2,2026-01-19,2026-01-19,0,No prazo
8092,20183,2,2026-04-27,2026-04-27,0,No prazo
8093,20189,5,2026-03-26,2026-03-27,1,Atrasada
8094,20191,5,2026-02-21,2026-02-21,0,No prazo
8095,20192,4,2026-03-09,2026-03-14,5,Atrasada
8096,20195,2,2026-01-29,2026-01-29,0,No prazo
8097,20197,3,2026-05-30,2026-05-29,0,No prazo
8098,20198,1,2026-01-30,2026-01-29,0,No prazo
8099,20199,2,2026-03-07,2026-03-07,0,No prazo
8100,20201,4,2026-07-20,2026-07-20,0,No prazo
8101,20202,1,2026-07-16,2026-07-16,0,No prazo
8102,20203,3,2026-06-21,2026-06-23,2,Atrasada
8103,20205,1,2026-04-19,2026-04-19,0,No prazo
8104,20206,3,2026-04-18,2026-04-18,0,No prazo
8105,20207,4,2026-05-24,2026-05-24,0,No prazo
8106,20208,1,2026-07-06,2026-07-06,0,No prazo
8107,20211,3,2026-03-02,2026-03-02,0,No prazo
8108,20215,3,2026-04-08,2026-04-08,0,No prazo
8109,20217,1,2026-06-05,2026-06-05,0,No prazo
8110,20218,5,2026-03-24,2026-03-24,0,No prazo
8111,20222,4,2026-01-04,2026-01-04,0,No prazo
8112,20223,3,2026-03-27,2026-03-27,0,No prazo
8113,20229,4,2026-05-30,2026-05-30,0,No prazo
8114,20231,3,2026-02-18,2026-02-18,0,No prazo
8115,20232,5,2026-07-23,2026-07-23,0,No prazo
8116,20234,1,2026-01-05,2026-01-08,3,Atrasada
8117,20238,1,2026-04-03,2026-04-03,0,No prazo
8118,20241,5,2026-01-05,2026-01-06,1,Atrasada
8119,20243,4,2026-06-24,2026-06-24,0,No prazo
8120,20244,3,2026-07-19,2026-07-18,0,No prazo
8121,20248,3,2026-03-17,2026-03-16,0,No prazo
8122,20258,4,2026-03-12,2026-03-12,0,No prazo
8123,20260,5,2026-06-16,2026-06-16,0,No prazo
8124,20263,5,2026-01-03,2026-01-03,0,No prazo
8125,20264,1,2026-05-07,2026-05-07,0,No prazo
8126,20267,3,2026-04-26,2026-04-26,0,No prazo
8127,20269,1,2026-01-02,2026-01-02,0,No prazo
8128,20272,5,2026-08-01,2026-08-01,0,No prazo
8129,20274,5,2026-07-21,2026-07-21,0,No prazo
8130,20275,4,2026-04-15,2026-04-16,1,Atrasada
8131,20279,3,2026-02-04,2026-02-04,0,No prazo
8132,20283,5,2026-08-01,2026-08-01,0,No prazo
8133,20285,3,2026-07-05,2026-07-05,0,No prazo
8134,20290,4,2026-02-20,2026-02-20,0,No prazo
8135,20291,2,2026-06-14,2026-06-14,0,No prazo
8136,20293,4,2026-04-03,2026-04-05,2,Atrasada
8137,20295,3,2026-04-27,2026-04-27,0,No prazo
8138,20296,3,2026-06-13,2026-06-14,1,Atrasada
8139,20297,4,2026-04-16,2026-04-16,0,No prazo
8140,20301,5,2026-05-13,2026-05-13,0,No prazo
8141,20304,4,2026-05-18,2026-05-18,0,No prazo
8142,20309,5,2026-03-27,2026-03-27,0,No prazo
8143,20312,2,2026-01-23,2026-01-23,0,No prazo
8144,20313,5,2026-06-04,2026-06-04,0,No prazo
8145,20319,4,2026-05-01,2026-05-01,0,No prazo
8146,20320,4,2026-02-21,2026-02-21,0,No prazo
8147,20321,5,2026-01-27,2026-01-26,0,No prazo
8148,20322,2,2026-07-31,2026-08-02,2,Atrasada
8149,20323,5,2026-05-31,2026-06-02,2,Atrasada
8150,20326,2,2026-03-10,2026-03-10,0,No prazo
8151,20330,4,2026-01-04,2026-01-05,1,Atrasada
8152,20333,5,2026-03-30,2026-03-31,1,Atrasada
8153,20334,4,2026-01-24,2026-01-24,0,No prazo
8154,20335,4,2026-04-08,2026-04-08,0,No prazo
8155,20341,5,2026-06-23,2026-06-23,0,No prazo
8156,20342,4,2026-05-27,2026-05-27,0,No prazo
8157,20343,4,2026-07-19,2026-07-20,1,Atrasada
8158,20348,2,2026-04-19,2026-04-20,1,Atrasada
8159,20349,1,2026-05-23,2026-05-23,0,No prazo
8160,20351,1,2026-01-24,2026-01-25,1,Atrasada
8161,20353,3,2026-01-11,2026-01-11,0,No prazo
8162,20354,2,2026-04-26,2026-04-25,0,No prazo
8163,20364,2,2026-04-04,2026-04-04,0,No prazo
8164,20365,3,2026-07-13,2026-07-13,0,No prazo
8165,20366,1,2026-01-04,2026-01-04,0,No prazo
8166,20368,1,2026-05-07,2026-05-07,0,No prazo
8167,20369,2,2026-02-12,2026-02-11,0,No prazo
8168,20372,2,2026-05-05,2026-05-05,0,No prazo
8169,20374,5,2026-06-04,2026-06-04,0,No prazo
8170,20375,5,2026-04-26,2026-04-26,0,No prazo
8171,20377,4,2026-03-01,2026-03-01,0,No prazo
8172,20379,4,2026-01-12,2026-01-12,0,No prazo
8173,20380,1,2026-06-05,2026-06-04,0,No prazo
8174,20381,3,2026-04-08,2026-04-08,0,No prazo
8175,20384,4,2026-06-09,2026-06-09,0,No prazo
8176,20386,1,2026-05-28,2026-05-28,0,No prazo
8177,20388,2,2026-06-06,2026-06-06,0,No prazo
8178,20392,3,2026-06-11,2026-06-11,0,No prazo
8179,20395,4,2026-05-15,2026-05-15,0,No prazo
8180,20399,3,2026-01-24,2026-01-24,0,No prazo
8181,20401,5,2026-04-14,2026-04-16,2,Atrasada
8182,20408,1,2026-03-05,2026-03-05,0,No prazo
8183,20411,2,2026-06-03,2026-06-05,2,Atrasada
8184,20413,5,2026-05-20,2026-05-20,0,No prazo
8185,20417,5,2026-04-27,2026-04-27,0,No prazo
8186,20423,3,2026-03-24,2026-03-24,0,No prazo
8187,20424,1,2026-01-04,2026-01-09,5,Atrasada
8188,20426,3,2026-02-23,2026-02-23,0,No prazo
8189,20427,5,2026-06-18,2026-06-18,0,No prazo
8190,20429,5,2026-02-16,2026-02-17,1,Atrasada
8191,20430,3,2026-03-12,2026-03-12,0,No prazo
8192,20438,4,2026-01-12,2026-01-12,0,No prazo
8193,20439,4,2026-05-21,2026-05-21,0,No prazo
8194,20444,3,2026-08-08,2026-08-08,0,No prazo
8195,20447,3,2026-07-19,2026-07-19,0,No prazo
8196,20450,4,2026-06-05,2026-06-04,0,No prazo
8197,20452,4,2026-03-10,2026-03-12,2,Atrasada
8198,20459,3,2026-06-22,2026-06-22,0,No prazo
8199,20460,1,2026-07-23,2026-07-23,0,No prazo
8200,20461,4,2026-05-09,2026-05-09,0,No prazo
8201,20466,4,2026-01-17,2026-01-17,0,No prazo
8202,20468,4,2026-02-24,2026-02-23,0,No prazo
8203,20469,2,2026-07-06,2026-07-06,0,No prazo
8204,20473,4,2026-01-24,2026-01-25,1,Atrasada
8205,20474,4,2026-04-18,2026-04-20,2,Atrasada
8206,20476,5,2026-03-08,2026-03-11,3,Atrasada
8207,20478,1,2026-06-26,2026-06-28,2,Atrasada
8208,20480,4,2026-02-22,2026-02-22,0,No prazo
8209,20482,3,2026-06-04,2026-06-06,2,Atrasada
8210,20483,1,2026-02-24,2026-02-24,0,No prazo
8211,20484,4,2026-07-10,2026-07-10,0,No prazo
8212,20486,5,2026-05-16,2026-05-16,0,No prazo
8213,20488,4,2026-03-21,2026-03-21,0,No prazo
8214,20491,1,2026-03-10,2026-03-10,0,No prazo
8215,20496,5,2026-04-17,2026-04-17,0,No prazo
8216,20497,4,2026-04-07,2026-04-10,3,Atrasada
8217,20498,1,2026-01-13,2026-01-13,0,No prazo
8218,20503,5,2026-02-23,2026-02-23,0,No prazo
8219,20507,5,2026-06-06,2026-06-06,0,No prazo
8220,20508,4,2026-08-01,2026-08-01,0,No prazo
8221,20511,3,2026-03-15,2026-03-15,0,No prazo
8222,20516,5,2026-07-19,2026-07-18,0,No prazo
8223,20518,3,2026-04-22,2026-04-22,0,No prazo
8224,20520,3,2026-01-29,2026-01-29,0,No prazo
8225,20521,3,2026-02-11,2026-02-11,0,No prazo
8226,20522,3,2026-03-11,2026-03-11,0,No prazo
8227,20524,1,2026-06-18,2026-06-18,0,No prazo
8228,20525,5,2026-05-04,2026-05-04,0,No prazo
8229,20526,5,2026-07-09,2026-07-09,0,No prazo
8230,20527,1,2026-07-11,2026-07-11,0,No prazo
8231,20529,1,2026-07-01,2026-07-01,0,No prazo
8232,20534,3,2026-06-14,2026-06-16,2,Atrasada
8233,20536,5,2026-04-06,2026-04-09,3,Atrasada
8234,20538,5,2026-05-10,2026-05-10,0,No prazo
8235,20540,4,2026-08-07,2026-08-09,2,Atrasada
8236,20541,5,2026-06-30,2026-06-30,0,No prazo
8237,20543,5,2026-02-18,2026-02-23,5,Atrasada
8238,20548,2,2026-05-02,2026-05-02,0,No prazo
8239,20549,3,2026-03-21,2026-03-21,0,No prazo
8240,20550,1,2026-07-14,2026-07-14,0,No prazo
8241,20551,5,2026-04-10,2026-04-10,0,No prazo
8242,20554,3,2026-04-25,2026-04-30,5,Atrasada
8243,20555,1,2026-04-07,2026-04-07,0,No prazo
8244,20557,5,2026-02-18,2026-02-18,0,No prazo
8245,20561,4,2026-01-14,2026-01-14,0,No prazo
8246,20566,3,2026-05-07,2026-05-07,0,No prazo
8247,20569,1,2026-02-26,2026-02-27,1,Atrasada
8248,20572,5,2026-07-09,2026-07-09,0,No prazo
8249,20573,4,2026-03-23,2026-03-23,0,No prazo
8250,20574,4,2026-03-19,2026-03-19,0,No prazo
8251,20575,4,2026-02-02,2026-02-02,0,No prazo
8252,20576,4,2026-04-23,2026-04-26,3,Atrasada
8253,20577,5,2026-03-30,2026-04-04,5,Atrasada
8254,20580,4,2026-04-04,2026-04-04,0,No prazo
8255,20581,3,2026-07-20,2026-07-20,0,No prazo
8256,20586,4,2026-02-20,2026-02-20,0,No prazo
8257,20587,4,2026-06-29,2026-07-01,2,Atrasada
8258,20590,1,2026-02-18,2026-02-21,3,Atrasada
8259,20593,1,2026-06-09,2026-06-08,0,No prazo
8260,20594,2,2026-02-23,2026-02-23,0,No prazo
8261,20595,4,2026-03-29,2026-03-29,0,No prazo
8262,20597,4,2026-04-15,2026-04-18,3,Atrasada
8263,20599,2,2026-02-12,2026-02-12,0,No prazo
8264,20600,4,2026-07-16,2026-07-16,0,No prazo
8265,20601,1,2026-06-19,2026-06-19,0,No prazo
8266,20605,4,2026-06-05,2026-06-05,0,No prazo
8267,20611,3,2026-05-25,2026-05-25,0,No prazo
8268,20618,1,2026-03-12,2026-03-15,3,Atrasada
8269,20622,3,2026-06-20,2026-06-21,1,Atrasada
8270,20624,4,2026-08-06,2026-08-06,0,No prazo
8271,20625,4,2026-06-20,2026-06-20,0,No prazo
8272,20628,4,2026-07-31,2026-07-31,0,No prazo
8273,20629,4,2026-01-11,2026-01-11,0,No prazo
8274,20631,5,2026-08-04,2026-08-06,2,Atrasada
8275,20632,1,2026-07-06,2026-07-06,0,No prazo
8276,20633,4,2026-04-15,2026-04-16,1,Atrasada
8277,20635,2,2026-01-08,2026-01-08,0,No prazo
8278,20638,3,2026-03-22,2026-03-22,0,No prazo
8279,20639,3,2026-03-12,2026-03-11,0,No prazo
8280,20641,5,2026-04-12,2026-04-13,1,Atrasada
8281,20647,3,2026-07-12,2026-07-14,2,Atrasada
8282,20651,2,2026-05-03,2026-05-04,1,Atrasada
8283,20652,2,2026-05-31,2026-06-02,2,Atrasada
8284,20655,1,2026-03-13,2026-03-13,0,No prazo
8285,20656,4,2026-05-29,2026-05-31,2,Atrasada
8286,20658,1,2026-05-31,2026-05-31,0,No prazo
8287,20659,5,2026-07-20,2026-07-20,0,No prazo
8288,20665,3,2026-07-09,2026-07-09,0,No prazo
8289,20666,1,2026-02-14,2026-02-14,0,No prazo
8290,20668,1,2026-06-02,2026-06-03,1,Atrasada
8291,20672,1,2026-02-19,2026-02-19,0,No prazo
8292,20675,2,2026-03-22,2026-03-22,0,No prazo
8293,20676,5,2026-04-09,2026-04-09,0,No prazo
8294,20679,1,2026-01-14,2026-01-14,0,No prazo
8295,20680,4,2026-08-07,2026-08-10,3,Atrasada
8296,20682,3,2026-02-24,2026-02-24,0,No prazo
8297,20683,4,2026-06-29,2026-06-29,0,No prazo
8298,20684,4,2026-01-08,2026-01-07,0,No prazo
8299,20689,2,2026-03-08,2026-03-09,1,Atrasada
8300,20691,4,2026-07-18,2026-07-18,0,No prazo
8301,20695,1,2026-03-26,2026-03-29,3,Atrasada
8302,20697,2,2026-07-31,2026-07-31,0,No prazo
8303,20698,5,2026-04-27,2026-04-27,0,No prazo
8304,20702,4,2026-06-02,2026-06-04,2,Atrasada
8305,20705,4,2026-07-01,2026-07-02,1,Atrasada
8306,20707,3,2026-07-20,2026-07-20,0,No prazo
8307,20708,3,2026-06-30,2026-06-30,0,No prazo
8308,20709,5,2026-04-04,2026-04-04,0,No prazo
8309,20710,3,2026-06-20,2026-06-20,0,No prazo
8310,20713,1,2026-01-27,2026-01-27,0,No prazo
8311,20718,5,2026-02-04,2026-02-04,0,No prazo
8312,20719,3,2026-07-27,2026-07-27,0,No prazo
8313,20721,4,2026-04-29,2026-04-30,1,Atrasada
8314,20722,3,2026-06-01,2026-06-01,0,No prazo
8315,20723,4,2026-07-09,2026-07-11,2,Atrasada
8316,20724,5,2026-07-26,2026-07-28,2,Atrasada
8317,20729,1,2026-05-31,2026-05-31,0,No prazo
8318,20732,4,2026-04-09,2026-04-09,0,No prazo
8319,20736,1,2026-03-31,2026-04-03,3,Atrasada
8320,20737,4,2026-05-17,2026-05-17,0,No prazo
8321,20740,1,2026-06-29,2026-06-29,0,No prazo
8322,20743,5,2026-07-29,2026-07-29,0,No prazo
8323,20745,1,2026-05-23,2026-05-23,0,No prazo
8324,20751,3,2026-01-30,2026-01-30,0,No prazo
8325,20756,5,2026-05-31,2026-05-31,0,No prazo
8326,20759,1,2026-04-17,2026-04-17,0,No prazo
8327,20761,3,2026-06-16,2026-06-15,0,No prazo
8328,20764,4,2026-01-08,2026-01-08,0,No prazo
8329,20768,3,2026-04-26,2026-04-27,1,Atrasada
8330,20769,5,2026-03-13,2026-03-16,3,Atrasada
8331,20770,4,2026-03-13,2026-03-12,0,No prazo
8332,20772,4,2026-08-02,2026-08-02,0,No prazo
8333,20774,5,2026-04-15,2026-04-16,1,Atrasada
8334,20783,4,2026-05-28,2026-05-28,0,No prazo
8335,20786,3,2026-04-06,2026-04-07,1,Atrasada
8336,20789,4,2026-08-06,2026-08-06,0,No prazo
8337,20790,3,2026-05-18,2026-05-18,0,No prazo
8338,20791,4,2026-04-09,2026-04-09,0,No prazo
8339,20792,2,2026-04-20,2026-04-20,0,No prazo
8340,20795,4,2026-05-16,2026-05-16,0,No prazo
8341,20796,2,2026-06-25,2026-06-26,1,Atrasada
8342,20797,1,2026-04-04,2026-04-04,0,No prazo
8343,20799,1,2026-07-21,2026-07-21,0,No prazo
8344,20800,3,2026-05-17,2026-05-17,0,No prazo
8345,20804,1,2026-05-20,2026-05-20,0,No prazo
8346,20805,2,2026-05-19,2026-05-20,1,Atrasada
8347,20806,3,2026-03-05,2026-03-05,0,No prazo
8348,20811,2,2026-04-29,2026-04-30,1,Atrasada
8349,20813,2,2026-02-19,2026-02-19,0,No prazo
8350,20817,4,2026-04-29,2026-05-02,3,Atrasada
8351,20821,3,2026-01-14,2026-01-14,0,No prazo
8352,20822,3,2026-03-09,2026-03-10,1,Atrasada
8353,20824,3,2026-03-26,2026-03-27,1,Atrasada
8354,20826,1,2026-08-07,2026-08-07,0,No prazo
8355,20827,3,2026-03-10,2026-03-10,0,No prazo
8356,20832,4,2026-01-10,2026-01-10,0,No prazo
8357,20834,1,2026-07-09,2026-07-10,1,Atrasada
8358,20836,5,2026-01-22,2026-01-22,0,No prazo
8359,20841,1,2026-04-30,2026-05-01,1,Atrasada
8360,20842,3,2026-04-17,2026-04-17,0,No prazo
8361,20843,5,2026-06-03,2026-06-03,0,No prazo
8362,20844,4,2026-07-18,2026-07-18,0,No prazo
8363,20849,2,2026-01-27,2026-01-27,0,No prazo
8364,20854,1,2026-04-27,2026-04-27,0,No prazo
8365,20855,4,2026-04-03,2026-04-03,0,No prazo
8366,20856,2,2026-02-10,2026-02-10,0,No prazo
8367,20863,4,2026-06-08,2026-06-08,0,No prazo
8368,20868,5,2026-06-08,2026-06-08,0,No prazo
8369,20870,2,2026-02-27,2026-02-27,0,No prazo
8370,20880,4,2026-02-27,2026-02-27,0,No prazo
8371,20890,4,2026-03-31,2026-03-31,0,No prazo
8372,20891,1,2026-07-19,2026-07-19,0,No prazo
8373,20892,1,2026-01-17,2026-01-17,0,No prazo
8374,20895,4,2026-04-10,2026-04-10,0,No prazo
8375,20898,4,2026-02-16,2026-02-16,0,No prazo
8376,20899,5,2026-07-17,2026-07-20,3,Atrasada
8377,20902,5,2026-08-04,2026-08-04,0,No prazo
8378,20906,4,2026-06-28,2026-06-28,0,No prazo
8379,20907,3,2026-07-08,2026-07-08,0,No prazo
8380,20913,1,2026-02-02,2026-02-02,0,No prazo
8381,20917,5,2026-03-05,2026-03-05,0,No prazo
8382,20918,3,2026-08-09,2026-08-11,2,Atrasada
8383,20922,2,2026-02-26,2026-02-26,0,No prazo
8384,20923,2,2026-06-05,2026-06-08,3,Atrasada
8385,20924,3,2026-04-13,2026-04-14,1,Atrasada
8386,20925,1,2026-03-07,2026-03-08,1,Atrasada
8387,20926,1,2026-07-30,2026-07-30,0,No prazo
8388,20927,3,2026-05-26,2026-05-26,0,No prazo
8389,20938,1,2026-05-27,2026-05-27,0,No prazo
8390,20939,4,2026-05-15,2026-05-15,0,No prazo
8391,20944,5,2026-01-13,2026-01-13,0,No prazo
8392,20945,2,2026-07-23,2026-07-22,0,No prazo
8393,20946,2,2026-02-08,2026-02-08,0,No prazo
8394,20949,5,2026-07-07,2026-07-07,0,No prazo
8395,20950,4,2026-06-21,2026-06-21,0,No prazo
8396,20956,1,2026-01-22,2026-01-22,0,No prazo
8397,20957,4,2026-03-22,2026-03-22,0,No prazo
8398,20958,2,2026-01-05,2026-01-05,0,No prazo
8399,20959,3,2026-04-30,2026-04-30,0,No prazo
8400,20965,3,2026-02-19,2026-02-19,0,No prazo
8401,20976,5,2026-05-27,2026-05-28,1,Atrasada
8402,20978,3,2026-05-12,2026-05-11,0,No prazo
8403,20983,5,2026-05-21,2026-05-20,0,No prazo
8404,20984,4,2026-06-15,2026-06-15,0,No prazo
8405,20988,3,2026-04-17,2026-04-17,0,No prazo
8406,20989,4,2026-03-11,2026-03-12,1,Atrasada
8407,20991,3,2026-03-14,2026-03-14,0,No prazo
8408,20992,1,2026-04-08,2026-04-07,0,No prazo
8409,20993,4,2026-06-12,2026-06-12,0,No prazo
8410,20995,3,2026-07-19,2026-07-19,0,No prazo
8411,20997,1,2026-01-27,2026-01-27,0,No prazo
8412,20998,3,2026-01-27,2026-01-30,3,Atrasada
8413,21001,3,2026-02-01,2026-02-01,0,No prazo
8414,21002,2,2026-06-06,2026-06-06,0,No prazo
8415,21004,2,2026-01-17,2026-01-17,0,No prazo
8416,21011,3,2026-08-04,2026-08-04,0,No prazo
8417,21015,2,2026-02-19,2026-02-19,0,No prazo
8418,21017,5,2026-01-18,2026-01-18,0,No prazo
8419,21018,3,2026-04-27,2026-04-27,0,No prazo
8420,21020,3,2026-08-01,2026-08-06,5,Atrasada
8421,21025,5,2026-06-30,2026-07-02,2,Atrasada
8422,21027,3,2026-07-26,2026-07-28,2,Atrasada
8423,21028,3,2026-06-21,2026-06-21,0,No prazo
8424,21029,3,2026-05-31,2026-05-31,0,No prazo
8425,21032,3,2026-07-08,2026-07-08,0,No prazo
8426,21033,1,2026-03-08,2026-03-08,0,No prazo
8427,21034,4,2026-05-13,2026-05-13,0,No prazo
8428,21036,5,2026-03-30,2026-04-01,2,Atrasada
8429,21041,5,2026-06-01,2026-06-01,0,No prazo
8430,21046,4,2026-07-26,2026-07-29,3,Atrasada
8431,21052,1,2026-07-25,2026-07-25,0,No prazo
8432,21053,3,2026-02-17,2026-02-19,2,Atrasada
8433,21060,4,2026-07-07,2026-07-07,0,No prazo
8434,21063,4,2026-07-29,2026-08-01,3,Atrasada
8435,21065,3,2026-02-22,2026-02-23,1,Atrasada
8436,21066,1,2026-07-01,2026-07-06,5,Atrasada
8437,21067,2,2026-06-08,2026-06-09,1,Atrasada
8438,21068,4,2026-02-13,2026-02-13,0,No prazo
8439,21071,1,2026-03-04,2026-03-04,0,No prazo
8440,21073,2,2026-07-05,2026-07-05,0,No prazo
8441,21074,3,2026-02-11,2026-02-11,0,No prazo
8442,21077,4,2026-07-28,2026-07-29,1,Atrasada
8443,21078,4,2026-03-15,2026-03-15,0,No prazo
8444,21079,3,2026-03-03,2026-03-03,0,No prazo
8445,21081,4,2026-04-13,2026-04-13,0,No prazo
8446,21083,3,2026-04-24,2026-04-23,0,No prazo
8447,21086,2,2026-04-07,2026-04-07,0,No prazo
8448,21087,3,2026-03-31,2026-03-31,0,No prazo
8449,21089,1,2026-05-28,2026-05-30,2,Atrasada
8450,21091,1,2026-05-05,2026-05-05,0,No prazo
8451,21092,4,2026-06-02,2026-06-02,0,No prazo
8452,21094,5,2026-06-23,2026-06-23,0,No prazo
8453,21096,4,2026-04-04,2026-04-04,0,No prazo
8454,21102,1,2026-06-23,2026-06-23,0,No prazo
8455,21103,5,2026-07-13,2026-07-13,0,No prazo
8456,21106,2,2026-04-24,2026-04-25,1,Atrasada
8457,21107,1,2026-06-22,2026-06-27,5,Atrasada
8458,21108,1,2026-04-16,2026-04-15,0,No prazo
8459,21109,4,2026-02-11,2026-02-11,0,No prazo
8460,21110,4,2026-04-06,2026-04-11,5,Atrasada
8461,21113,4,2026-02-03,2026-02-03,0,No prazo
8462,21114,4,2026-05-17,2026-05-18,1,Atrasada
8463,21115,4,2026-01-30,2026-01-30,0,No prazo
8464,21119,3,2026-07-31,2026-07-31,0,No prazo
8465,21124,1,2026-06-30,2026-06-30,0,No prazo
8466,21127,2,2026-08-09,2026-08-11,2,Atrasada
8467,21128,3,2026-04-07,2026-04-07,0,No prazo
8468,21132,4,2026-04-14,2026-04-14,0,No prazo
8469,21135,4,2026-03-10,2026-03-10,0,No prazo
8470,21136,3,2026-04-17,2026-04-17,0,No prazo
8471,21138,2,2026-01-19,2026-01-18,0,No prazo
8472,21139,5,2026-02-27,2026-02-27,0,No prazo
8473,21140,5,2026-07-19,2026-07-19,0,No prazo
8474,21143,2,2026-04-07,2026-04-07,0,No prazo
8475,21144,4,2026-06-18,2026-06-18,0,No prazo
8476,21145,3,2026-03-16,2026-03-15,0,No prazo
8477,21146,1,2026-07-15,2026-07-17,2,Atrasada
8478,21148,3,2026-06-25,2026-06-28,3,Atrasada
8479,21151,5,2026-05-28,2026-05-28,0,No prazo
8480,21157,3,2026-06-24,2026-06-24,0,No prazo
8481,21158,4,2026-07-31,2026-08-05,5,Atrasada
8482,21159,4,2026-08-05,2026-08-06,1,Atrasada
8483,21160,4,2026-06-21,2026-06-21,0,No prazo
8484,21161,4,2026-05-12,2026-05-12,0,No prazo
8485,21162,4,2026-02-17,2026-02-18,1,Atrasada
8486,21166,1,2026-07-16,2026-07-16,0,No prazo
8487,21170,5,2026-05-10,2026-05-12,2,Atrasada
8488,21172,4,2026-03-27,2026-03-27,0,No prazo
8489,21179,2,2026-01-03,2026-01-03,0,No prazo
8490,21182,5,2026-04-18,2026-04-18,0,No prazo
8491,21183,1,2026-06-04,2026-06-04,0,No prazo
8492,21185,3,2026-05-12,2026-05-12,0,No prazo
8493,21190,4,2026-04-21,2026-04-21,0,No prazo
8494,21191,1,2026-02-11,2026-02-11,0,No prazo
8495,21192,4,2026-06-03,2026-06-03,0,No prazo
8496,21195,4,2026-06-11,2026-06-10,0,No prazo
8497,21197,1,2026-03-14,2026-03-14,0,No prazo
8498,21199,1,2026-05-18,2026-05-18,0,No prazo
8499,21202,1,2026-02-07,2026-02-07,0,No prazo
8500,21203,2,2026-08-03,2026-08-03,0,No prazo
8501,21206,4,2026-08-09,2026-08-09,0,No prazo
8502,21207,4,2026-02-26,2026-02-26,0,No prazo
8503,21211,5,2026-04-10,2026-04-10,0,No prazo
8504,21213,1,2026-05-30,2026-05-31,1,Atrasada
8505,21216,3,2026-07-17,2026-07-17,0,No prazo
8506,21217,1,2026-07-08,2026-07-08,0,No prazo
8507,21218,3,2026-05-04,2026-05-06,2,Atrasada
8508,21222,1,2026-06-04,2026-06-04,0,No prazo
8509,21223,4,2026-05-09,2026-05-09,0,No prazo
8510,21225,1,2026-07-13,2026-07-13,0,No prazo
8511,21230,4,2026-05-24,2026-05-24,0,No prazo
8512,21233,3,2026-07-22,2026-07-22,0,No prazo
8513,21241,4,2026-04-25,2026-04-28,3,Atrasada
8514,21243,5,2026-03-15,2026-03-16,1,Atrasada
8515,21247,4,2026-04-29,2026-04-29,0,No prazo
8516,21249,1,2026-05-16,2026-05-21,5,Atrasada
8517,21250,4,2026-03-18,2026-03-20,2,Atrasada
8518,21252,1,2026-03-01,2026-03-03,2,Atrasada
8519,21255,4,2026-01-31,2026-01-30,0,No prazo
8520,21256,4,2026-06-20,2026-06-20,0,No prazo
8521,21258,2,2026-04-14,2026-04-16,2,Atrasada
8522,21259,4,2026-02-06,2026-02-06,0,No prazo
8523,21262,3,2026-02-02,2026-02-03,1,Atrasada
8524,21265,4,2026-05-04,2026-05-04,0,No prazo
8525,21266,4,2026-08-09,2026-08-10,1,Atrasada
8526,21267,3,2026-02-18,2026-02-18,0,No prazo
8527,21268,3,2026-06-24,2026-06-24,0,No prazo
8528,21270,4,2026-02-20,2026-02-19,0,No prazo
8529,21274,5,2026-03-07,2026-03-07,0,No prazo
8530,21275,3,2026-07-15,2026-07-15,0,No prazo
8531,21276,1,2026-01-09,2026-01-08,0,No prazo
8532,21277,3,2026-01-28,2026-01-28,0,No prazo
8533,21280,5,2026-01-26,2026-01-26,0,No prazo
8534,21281,1,2026-06-27,2026-06-27,0,No prazo
8535,21287,3,2026-01-20,2026-01-20,0,No prazo
8536,21293,5,2026-01-29,2026-01-30,1,Atrasada
8537,21297,1,2026-05-15,2026-05-15,0,No prazo
8538,21300,4,2026-04-08,2026-04-08,0,No prazo
8539,21302,3,2026-04-21,2026-04-21,0,No prazo
8540,21303,4,2026-04-13,2026-04-14,1,Atrasada
8541,21304,4,2026-07-03,2026-07-03,0,No prazo
8542,21309,3,2026-07-31,2026-08-01,1,Atrasada
8543,21319,1,2026-03-09,2026-03-09,0,No prazo
8544,21322,5,2026-07-15,2026-07-15,0,No prazo
8545,21325,1,2026-01-09,2026-01-09,0,No prazo
8546,21327,4,2026-06-08,2026-06-08,0,No prazo
8547,21329,2,2026-01-20,2026-01-20,0,No prazo
8548,21330,2,2026-06-23,2026-06-24,1,Atrasada
8549,21333,1,2026-04-21,2026-04-24,3,Atrasada
8550,21334,2,2026-04-17,2026-04-17,0,No prazo
8551,21335,4,2026-01-02,2026-01-02,0,No prazo
8552,21339,4,2026-01-28,2026-01-30,2,Atrasada
8553,21341,2,2026-01-03,2026-01-02,0,No prazo
8554,21342,1,2026-06-21,2026-06-21,0,No prazo
8555,21343,5,2026-06-24,2026-06-26,2,Atrasada
8556,21344,5,2026-04-02,2026-04-02,0,No prazo
8557,21352,4,2026-05-07,2026-05-07,0,No prazo
8558,21356,4,2026-05-05,2026-05-05,0,No prazo
8559,21357,2,2026-05-12,2026-05-12,0,No prazo
8560,21360,3,2026-06-01,2026-06-01,0,No prazo
8561,21364,3,2026-04-08,2026-04-08,0,No prazo
8562,21366,2,2026-04-23,2026-04-23,0,No prazo
8563,21367,3,2026-06-30,2026-07-01,1,Atrasada
8564,21372,4,2026-03-10,2026-03-10,0,No prazo
8565,21375,1,2026-05-22,2026-05-22,0,No prazo
8566,21379,5,2026-03-28,2026-03-28,0,No prazo
8567,21383,2,2026-04-04,2026-04-04,0,No prazo
8568,21384,5,2026-03-04,2026-03-04,0,No prazo
8569,21388,2,2026-02-08,2026-02-09,1,Atrasada
8570,21389,1,2026-04-09,2026-04-09,0,No prazo
8571,21394,4,2026-06-11,2026-06-12,1,Atrasada
8572,21395,1,2026-01-19,2026-01-19,0,No prazo
8573,21396,4,2026-05-18,2026-05-18,0,No prazo
8574,21397,3,2026-03-16,2026-03-16,0,No prazo
8575,21398,4,2026-06-23,2026-06-25,2,Atrasada
8576,21399,3,2026-01-29,2026-01-29,0,No prazo
8577,21400,3,2026-07-19,2026-07-19,0,No prazo
8578,21402,2,2026-04-26,2026-04-27,1,Atrasada
8579,21403,5,2026-05-08,2026-05-08,0,No prazo
8580,21404,5,2026-01-11,2026-01-13,2,Atrasada
8581,21405,5,2026-03-12,2026-03-14,2,Atrasada
8582,21409,1,2026-05-01,2026-05-01,0,No prazo
8583,21410,3,2026-02-28,2026-02-28,0,No prazo
8584,21412,5,2026-04-14,2026-04-14,0,No prazo
8585,21417,4,2026-01-09,2026-01-09,0,No prazo
8586,21421,4,2026-05-20,2026-05-20,0,No prazo
8587,21424,4,2026-06-24,2026-06-26,2,Atrasada
8588,21425,1,2026-05-11,2026-05-12,1,Atrasada
8589,21426,5,2026-01-08,2026-01-10,2,Atrasada
8590,21430,1,2026-06-23,2026-06-25,2,Atrasada
8591,21433,3,2026-01-26,2026-01-26,0,No prazo
8592,21434,3,2026-04-23,2026-04-23,0,No prazo
8593,21439,1,2026-03-28,2026-03-28,0,No prazo
8594,21440,3,2026-02-07,2026-02-07,0,No prazo
8595,21447,1,2026-05-05,2026-05-06,1,Atrasada
8596,21449,4,2026-07-06,2026-07-06,0,No prazo
8597,21454,4,2026-07-05,2026-07-05,0,No prazo
8598,21456,1,2026-04-18,2026-04-18,0,No prazo
8599,21461,1,2026-05-15,2026-05-15,0,No prazo
8600,21465,3,2026-03-28,2026-03-28,0,No prazo
8601,21466,1,2026-02-19,2026-02-19,0,No prazo
8602,21469,3,2026-01-12,2026-01-12,0,No prazo
8603,21471,2,2026-01-29,2026-01-29,0,No prazo
8604,21474,5,2026-02-27,2026-02-27,0,No prazo
8605,21475,5,2026-04-25,2026-04-25,0,No prazo
8606,21476,4,2026-04-06,2026-04-06,0,No prazo
8607,21480,3,2026-06-27,2026-06-27,0,No prazo
8608,21481,5,2026-02-20,2026-02-20,0,No prazo
8609,21485,4,2026-02-11,2026-02-11,0,No prazo
8610,21488,5,2026-05-11,2026-05-11,0,No prazo
8611,21498,4,2026-06-14,2026-06-14,0,No prazo
8612,21505,3,2026-05-15,2026-05-15,0,No prazo
8613,21506,3,2026-03-02,2026-03-02,0,No prazo
8614,21512,3,2026-07-14,2026-07-15,1,Atrasada
8615,21514,5,2026-06-14,2026-06-15,1,Atrasada
8616,21515,5,2026-01-18,2026-01-18,0,No prazo
8617,21517,4,2026-01-19,2026-01-19,0,No prazo
8618,21522,2,2026-07-28,2026-07-28,0,No prazo
8619,21523,3,2026-03-06,2026-03-06,0,No prazo
8620,21524,4,2026-06-30,2026-06-30,0,No prazo
8621,21526,4,2026-04-29,2026-04-29,0,No prazo
8622,21528,2,2026-08-03,2026-08-03,0,No prazo
8623,21529,1,2026-02-02,2026-02-04,2,Atrasada
8624,21533,1,2026-06-24,2026-06-24,0,No prazo
8625,21536,5,2026-03-12,2026-03-12,0,No prazo
8626,21541,3,2026-01-15,2026-01-15,0,No prazo
8627,21544,3,2026-02-25,2026-02-26,1,Atrasada
8628,21547,5,2026-02-04,2026-02-04,0,No prazo
8629,21548,5,2026-01-17,2026-01-17,0,No prazo
8630,21553,3,2026-01-08,2026-01-10,2,Atrasada
8631,21556,5,2026-03-07,2026-03-07,0,No prazo
8632,21558,1,2026-02-23,2026-02-26,3,Atrasada
8633,21561,5,2026-05-28,2026-05-28,0,No prazo
8634,21563,2,2026-04-08,2026-04-11,3,Atrasada
8635,21565,1,2026-06-10,2026-06-10,0,No prazo
8636,21566,2,2026-03-09,2026-03-14,5,Atrasada
8637,21568,4,2026-06-05,2026-06-05,0,No prazo
8638,21571,3,2026-05-21,2026-05-21,0,No prazo
8639,21577,3,2026-01-30,2026-01-30,0,No prazo
8640,21578,5,2026-03-02,2026-03-03,1,Atrasada
8641,21579,3,2026-06-07,2026-06-07,0,No prazo
8642,21580,4,2026-03-22,2026-03-21,0,No prazo
8643,21581,1,2026-08-04,2026-08-09,5,Atrasada
8644,21584,3,2026-01-24,2026-01-24,0,No prazo
8645,21585,1,2026-02-10,2026-02-10,0,No prazo
8646,21586,5,2026-02-11,2026-02-11,0,No prazo
8647,21590,5,2026-03-05,2026-03-08,3,Atrasada
8648,21594,4,2026-06-04,2026-06-04,0,No prazo
8649,21597,3,2026-07-27,2026-07-27,0,No prazo
8650,21602,3,2026-06-19,2026-06-19,0,No prazo
8651,21603,2,2026-04-15,2026-04-15,0,No prazo
8652,21604,1,2026-01-13,2026-01-16,3,Atrasada
8653,21605,3,2026-02-02,2026-02-02,0,No prazo
8654,21606,2,2026-03-11,2026-03-11,0,No prazo
8655,21608,4,2026-06-03,2026-06-03,0,No prazo
8656,21612,4,2026-01-20,2026-01-20,0,No prazo
8657,21613,3,2026-07-29,2026-08-01,3,Atrasada
8658,21615,4,2026-01-26,2026-01-27,1,Atrasada
8659,21616,2,2026-06-09,2026-06-09,0,No prazo
8660,21629,3,2026-01-06,2026-01-06,0,No prazo
8661,21631,3,2026-05-15,2026-05-16,1,Atrasada
8662,21636,4,2026-01-16,2026-01-16,0,No prazo
8663,21642,1,2026-04-12,2026-04-12,0,No prazo
8664,21645,1,2026-02-01,2026-01-31,0,No prazo
8665,21647,3,2026-02-25,2026-02-25,0,No prazo
8666,21649,1,2026-04-26,2026-04-27,1,Atrasada
8667,21653,2,2026-02-25,2026-02-27,2,Atrasada
8668,21655,4,2026-01-25,2026-01-25,0,No prazo
8669,21656,1,2026-06-03,2026-06-03,0,No prazo
8670,21657,5,2026-07-03,2026-07-03,0,No prazo
8671,21658,4,2026-06-01,2026-06-04,3,Atrasada
8672,21660,4,2026-04-21,2026-04-20,0,No prazo
8673,21663,4,2026-04-16,2026-04-16,0,No prazo
8674,21664,3,2026-06-19,2026-06-22,3,Atrasada
8675,21666,4,2026-03-10,2026-03-10,0,No prazo
8676,21669,4,2026-04-02,2026-04-02,0,No prazo
8677,21670,4,2026-05-04,2026-05-04,0,No prazo
8678,21672,4,2026-03-01,2026-03-01,0,No prazo
8679,21675,4,2026-01-23,2026-01-23,0,No prazo
8680,21685,4,2026-05-22,2026-05-22,0,No prazo
8681,21691,4,2026-02-23,2026-02-23,0,No prazo
8682,21693,5,2026-01-14,2026-01-14,0,No prazo
8683,21696,5,2026-04-21,2026-04-26,5,Atrasada
8684,21698,1,2026-03-18,2026-03-18,0,No prazo
8685,21699,4,2026-01-30,2026-01-30,0,No prazo
8686,21701,3,2026-07-29,2026-07-30,1,Atrasada
8687,21704,3,2026-07-09,2026-07-09,0,No prazo
8688,21706,3,2026-06-19,2026-06-19,0,No prazo
8689,21707,5,2026-06-08,2026-06-08,0,No prazo
8690,21708,5,2026-07-12,2026-07-14,2,Atrasada
8691,21711,3,2026-07-18,2026-07-20,2,Atrasada
8692,21715,1,2026-06-19,2026-06-24,5,Atrasada
8693,21717,5,2026-02-02,2026-02-02,0,No prazo
8694,21720,5,2026-01-16,2026-01-16,0,No prazo
8695,21725,3,2026-06-15,2026-06-15,0,No prazo
8696,21729,3,2026-02-16,2026-02-16,0,No prazo
8697,21730,4,2026-06-01,2026-06-01,0,No prazo
8698,21732,1,2026-08-01,2026-08-02,1,Atrasada
8699,21734,5,2026-03-10,2026-03-10,0,No prazo
8700,21736,5,2026-06-18,2026-06-19,1,Atrasada
8701,21739,1,2026-07-30,2026-07-30,0,No prazo
8702,21741,1,2026-07-27,2026-07-27,0,No prazo
8703,21742,3,2026-02-07,2026-02-07,0,No prazo
8704,21743,2,2026-05-02,2026-05-05,3,Atrasada
8705,21744,4,2026-03-11,2026-03-11,0,No prazo
8706,21745,5,2026-06-03,2026-06-02,0,No prazo
8707,21746,3,2026-04-02,2026-04-05,3,Atrasada
8708,21748,3,2026-04-16,2026-04-16,0,No prazo
8709,21750,4,2026-02-26,2026-02-26,0,No prazo
8710,21753,5,2026-06-15,2026-06-15,0,No prazo
8711,21759,5,2026-07-29,2026-07-29,0,No prazo
8712,21760,5,2026-07-25,2026-07-25,0,No prazo
8713,21761,4,2026-02-28,2026-02-27,0,No prazo
8714,21762,1,2026-06-08,2026-06-10,2,Atrasada
8715,21763,3,2026-04-02,2026-04-02,0,No prazo
8716,21764,5,2026-05-14,2026-05-14,0,No prazo
8717,21765,4,2026-03-17,2026-03-17,0,No prazo
8718,21766,1,2026-05-28,2026-05-30,2,Atrasada
8719,21769,1,2026-07-23,2026-07-23,0,No prazo
8720,21770,4,2026-07-26,2026-07-27,1,Atrasada
8721,21775,1,2026-05-16,2026-05-16,0,No prazo
8722,21776,4,2026-05-17,2026-05-17,0,No prazo
8723,21781,4,2026-02-27,2026-02-27,0,No prazo
8724,21782,3,2026-04-28,2026-04-28,0,No prazo
8725,21783,1,2026-07-08,2026-07-08,0,No prazo
8726,21784,2,2026-05-27,2026-06-01,5,Atrasada
8727,21790,1,2026-03-08,2026-03-08,0,No prazo
8728,21795,3,2026-05-19,2026-05-21,2,Atrasada
8729,21797,1,2026-03-07,2026-03-09,2,Atrasada
8730,21799,1,2026-07-01,2026-07-01,0,No prazo
8731,21802,3,2026-02-28,2026-03-03,3,Atrasada
8732,21803,4,2026-05-27,2026-05-27,0,No prazo
8733,21804,3,2026-06-24,2026-06-24,0,No prazo
8734,21807,1,2026-01-26,2026-01-26,0,No prazo
8735,21808,4,2026-04-25,2026-04-25,0,No prazo
8736,21809,3,2026-07-13,2026-07-14,1,Atrasada
8737,21811,4,2026-07-19,2026-07-22,3,Atrasada
8738,21815,3,2026-05-21,2026-05-23,2,Atrasada
8739,21819,3,2026-02-09,2026-02-09,0,No prazo
8740,21823,4,2026-03-03,2026-03-06,3,Atrasada
8741,21825,3,2026-08-05,2026-08-05,0,No prazo
8742,21837,1,2026-04-19,2026-04-19,0,No prazo
8743,21838,4,2026-04-14,2026-04-14,0,No prazo
8744,21839,2,2026-02-28,2026-03-03,3,Atrasada
8745,21841,5,2026-01-11,2026-01-11,0,No prazo
8746,21842,4,2026-03-29,2026-03-29,0,No prazo
8747,21843,3,2026-08-07,2026-08-12,5,Atrasada
8748,21844,3,2026-07-29,2026-07-29,0,No prazo
8749,21847,1,2026-04-28,2026-04-28,0,No prazo
8750,21852,1,2026-08-04,2026-08-04,0,No prazo
8751,21860,1,2026-08-08,2026-08-10,2,Atrasada
8752,21861,3,2026-03-18,2026-03-18,0,No prazo
8753,21862,1,2026-02-20,2026-02-21,1,Atrasada
8754,21863,3,2026-07-31,2026-07-31,0,No prazo
8755,21864,3,2026-02-14,2026-02-16,2,Atrasada
8756,21865,1,2026-07-20,2026-07-25,5,Atrasada
8757,21867,3,2026-03-10,2026-03-10,0,No prazo
8758,21868,2,2026-06-04,2026-06-04,0,No prazo
8759,21870,3,2026-04-30,2026-04-30,0,No prazo
8760,21872,4,2026-02-02,2026-02-02,0,No prazo
8761,21873,1,2026-04-25,2026-04-25,0,No prazo
8762,21877,3,2026-07-04,2026-07-04,0,No prazo
8763,21880,5,2026-04-01,2026-04-01,0,No prazo
8764,21882,4,2026-05-04,2026-05-04,0,No prazo
8765,21884,4,2026-07-16,2026-07-19,3,Atrasada
8766,21887,1,2026-08-09,2026-08-09,0,No prazo
8767,21893,1,2026-06-08,2026-06-08,0,No prazo
8768,21900,5,2026-05-11,2026-05-12,1,Atrasada
8769,21901,1,2026-01-19,2026-01-22,3,Atrasada
8770,21903,2,2026-07-15,2026-07-15,0,No prazo
8771,21904,2,2026-03-04,2026-03-09,5,Atrasada
8772,21906,2,2026-02-04,2026-02-04,0,No prazo
8773,21913,3,2026-03-18,2026-03-18,0,No prazo
8774,21915,2,2026-04-10,2026-04-09,0,No prazo
8775,21916,2,2026-08-11,2026-08-11,0,No prazo
8776,21917,4,2026-03-11,2026-03-12,1,Atrasada
8777,21918,4,2026-03-02,2026-03-07,5,Atrasada
8778,21921,4,2026-05-04,2026-05-04,0,No prazo
8779,21922,3,2026-05-17,2026-05-17,0,No prazo
8780,21930,2,2026-07-08,2026-07-08,0,No prazo
8781,21931,5,2026-01-12,2026-01-12,0,No prazo
8782,21935,4,2026-01-27,2026-01-28,1,Atrasada
8783,21938,4,2026-05-01,2026-05-02,1,Atrasada
8784,21939,1,2026-02-06,2026-02-06,0,No prazo
8785,21940,4,2026-07-22,2026-07-22,0,No prazo
8786,21941,1,2026-02-13,2026-02-13,0,No prazo
8787,21944,2,2026-01-11,2026-01-11,0,No prazo
8788,21945,2,2026-06-09,2026-06-09,0,No prazo
8789,21947,4,2026-02-19,2026-02-19,0,No prazo
8790,21948,2,2026-08-05,2026-08-06,1,Atrasada
8791,21951,1,2026-03-17,2026-03-19,2,Atrasada
8792,21957,3,2026-06-24,2026-06-25,1,Atrasada
8793,21958,5,2026-03-19,2026-03-19,0,No prazo
8794,21964,1,2026-07-08,2026-07-08,0,No prazo
8795,21965,1,2026-06-22,2026-06-21,0,No prazo
8796,21966,1,2026-05-31,2026-05-31,0,No prazo
8797,21967,2,2026-06-25,2026-06-25,0,No prazo
8798,21968,3,2026-03-06,2026-03-06,0,No prazo
8799,21971,5,2026-02-24,2026-02-24,0,No prazo
8800,21972,2,2026-05-09,2026-05-09,0,No prazo
8801,21979,3,2026-07-08,2026-07-10,2,Atrasada
8802,21983,4,2026-04-04,2026-04-04,0,No prazo
8803,21984,1,2026-07-27,2026-07-27,0,No prazo
8804,21986,3,2026-08-03,2026-08-04,1,Atrasada
8805,21987,3,2026-06-29,2026-07-01,2,Atrasada
8806,21991,2,2026-05-26,2026-05-26,0,No prazo
8807,21999,3,2026-01-30,2026-01-30,0,No prazo
8808,22002,3,2026-03-27,2026-03-27,0,No prazo
8809,22008,1,2026-04-30,2026-04-30,0,No prazo
8810,22011,5,2026-03-01,2026-03-01,0,No prazo
8811,22014,2,2026-04-28,2026-04-28,0,No prazo
8812,22015,3,2026-04-10,2026-04-10,0,No prazo
8813,22017,1,2026-02-08,2026-02-08,0,No prazo
8814,22020,3,2026-07-07,2026-07-09,2,Atrasada
8815,22022,3,2026-08-02,2026-08-02,0,No prazo
8816,22025,4,2026-01-11,2026-01-12,1,Atrasada
8817,22027,2,2026-01-18,2026-01-18,0,No prazo
8818,22031,1,2026-05-05,2026-05-10,5,Atrasada
8819,22034,3,2026-07-17,2026-07-17,0,No prazo
8820,22038,5,2026-03-24,2026-03-24,0,No prazo
8821,22039,4,2026-06-06,2026-06-07,1,Atrasada
8822,22040,1,2026-02-27,2026-02-27,0,No prazo
8823,22042,1,2026-02-01,2026-02-01,0,No prazo
8824,22045,3,2026-02-22,2026-02-25,3,Atrasada
8825,22047,5,2026-03-26,2026-03-26,0,No prazo
8826,22051,3,2026-07-24,2026-07-26,2,Atrasada
8827,22053,4,2026-02-05,2026-02-10,5,Atrasada
8828,22054,4,2026-02-19,2026-02-20,1,Atrasada
8829,22058,3,2026-07-27,2026-07-28,1,Atrasada
8830,22059,1,2026-04-17,2026-04-17,0,No prazo
8831,22063,1,2026-03-01,2026-03-01,0,No prazo
8832,22064,1,2026-05-09,2026-05-09,0,No prazo
8833,22069,4,2026-03-23,2026-03-23,0,No prazo
8834,22071,4,2026-01-14,2026-01-14,0,No prazo
8835,22078,2,2026-04-05,2026-04-05,0,No prazo
8836,22081,5,2026-06-17,2026-06-17,0,No prazo
8837,22083,5,2026-04-02,2026-04-02,0,No prazo
8838,22085,3,2026-01-29,2026-01-30,1,Atrasada
8839,22088,4,2026-03-16,2026-03-16,0,No prazo
8840,22089,3,2026-05-18,2026-05-18,0,No prazo
8841,22090,3,2026-08-01,2026-08-02,1,Atrasada
8842,22091,3,2026-04-05,2026-04-05,0,No prazo
8843,22092,4,2026-03-13,2026-03-13,0,No prazo
8844,22093,3,2026-07-10,2026-07-10,0,No prazo
8845,22094,4,2026-01-21,2026-01-21,0,No prazo
8846,22096,3,2026-04-26,2026-05-01,5,Atrasada
8847,22097,3,2026-01-06,2026-01-06,0,No prazo
8848,22099,1,2026-06-01,2026-06-01,0,No prazo
8849,22102,4,2026-05-26,2026-05-27,1,Atrasada
8850,22104,4,2026-06-04,2026-06-04,0,No prazo
8851,22105,5,2026-06-05,2026-06-07,2,Atrasada
8852,22106,4,2026-02-13,2026-02-13,0,No prazo
8853,22107,3,2026-05-22,2026-05-22,0,No prazo
8854,22108,4,2026-06-08,2026-06-08,0,No prazo
8855,22110,4,2026-03-11,2026-03-11,0,No prazo
8856,22111,4,2026-07-15,2026-07-15,0,No prazo
8857,22113,1,2026-02-11,2026-02-11,0,No prazo
8858,22114,3,2026-06-11,2026-06-10,0,No prazo
8859,22115,5,2026-04-24,2026-04-24,0,No prazo
8860,22122,1,2026-05-03,2026-05-03,0,No prazo
8861,22123,1,2026-07-15,2026-07-18,3,Atrasada
8862,22125,3,2026-07-29,2026-07-29,0,No prazo
8863,22131,2,2026-07-25,2026-07-24,0,No prazo
8864,22136,4,2026-05-29,2026-05-29,0,No prazo
8865,22138,1,2026-02-05,2026-02-05,0,No prazo
8866,22139,3,2026-07-25,2026-07-25,0,No prazo
8867,22141,2,2026-06-12,2026-06-12,0,No prazo
8868,22142,4,2026-07-11,2026-07-11,0,No prazo
8869,22143,3,2026-05-04,2026-05-05,1,Atrasada
8870,22146,5,2026-05-28,2026-05-28,0,No prazo
8871,22149,3,2026-07-22,2026-07-22,0,No prazo
8872,22151,1,2026-02-20,2026-02-20,0,No prazo
8873,22161,2,2026-01-22,2026-01-22,0,No prazo
8874,22163,4,2026-06-13,2026-06-13,0,No prazo
8875,22164,1,2026-04-28,2026-04-28,0,No prazo
8876,22166,2,2026-01-27,2026-01-27,0,No prazo
8877,22167,5,2026-06-17,2026-06-18,1,Atrasada
8878,22171,1,2026-02-02,2026-02-02,0,No prazo
8879,22173,4,2026-04-05,2026-04-08,3,Atrasada
8880,22174,1,2026-02-09,2026-02-09,0,No prazo
8881,22175,3,2026-08-01,2026-07-31,0,No prazo
8882,22176,5,2026-03-24,2026-03-24,0,No prazo
8883,22178,5,2026-04-10,2026-04-10,0,No prazo
8884,22185,4,2026-03-15,2026-03-15,0,No prazo
8885,22186,1,2026-05-31,2026-05-31,0,No prazo
8886,22187,2,2026-07-10,2026-07-10,0,No prazo
8887,22191,3,2026-04-21,2026-04-21,0,No prazo
8888,22192,5,2026-03-14,2026-03-14,0,No prazo
8889,22193,3,2026-02-04,2026-02-04,0,No prazo
8890,22197,4,2026-02-13,2026-02-13,0,No prazo
8891,22198,5,2026-01-21,2026-01-20,0,No prazo
8892,22200,5,2026-06-24,2026-06-24,0,No prazo
8893,22204,3,2026-03-07,2026-03-08,1,Atrasada
8894,22206,1,2026-02-10,2026-02-10,0,No prazo
8895,22209,5,2026-03-22,2026-03-22,0,No prazo
8896,22210,4,2026-06-24,2026-06-24,0,No prazo
8897,22211,4,2026-02-21,2026-02-21,0,No prazo
8898,22212,5,2026-07-25,2026-07-25,0,No prazo
8899,22213,4,2026-06-05,2026-06-05,0,No prazo
8900,22215,4,2026-04-27,2026-04-26,0,No prazo
8901,22219,5,2026-01-17,2026-01-17,0,No prazo
8902,22225,3,2026-03-22,2026-03-22,0,No prazo
8903,22229,4,2026-06-12,2026-06-12,0,No prazo
8904,22230,4,2026-02-02,2026-02-02,0,No prazo
8905,22233,4,2026-04-25,2026-04-25,0,No prazo
8906,22235,2,2026-06-09,2026-06-09,0,No prazo
8907,22238,4,2026-01-26,2026-01-26,0,No prazo
8908,22240,3,2026-06-03,2026-06-04,1,Atrasada
8909,22241,5,2026-05-26,2026-05-26,0,No prazo
8910,22242,4,2026-02-02,2026-02-03,1,Atrasada
8911,22243,1,2026-03-18,2026-03-18,0,No prazo
8912,22244,4,2026-02-05,2026-02-04,0,No prazo
8913,22245,2,2026-03-19,2026-03-18,0,No prazo
8914,22246,2,2026-02-22,2026-02-22,0,No prazo
8915,22247,4,2026-06-15,2026-06-15,0,No prazo
8916,22250,4,2026-02-16,2026-02-16,0,No prazo
8917,22252,1,2026-01-09,2026-01-09,0,No prazo
8918,22253,4,2026-07-07,2026-07-07,0,No prazo
8919,22257,3,2026-04-29,2026-04-29,0,No prazo
8920,22258,2,2026-02-12,2026-02-12,0,No prazo
8921,22260,1,2026-03-02,2026-03-03,1,Atrasada
8922,22263,3,2026-02-13,2026-02-13,0,No prazo
8923,22264,4,2026-06-10,2026-06-10,0,No prazo
8924,22266,5,2026-02-28,2026-02-28,0,No prazo
8925,22267,3,2026-06-30,2026-06-30,0,No prazo
8926,22270,2,2026-07-05,2026-07-04,0,No prazo
8927,22273,3,2026-07-05,2026-07-05,0,No prazo
8928,22274,4,2026-01-04,2026-01-04,0,No prazo
8929,22276,1,2026-07-16,2026-07-16,0,No prazo
8930,22279,4,2026-04-04,2026-04-04,0,No prazo
8931,22280,3,2026-06-25,2026-06-25,0,No prazo
8932,22281,1,2026-05-29,2026-05-29,0,No prazo
8933,22283,3,2026-03-19,2026-03-19,0,No prazo
8934,22285,4,2026-07-23,2026-07-23,0,No prazo
8935,22286,1,2026-06-29,2026-06-29,0,No prazo
8936,22291,2,2026-03-18,2026-03-18,0,No prazo
8937,22296,4,2026-06-06,2026-06-08,2,Atrasada
8938,22303,1,2026-07-06,2026-07-05,0,No prazo
8939,22313,1,2026-02-22,2026-02-22,0,No prazo
8940,22316,5,2026-04-23,2026-04-24,1,Atrasada
8941,22319,3,2026-05-07,2026-05-07,0,No prazo
8942,22321,5,2026-01-05,2026-01-06,1,Atrasada
8943,22322,1,2026-04-03,2026-04-03,0,No prazo
8944,22323,2,2026-05-10,2026-05-10,0,No prazo
8945,22324,4,2026-01-29,2026-01-29,0,No prazo
8946,22327,3,2026-03-11,2026-03-11,0,No prazo
8947,22328,4,2026-05-14,2026-05-16,2,Atrasada
8948,22331,2,2026-02-04,2026-02-04,0,No prazo
8949,22335,5,2026-02-28,2026-03-01,1,Atrasada
8950,22337,1,2026-04-20,2026-04-23,3,Atrasada
8951,22338,3,2026-02-08,2026-02-08,0,No prazo
8952,22341,3,2026-07-16,2026-07-16,0,No prazo
8953,22344,5,2026-01-28,2026-01-28,0,No prazo
8954,22345,5,2026-07-09,2026-07-09,0,No prazo
8955,22353,3,2026-01-03,2026-01-03,0,No prazo
8956,22365,5,2026-06-13,2026-06-14,1,Atrasada
8957,22366,4,2026-03-11,2026-03-14,3,Atrasada
8958,22373,5,2026-03-22,2026-03-22,0,No prazo
8959,22375,5,2026-08-02,2026-08-02,0,No prazo
8960,22380,3,2026-06-22,2026-06-22,0,No prazo
8961,22381,4,2026-04-27,2026-04-27,0,No prazo
8962,22382,2,2026-03-25,2026-03-24,0,No prazo
8963,22383,4,2026-03-24,2026-03-24,0,No prazo
8964,22384,3,2026-05-24,2026-05-24,0,No prazo
8965,22386,3,2026-01-19,2026-01-19,0,No prazo
8966,22389,5,2026-02-03,2026-02-03,0,No prazo
8967,22390,5,2026-01-25,2026-01-24,0,No prazo
8968,22393,4,2026-01-25,2026-01-25,0,No prazo
8969,22394,1,2026-03-09,2026-03-09,0,No prazo
8970,22395,4,2026-07-05,2026-07-05,0,No prazo
8971,22399,5,2026-04-12,2026-04-13,1,Atrasada
8972,22402,5,2026-01-17,2026-01-19,2,Atrasada
8973,22408,3,2026-07-04,2026-07-04,0,No prazo
8974,22412,3,2026-05-14,2026-05-14,0,No prazo
8975,22417,1,2026-06-12,2026-06-12,0,No prazo
8976,22418,3,2026-06-15,2026-06-18,3,Atrasada
8977,22422,3,2026-06-25,2026-06-25,0,No prazo
8978,22426,4,2026-04-23,2026-04-24,1,Atrasada
8979,22427,4,2026-03-22,2026-03-22,0,No prazo
8980,22428,1,2026-05-25,2026-05-25,0,No prazo
8981,22433,1,2026-07-26,2026-07-28,2,Atrasada
8982,22434,3,2026-02-24,2026-02-26,2,Atrasada
8983,22435,3,2026-07-10,2026-07-10,0,No prazo
8984,22439,4,2026-07-24,2026-07-24,0,No prazo
8985,22448,4,2026-02-16,2026-02-16,0,No prazo
8986,22452,1,2026-01-14,2026-01-14,0,No prazo
8987,22457,2,2026-01-04,2026-01-05,1,Atrasada
8988,22458,4,2026-04-21,2026-04-21,0,No prazo
8989,22459,4,2026-01-15,2026-01-18,3,Atrasada
8990,22466,4,2026-05-02,2026-05-02,0,No prazo
8991,22468,2,2026-03-07,2026-03-08,1,Atrasada
8992,22473,5,2026-07-11,2026-07-14,3,Atrasada
8993,22476,5,2026-06-01,2026-06-01,0,No prazo
8994,22480,1,2026-02-13,2026-02-15,2,Atrasada
8995,22483,4,2026-06-25,2026-06-26,1,Atrasada
8996,22489,5,2026-03-21,2026-03-21,0,No prazo
8997,22493,1,2026-06-25,2026-06-28,3,Atrasada
8998,22494,5,2026-01-31,2026-01-31,0,No prazo
8999,22495,5,2026-04-27,2026-04-27,0,No prazo
9000,22496,3,2026-01-29,2026-01-29,0,No prazo
9001,22497,1,2026-02-22,2026-02-22,0,No prazo
9002,22498,5,2026-04-02,2026-04-02,0,No prazo
9003,22500,5,2026-03-11,2026-03-11,0,No prazo
9004,22501,4,2026-06-19,2026-06-22,3,Atrasada
9005,22502,4,2026-01-24,2026-01-24,0,No prazo
9006,22503,4,2026-02-27,2026-02-27,0,No prazo
9007,22504,1,2026-05-15,2026-05-15,0,No prazo
9008,22511,3,2026-06-21,2026-06-22,1,Atrasada
9009,22512,3,2026-03-07,2026-03-07,0,No prazo
9010,22513,2,2026-03-20,2026-03-20,0,No prazo
9011,22514,3,2026-08-02,2026-08-02,0,No prazo
9012,22516,4,2026-07-26,2026-07-26,0,No prazo
9013,22518,5,2026-04-07,2026-04-06,0,No prazo
9014,22519,1,2026-02-01,2026-02-01,0,No prazo
9015,22522,1,2026-07-06,2026-07-06,0,No prazo
9016,22524,3,2026-03-23,2026-03-24,1,Atrasada
9017,22527,4,2026-05-29,2026-05-29,0,No prazo
9018,22528,4,2026-05-03,2026-05-03,0,No prazo
9019,22529,5,2026-08-06,2026-08-06,0,No prazo
9020,22531,5,2026-04-28,2026-04-28,0,No prazo
9021,22532,5,2026-07-09,2026-07-09,0,No prazo
9022,22540,1,2026-05-23,2026-05-23,0,No prazo
9023,22541,3,2026-02-22,2026-02-22,0,No prazo
9024,22542,3,2026-04-23,2026-04-22,0,No prazo
9025,22543,3,2026-04-09,2026-04-09,0,No prazo
9026,22545,5,2026-05-03,2026-05-02,0,No prazo
9027,22546,3,2026-08-03,2026-08-02,0,No prazo
9028,22547,4,2026-06-29,2026-07-01,2,Atrasada
9029,22549,3,2026-02-09,2026-02-09,0,No prazo
9030,22553,2,2026-04-19,2026-04-19,0,No prazo
9031,22554,4,2026-03-01,2026-03-01,0,No prazo
9032,22555,4,2026-08-06,2026-08-06,0,No prazo
9033,22558,4,2026-01-05,2026-01-05,0,No prazo
9034,22562,3,2026-04-01,2026-04-01,0,No prazo
9035,22566,4,2026-05-07,2026-05-09,2,Atrasada
9036,22569,2,2026-07-14,2026-07-14,0,No prazo
9037,22572,4,2026-02-19,2026-02-19,0,No prazo
9038,22578,5,2026-06-03,2026-06-03,0,No prazo
9039,22586,2,2026-04-25,2026-04-24,0,No prazo
9040,22588,3,2026-07-10,2026-07-10,0,No prazo
9041,22589,5,2026-05-28,2026-05-28,0,No prazo
9042,22590,2,2026-02-04,2026-02-09,5,Atrasada
9043,22595,5,2026-04-22,2026-04-23,1,Atrasada
9044,22596,3,2026-01-13,2026-01-13,0,No prazo
9045,22601,4,2026-07-25,2026-07-25,0,No prazo
9046,22604,3,2026-08-02,2026-08-04,2,Atrasada
9047,22608,1,2026-04-03,2026-04-02,0,No prazo
9048,22611,5,2026-05-07,2026-05-07,0,No prazo
9049,22615,1,2026-04-30,2026-04-30,0,No prazo
9050,22624,5,2026-02-10,2026-02-10,0,No prazo
9051,22625,1,2026-01-12,2026-01-13,1,Atrasada
9052,22634,3,2026-06-13,2026-06-13,0,No prazo
9053,22635,4,2026-02-06,2026-02-06,0,No prazo
9054,22637,3,2026-05-07,2026-05-08,1,Atrasada
9055,22644,3,2026-04-06,2026-04-06,0,No prazo
9056,22647,5,2026-04-06,2026-04-05,0,No prazo
9057,22651,4,2026-06-12,2026-06-12,0,No prazo
9058,22653,5,2026-07-07,2026-07-08,1,Atrasada
9059,22654,4,2026-04-27,2026-04-27,0,No prazo
9060,22658,2,2026-02-17,2026-02-16,0,No prazo
9061,22659,4,2026-06-23,2026-06-23,0,No prazo
9062,22664,4,2026-04-14,2026-04-15,1,Atrasada
9063,22666,5,2026-07-16,2026-07-16,0,No prazo
9064,22667,4,2026-02-01,2026-02-01,0,No prazo
9065,22670,1,2026-05-21,2026-05-21,0,No prazo
9066,22673,1,2026-04-20,2026-04-20,0,No prazo
9067,22677,5,2026-04-15,2026-04-16,1,Atrasada
9068,22681,3,2026-02-21,2026-02-21,0,No prazo
9069,22682,4,2026-02-10,2026-02-11,1,Atrasada
9070,22683,5,2026-06-12,2026-06-12,0,No prazo
9071,22684,4,2026-04-08,2026-04-08,0,No prazo
9072,22685,4,2026-07-02,2026-07-02,0,No prazo
9073,22693,2,2026-01-29,2026-01-29,0,No prazo
9074,22695,1,2026-01-31,2026-01-31,0,No prazo
9075,22698,5,2026-05-15,2026-05-16,1,Atrasada
9076,22702,5,2026-05-24,2026-05-25,1,Atrasada
9077,22704,5,2026-02-15,2026-02-15,0,No prazo
9078,22708,3,2026-04-30,2026-04-30,0,No prazo
9079,22710,3,2026-03-17,2026-03-18,1,Atrasada
9080,22711,3,2026-06-24,2026-06-24,0,No prazo
9081,22713,3,2026-03-15,2026-03-15,0,No prazo
9082,22715,4,2026-06-06,2026-06-06,0,No prazo
9083,22717,3,2026-05-31,2026-05-31,0,No prazo
9084,22720,3,2026-03-07,2026-03-07,0,No prazo
9085,22722,3,2026-03-19,2026-03-21,2,Atrasada
9086,22723,1,2026-04-04,2026-04-03,0,No prazo
9087,22729,4,2026-07-03,2026-07-03,0,No prazo
9088,22732,4,2026-06-01,2026-06-01,0,No prazo
9089,22737,1,2026-04-12,2026-04-12,0,No prazo
9090,22740,4,2026-08-05,2026-08-05,0,No prazo
9091,22741,3,2026-07-31,2026-07-31,0,No prazo
9092,22747,3,2026-03-09,2026-03-09,0,No prazo
9093,22748,5,2026-02-08,2026-02-07,0,No prazo
9094,22751,3,2026-07-27,2026-07-26,0,No prazo
9095,22755,3,2026-05-06,2026-05-09,3,Atrasada
9096,22756,5,2026-03-24,2026-03-24,0,No prazo
9097,22759,3,2026-01-20,2026-01-20,0,No prazo
9098,22761,3,2026-01-12,2026-01-12,0,No prazo
9099,22762,5,2026-02-07,2026-02-07,0,No prazo
9100,22763,4,2026-02-15,2026-02-15,0,No prazo
9101,22766,4,2026-07-02,2026-07-02,0,No prazo
9102,22769,1,2026-01-23,2026-01-23,0,No prazo
9103,22771,3,2026-02-23,2026-02-23,0,No prazo
9104,22779,1,2026-03-26,2026-03-28,2,Atrasada
9105,22781,5,2026-08-09,2026-08-09,0,No prazo
9106,22782,1,2026-06-09,2026-06-09,0,No prazo
9107,22784,5,2026-01-25,2026-01-30,5,Atrasada
9108,22786,4,2026-05-27,2026-06-01,5,Atrasada
9109,22789,5,2026-06-29,2026-07-02,3,Atrasada
9110,22791,5,2026-03-22,2026-03-22,0,No prazo
9111,22792,1,2026-06-05,2026-06-05,0,No prazo
9112,22793,3,2026-03-07,2026-03-07,0,No prazo
9113,22794,1,2026-07-05,2026-07-04,0,No prazo
9114,22797,4,2026-03-01,2026-03-01,0,No prazo
9115,22801,4,2026-05-14,2026-05-16,2,Atrasada
9116,22805,3,2026-04-21,2026-04-21,0,No prazo
9117,22807,3,2026-02-06,2026-02-06,0,No prazo
9118,22810,4,2026-04-25,2026-04-27,2,Atrasada
9119,22811,3,2026-05-30,2026-05-31,1,Atrasada
9120,22813,3,2026-04-17,2026-04-17,0,No prazo
9121,22814,3,2026-03-17,2026-03-17,0,No prazo
9122,22816,1,2026-02-25,2026-02-27,2,Atrasada
9123,22817,1,2026-03-09,2026-03-10,1,Atrasada
9124,22818,5,2026-06-19,2026-06-19,0,No prazo
9125,22819,4,2026-07-15,2026-07-15,0,No prazo
9126,22820,3,2026-07-07,2026-07-07,0,No prazo
9127,22822,4,2026-03-14,2026-03-15,1,Atrasada
9128,22825,1,2026-05-11,2026-05-11,0,No prazo
9129,22826,1,2026-03-03,2026-03-03,0,No prazo
9130,22827,4,2026-06-14,2026-06-14,0,No prazo
9131,22828,1,2026-01-13,2026-01-14,1,Atrasada
9132,22829,1,2026-04-04,2026-04-04,0,No prazo
9133,22830,2,2026-03-06,2026-03-06,0,No prazo
9134,22831,5,2026-04-21,2026-04-23,2,Atrasada
9135,22832,5,2026-01-07,2026-01-10,3,Atrasada
9136,22837,3,2026-04-07,2026-04-06,0,No prazo
9137,22838,1,2026-06-02,2026-06-02,0,No prazo
9138,22844,1,2026-08-01,2026-08-02,1,Atrasada
9139,22845,1,2026-06-22,2026-06-23,1,Atrasada
9140,22848,4,2026-01-21,2026-01-21,0,No prazo
9141,22850,4,2026-06-16,2026-06-17,1,Atrasada
9142,22854,5,2026-02-20,2026-02-23,3,Atrasada
9143,22860,1,2026-01-05,2026-01-06,1,Atrasada
9144,22863,1,2026-06-01,2026-06-01,0,No prazo
9145,22867,4,2026-05-18,2026-05-19,1,Atrasada
9146,22868,4,2026-03-08,2026-03-08,0,No prazo
9147,22871,4,2026-01-14,2026-01-14,0,No prazo
9148,22873,4,2026-07-14,2026-07-14,0,No prazo
9149,22877,1,2026-02-15,2026-02-16,1,Atrasada
9150,22879,4,2026-03-12,2026-03-12,0,No prazo
9151,22881,4,2026-03-13,2026-03-13,0,No prazo
9152,22882,1,2026-04-01,2026-04-03,2,Atrasada
9153,22884,4,2026-03-18,2026-03-19,1,Atrasada
9154,22885,5,2026-06-28,2026-06-28,0,No prazo
9155,22887,3,2026-01-06,2026-01-06,0,No prazo
9156,22889,5,2026-03-01,2026-02-28,0,No prazo
9157,22894,4,2026-02-04,2026-02-04,0,No prazo
9158,22896,1,2026-07-10,2026-07-10,0,No prazo
9159,22897,5,2026-06-04,2026-06-04,0,No prazo
9160,22898,3,2026-06-28,2026-06-28,0,No prazo
9161,22899,1,2026-06-23,2026-06-23,0,No prazo
9162,22900,2,2026-07-08,2026-07-08,0,No prazo
9163,22901,4,2026-05-04,2026-05-04,0,No prazo
9164,22902,1,2026-05-19,2026-05-19,0,No prazo
9165,22906,4,2026-01-30,2026-01-30,0,No prazo
9166,22908,3,2026-06-04,2026-06-04,0,No prazo
9167,22909,4,2026-06-08,2026-06-07,0,No prazo
9168,22916,1,2026-07-14,2026-07-14,0,No prazo
9169,22917,3,2026-04-18,2026-04-18,0,No prazo
9170,22923,4,2026-06-02,2026-06-02,0,No prazo
9171,22925,3,2026-06-21,2026-06-21,0,No prazo
9172,22928,1,2026-02-10,2026-02-10,0,No prazo
9173,22930,5,2026-06-04,2026-06-04,0,No prazo
9174,22931,1,2026-07-08,2026-07-08,0,No prazo
9175,22932,2,2026-03-24,2026-03-25,1,Atrasada
9176,22937,4,2026-03-03,2026-03-02,0,No prazo
9177,22938,4,2026-04-30,2026-05-03,3,Atrasada
9178,22939,3,2026-04-10,2026-04-10,0,No prazo
9179,22940,3,2026-03-31,2026-04-05,5,Atrasada
9180,22946,4,2026-04-16,2026-04-16,0,No prazo
9181,22950,2,2026-07-16,2026-07-16,0,No prazo
9182,22952,1,2026-03-10,2026-03-12,2,Atrasada
9183,22956,4,2026-01-03,2026-01-03,0,No prazo
9184,22957,3,2026-07-17,2026-07-17,0,No prazo
9185,22959,4,2026-05-16,2026-05-16,0,No prazo
9186,22961,3,2026-07-04,2026-07-05,1,Atrasada
9187,22963,3,2026-03-11,2026-03-11,0,No prazo
9188,22966,3,2026-05-11,2026-05-11,0,No prazo
9189,22969,1,2026-08-04,2026-08-04,0,No prazo
9190,22971,3,2026-06-01,2026-05-31,0,No prazo
9191,22974,1,2026-08-06,2026-08-06,0,No prazo
9192,22977,4,2026-04-05,2026-04-05,0,No prazo
9193,22978,4,2026-02-22,2026-02-24,2,Atrasada
9194,22979,3,2026-05-06,2026-05-08,2,Atrasada
9195,22980,4,2026-05-09,2026-05-09,0,No prazo
9196,22982,3,2026-04-03,2026-04-02,0,No prazo
9197,22984,1,2026-01-15,2026-01-15,0,No prazo
9198,22990,4,2026-07-18,2026-07-19,1,Atrasada
9199,22991,1,2026-01-08,2026-01-08,0,No prazo
9200,22995,4,2026-02-23,2026-02-23,0,No prazo
9201,22998,1,2026-06-20,2026-06-20,0,No prazo
9202,23000,4,2026-05-15,2026-05-16,1,Atrasada
9203,23007,1,2026-06-27,2026-06-30,3,Atrasada
9204,23008,5,2026-06-11,2026-06-11,0,No prazo
9205,23011,1,2026-03-01,2026-03-01,0,No prazo
9206,23012,3,2026-02-25,2026-02-25,0,No prazo
9207,23013,5,2026-04-26,2026-04-26,0,No prazo
9208,23019,5,2026-05-23,2026-05-24,1,Atrasada
9209,23022,1,2026-07-07,2026-07-08,1,Atrasada
9210,23023,2,2026-05-25,2026-05-25,0,No prazo
9211,23024,1,2026-01-14,2026-01-15,1,Atrasada
9212,23025,1,2026-03-18,2026-03-18,0,No prazo
9213,23027,2,2026-06-08,2026-06-10,2,Atrasada
9214,23032,5,2026-06-05,2026-06-05,0,No prazo
9215,23036,4,2026-03-20,2026-03-23,3,Atrasada
9216,23037,3,2026-03-30,2026-03-30,0,No prazo
9217,23039,1,2026-02-27,2026-02-26,0,No prazo
9218,23040,1,2026-05-26,2026-05-28,2,Atrasada
9219,23043,4,2026-01-09,2026-01-09,0,No prazo
9220,23044,4,2026-07-10,2026-07-10,0,No prazo
9221,23045,3,2026-04-07,2026-04-07,0,No prazo
9222,23047,3,2026-07-21,2026-07-23,2,Atrasada
9223,23048,4,2026-01-26,2026-01-26,0,No prazo
9224,23055,1,2026-03-11,2026-03-11,0,No prazo
9225,23056,3,2026-08-03,2026-08-03,0,No prazo
9226,23058,4,2026-06-09,2026-06-09,0,No prazo
9227,23060,1,2026-05-14,2026-05-14,0,No prazo
9228,23061,4,2026-03-08,2026-03-08,0,No prazo
9229,23065,4,2026-01-27,2026-01-30,3,Atrasada
9230,23066,1,2026-04-11,2026-04-11,0,No prazo
9231,23067,5,2026-04-07,2026-04-09,2,Atrasada
9232,23068,3,2026-02-12,2026-02-12,0,No prazo
9233,23069,1,2026-04-01,2026-04-03,2,Atrasada
9234,23070,4,2026-02-06,2026-02-07,1,Atrasada
9235,23071,4,2026-06-04,2026-06-06,2,Atrasada
9236,23074,5,2026-04-14,2026-04-17,3,Atrasada
9237,23078,3,2026-04-10,2026-04-10,0,No prazo
9238,23080,3,2026-05-13,2026-05-13,0,No prazo
9239,23083,1,2026-02-14,2026-02-14,0,No prazo
9240,23086,5,2026-03-15,2026-03-15,0,No prazo
9241,23087,3,2026-02-14,2026-02-14,0,No prazo
9242,23096,1,2026-02-21,2026-02-21,0,No prazo
9243,23098,3,2026-05-29,2026-05-28,0,No prazo
9244,23099,3,2026-05-03,2026-05-03,0,No prazo
9245,23100,5,2026-05-04,2026-05-04,0,No prazo
9246,23101,4,2026-03-02,2026-03-02,0,No prazo
9247,23108,5,2026-03-27,2026-03-27,0,No prazo
9248,23110,5,2026-07-13,2026-07-16,3,Atrasada
9249,23115,1,2026-05-11,2026-05-13,2,Atrasada
9250,23118,3,2026-01-28,2026-01-28,0,No prazo
9251,23120,4,2026-02-17,2026-02-17,0,No prazo
9252,23121,5,2026-06-23,2026-06-24,1,Atrasada
9253,23122,4,2026-04-07,2026-04-07,0,No prazo
9254,23126,3,2026-07-20,2026-07-20,0,No prazo
9255,23127,1,2026-06-21,2026-06-21,0,No prazo
9256,23128,1,2026-05-30,2026-05-30,0,No prazo
9257,23130,3,2026-04-05,2026-04-06,1,Atrasada
9258,23131,5,2026-07-20,2026-07-21,1,Atrasada
9259,23137,4,2026-06-17,2026-06-17,0,No prazo
9260,23139,2,2026-06-21,2026-06-21,0,No prazo
9261,23140,4,2026-01-22,2026-01-23,1,Atrasada
9262,23142,3,2026-07-08,2026-07-10,2,Atrasada
9263,23143,3,2026-08-06,2026-08-06,0,No prazo
9264,23147,4,2026-08-07,2026-08-07,0,No prazo
9265,23149,4,2026-05-24,2026-05-27,3,Atrasada
9266,23153,3,2026-03-16,2026-03-16,0,No prazo
9267,23155,3,2026-01-17,2026-01-18,1,Atrasada
9268,23156,3,2026-03-29,2026-03-29,0,No prazo
9269,23158,3,2026-01-23,2026-01-23,0,No prazo
9270,23160,4,2026-01-02,2026-01-02,0,No prazo
9271,23161,1,2026-05-26,2026-05-26,0,No prazo
9272,23166,3,2026-02-21,2026-02-23,2,Atrasada
9273,23167,4,2026-07-06,2026-07-06,0,No prazo
9274,23171,2,2026-04-14,2026-04-14,0,No prazo
9275,23172,4,2026-02-03,2026-02-02,0,No prazo
9276,23178,4,2026-03-06,2026-03-06,0,No prazo
9277,23179,3,2026-05-13,2026-05-13,0,No prazo
9278,23180,1,2026-02-25,2026-02-25,0,No prazo
9279,23181,3,2026-07-20,2026-07-23,3,Atrasada
9280,23183,1,2026-04-22,2026-04-21,0,No prazo
9281,23184,3,2026-03-20,2026-03-20,0,No prazo
9282,23185,4,2026-05-27,2026-05-27,0,No prazo
9283,23186,4,2026-04-22,2026-04-22,0,No prazo
9284,23188,2,2026-06-01,2026-06-01,0,No prazo
9285,23192,3,2026-03-11,2026-03-14,3,Atrasada
9286,23197,4,2026-02-06,2026-02-06,0,No prazo
9287,23198,3,2026-03-15,2026-03-16,1,Atrasada
9288,23199,3,2026-03-25,2026-03-25,0,No prazo
9289,23206,4,2026-02-23,2026-02-23,0,No prazo
9290,23207,2,2026-06-23,2026-06-23,0,No prazo
9291,23213,4,2026-02-06,2026-02-06,0,No prazo
9292,23219,1,2026-03-05,2026-03-05,0,No prazo
9293,23220,4,2026-08-04,2026-08-04,0,No prazo
9294,23222,2,2026-06-13,2026-06-13,0,No prazo
9295,23223,4,2026-04-23,2026-04-24,1,Atrasada
9296,23225,4,2026-01-25,2026-01-25,0,No prazo
9297,23228,1,2026-05-15,2026-05-15,0,No prazo
9298,23231,3,2026-02-18,2026-02-17,0,No prazo
9299,23233,1,2026-03-24,2026-03-24,0,No prazo
9300,23234,5,2026-05-10,2026-05-10,0,No prazo
9301,23235,2,2026-03-31,2026-03-31,0,No prazo
9302,23239,4,2026-04-02,2026-04-03,1,Atrasada
9303,23240,5,2026-07-04,2026-07-05,1,Atrasada
9304,23242,1,2026-04-04,2026-04-04,0,No prazo
9305,23244,3,2026-04-29,2026-04-29,0,No prazo
9306,23249,4,2026-06-23,2026-06-24,1,Atrasada
9307,23251,1,2026-02-17,2026-02-17,0,No prazo
9308,23259,4,2026-03-30,2026-03-30,0,No prazo
9309,23260,3,2026-08-09,2026-08-09,0,No prazo
9310,23262,1,2026-06-20,2026-06-20,0,No prazo
9311,23263,3,2026-01-09,2026-01-10,1,Atrasada
9312,23265,3,2026-01-14,2026-01-14,0,No prazo
9313,23267,5,2026-07-11,2026-07-11,0,No prazo
9314,23270,1,2026-06-10,2026-06-10,0,No prazo
9315,23273,4,2026-06-28,2026-06-30,2,Atrasada
9316,23274,1,2026-06-07,2026-06-10,3,Atrasada
9317,23275,4,2026-05-21,2026-05-21,0,No prazo
9318,23278,4,2026-04-14,2026-04-14,0,No prazo
9319,23284,4,2026-05-22,2026-05-21,0,No prazo
9320,23285,2,2026-01-29,2026-01-29,0,No prazo
9321,23286,4,2026-04-18,2026-04-18,0,No prazo
9322,23287,1,2026-04-02,2026-04-02,0,No prazo
9323,23289,4,2026-04-18,2026-04-18,0,No prazo
9324,23295,3,2026-02-09,2026-02-09,0,No prazo
9325,23297,3,2026-02-28,2026-02-28,0,No prazo
9326,23298,1,2026-04-25,2026-04-25,0,No prazo
9327,23301,4,2026-07-29,2026-07-29,0,No prazo
9328,23302,5,2026-04-02,2026-04-02,0,No prazo
9329,23303,4,2026-07-29,2026-07-30,1,Atrasada
9330,23304,3,2026-04-12,2026-04-12,0,No prazo
9331,23306,3,2026-07-11,2026-07-14,3,Atrasada
9332,23307,4,2026-07-11,2026-07-11,0,No prazo
9333,23310,4,2026-07-08,2026-07-08,0,No prazo
9334,23312,1,2026-07-07,2026-07-07,0,No prazo
9335,23314,2,2026-02-14,2026-02-14,0,No prazo
9336,23315,1,2026-03-24,2026-03-24,0,No prazo
9337,23316,1,2026-03-03,2026-03-05,2,Atrasada
9338,23317,4,2026-03-12,2026-03-14,2,Atrasada
9339,23318,4,2026-05-13,2026-05-13,0,No prazo
9340,23319,1,2026-04-02,2026-04-02,0,No prazo
9341,23331,5,2026-04-26,2026-04-28,2,Atrasada
9342,23333,1,2026-08-08,2026-08-08,0,No prazo
9343,23336,3,2026-04-28,2026-05-01,3,Atrasada
9344,23338,5,2026-07-02,2026-07-01,0,No prazo
9345,23340,2,2026-06-30,2026-06-30,0,No prazo
9346,23341,3,2026-08-09,2026-08-14,5,Atrasada
9347,23346,4,2026-02-18,2026-02-21,3,Atrasada
9348,23347,1,2026-08-03,2026-08-05,2,Atrasada
9349,23348,3,2026-04-24,2026-04-24,0,No prazo
9350,23352,2,2026-04-06,2026-04-06,0,No prazo
9351,23355,4,2026-05-14,2026-05-14,0,No prazo
9352,23361,3,2026-01-23,2026-01-25,2,Atrasada
9353,23362,1,2026-05-18,2026-05-17,0,No prazo
9354,23365,4,2026-08-07,2026-08-07,0,No prazo
9355,23375,2,2026-04-15,2026-04-15,0,No prazo
9356,23377,4,2026-02-09,2026-02-09,0,No prazo
9357,23379,4,2026-04-28,2026-04-28,0,No prazo
9358,23381,4,2026-01-13,2026-01-13,0,No prazo
9359,23382,4,2026-01-24,2026-01-24,0,No prazo
9360,23383,4,2026-01-10,2026-01-12,2,Atrasada
9361,23390,5,2026-01-12,2026-01-14,2,Atrasada
9362,23391,2,2026-06-16,2026-06-17,1,Atrasada
9363,23392,1,2026-01-15,2026-01-15,0,No prazo
9364,23393,1,2026-05-28,2026-05-28,0,No prazo
9365,23395,4,2026-08-09,2026-08-11,2,Atrasada
9366,23399,3,2026-01-29,2026-01-29,0,No prazo
9367,23400,1,2026-02-12,2026-02-12,0,No prazo
9368,23403,4,2026-07-03,2026-07-04,1,Atrasada
9369,23404,4,2026-03-26,2026-03-26,0,No prazo
9370,23410,4,2026-07-06,2026-07-06,0,No prazo
9371,23413,2,2026-01-03,2026-01-03,0,No prazo
9372,23416,3,2026-06-28,2026-06-30,2,Atrasada
9373,23417,3,2026-07-15,2026-07-15,0,No prazo
9374,23419,4,2026-02-14,2026-02-14,0,No prazo
9375,23428,4,2026-03-07,2026-03-07,0,No prazo
9376,23429,4,2026-07-06,2026-07-07,1,Atrasada
9377,23430,3,2026-04-03,2026-04-03,0,No prazo
9378,23432,2,2026-07-20,2026-07-19,0,No prazo
9379,23435,3,2026-02-06,2026-02-06,0,No prazo
9380,23439,4,2026-05-19,2026-05-19,0,No prazo
9381,23440,3,2026-06-18,2026-06-18,0,No prazo
9382,23441,3,2026-01-04,2026-01-04,0,No prazo
9383,23445,2,2026-06-11,2026-06-11,0,No prazo
9384,23448,3,2026-05-08,2026-05-08,0,No prazo
9385,23449,1,2026-04-05,2026-04-05,0,No prazo
9386,23453,2,2026-03-26,2026-03-26,0,No prazo
9387,23455,5,2026-03-10,2026-03-10,0,No prazo
9388,23457,3,2026-03-04,2026-03-07,3,Atrasada
9389,23458,3,2026-03-08,2026-03-08,0,No prazo
9390,23459,3,2026-02-18,2026-02-18,0,No prazo
9391,23462,4,2026-04-07,2026-04-07,0,No prazo
9392,23464,4,2026-04-16,2026-04-16,0,No prazo
9393,23466,4,2026-01-19,2026-01-18,0,No prazo
9394,23467,2,2026-07-21,2026-07-21,0,No prazo
9395,23468,1,2026-02-03,2026-02-04,1,Atrasada
9396,23470,4,2026-07-27,2026-07-27,0,No prazo
9397,23472,4,2026-01-19,2026-01-19,0,No prazo
9398,23480,5,2026-02-22,2026-02-22,0,No prazo
9399,23481,1,2026-06-13,2026-06-13,0,No prazo
9400,23492,1,2026-01-08,2026-01-08,0,No prazo
9401,23493,3,2026-07-17,2026-07-18,1,Atrasada
9402,23494,3,2026-01-04,2026-01-04,0,No prazo
9403,23495,4,2026-06-05,2026-06-05,0,No prazo
9404,23496,3,2026-03-21,2026-03-21,0,No prazo
9405,23499,1,2026-01-09,2026-01-10,1,Atrasada
9406,23500,4,2026-07-29,2026-07-29,0,No prazo
9407,23502,5,2026-01-12,2026-01-12,0,No prazo
9408,23505,2,2026-08-02,2026-08-02,0,No prazo
9409,23507,3,2026-01-06,2026-01-06,0,No prazo
9410,23509,1,2026-04-07,2026-04-07,0,No prazo
9411,23512,4,2026-01-04,2026-01-04,0,No prazo
9412,23516,4,2026-03-14,2026-03-14,0,No prazo
9413,23519,1,2026-02-06,2026-02-06,0,No prazo
9414,23521,3,2026-04-13,2026-04-13,0,No prazo
9415,23523,4,2026-08-08,2026-08-09,1,Atrasada
9416,23530,5,2026-05-30,2026-05-30,0,No prazo
9417,23532,3,2026-06-14,2026-06-19,5,Atrasada
9418,23534,3,2026-04-19,2026-04-19,0,No prazo
9419,23535,3,2026-01-26,2026-01-27,1,Atrasada
9420,23536,2,2026-03-19,2026-03-18,0,No prazo
9421,23538,5,2026-02-09,2026-02-09,0,No prazo
9422,23545,4,2026-07-03,2026-07-03,0,No prazo
9423,23546,1,2026-06-06,2026-06-08,2,Atrasada
9424,23548,1,2026-06-13,2026-06-13,0,No prazo
9425,23551,3,2026-03-14,2026-03-13,0,No prazo
9426,23553,4,2026-06-07,2026-06-08,1,Atrasada
9427,23555,5,2026-01-24,2026-01-24,0,No prazo
9428,23556,5,2026-04-26,2026-04-25,0,No prazo
9429,23563,3,2026-07-09,2026-07-09,0,No prazo
9430,23564,1,2026-04-16,2026-04-16,0,No prazo
9431,23569,3,2026-01-04,2026-01-04,0,No prazo
9432,23572,5,2026-06-10,2026-06-10,0,No prazo
9433,23573,4,2026-03-01,2026-03-01,0,No prazo
9434,23576,1,2026-02-24,2026-03-01,5,Atrasada
9435,23579,4,2026-08-02,2026-08-02,0,No prazo
9436,23580,3,2026-04-11,2026-04-11,0,No prazo
9437,23582,1,2026-06-26,2026-06-26,0,No prazo
9438,23583,3,2026-01-12,2026-01-11,0,No prazo
9439,23585,1,2026-02-25,2026-02-25,0,No prazo
9440,23586,5,2026-06-24,2026-06-24,0,No prazo
9441,23590,3,2026-06-05,2026-06-06,1,Atrasada
9442,23592,3,2026-03-06,2026-03-07,1,Atrasada
9443,23593,1,2026-07-16,2026-07-16,0,No prazo
9444,23594,1,2026-04-16,2026-04-17,1,Atrasada
9445,23598,4,2026-02-27,2026-02-27,0,No prazo
9446,23599,3,2026-05-19,2026-05-19,0,No prazo
9447,23602,4,2026-01-30,2026-01-30,0,No prazo
9448,23603,1,2026-07-30,2026-08-02,3,Atrasada
9449,23604,3,2026-02-18,2026-02-18,0,No prazo
9450,23605,4,2026-07-16,2026-07-16,0,No prazo
9451,23609,1,2026-04-19,2026-04-19,0,No prazo
9452,23612,5,2026-07-11,2026-07-11,0,No prazo
9453,23614,5,2026-04-27,2026-04-27,0,No prazo
9454,23615,1,2026-07-18,2026-07-18,0,No prazo
9455,23616,3,2026-07-24,2026-07-25,1,Atrasada
9456,23619,5,2026-06-22,2026-06-22,0,No prazo
9457,23620,3,2026-01-06,2026-01-06,0,No prazo
9458,23624,4,2026-07-09,2026-07-09,0,No prazo
9459,23628,3,2026-05-01,2026-05-02,1,Atrasada
9460,23629,4,2026-04-03,2026-04-03,0,No prazo
9461,23632,2,2026-04-18,2026-04-20,2,Atrasada
9462,23633,1,2026-07-03,2026-07-03,0,No prazo
9463,23635,2,2026-03-20,2026-03-20,0,No prazo
9464,23637,4,2026-02-20,2026-02-20,0,No prazo
9465,23639,4,2026-03-26,2026-03-26,0,No prazo
9466,23640,3,2026-01-14,2026-01-14,0,No prazo
9467,23641,5,2026-07-10,2026-07-10,0,No prazo
9468,23648,4,2026-07-17,2026-07-17,0,No prazo
9469,23650,3,2026-02-24,2026-02-24,0,No prazo
9470,23652,3,2026-03-15,2026-03-15,0,No prazo
9471,23656,3,2026-05-03,2026-05-03,0,No prazo
9472,23658,5,2026-05-17,2026-05-17,0,No prazo
9473,23659,1,2026-06-26,2026-06-26,0,No prazo
9474,23664,2,2026-08-09,2026-08-08,0,No prazo
9475,23671,1,2026-06-12,2026-06-12,0,No prazo
9476,23672,4,2026-05-10,2026-05-10,0,No prazo
9477,23674,1,2026-03-22,2026-03-22,0,No prazo
9478,23677,3,2026-07-06,2026-07-06,0,No prazo
9479,23679,4,2026-07-12,2026-07-13,1,Atrasada
9480,23681,2,2026-07-27,2026-07-30,3,Atrasada
9481,23685,5,2026-05-03,2026-05-03,0,No prazo
9482,23687,4,2026-04-02,2026-04-02,0,No prazo
9483,23689,3,2026-05-18,2026-05-18,0,No prazo
9484,23693,4,2026-07-17,2026-07-19,2,Atrasada
9485,23695,1,2026-02-12,2026-02-12,0,No prazo
9486,23700,4,2026-05-18,2026-05-21,3,Atrasada
9487,23701,3,2026-04-13,2026-04-18,5,Atrasada
9488,23705,2,2026-04-08,2026-04-08,0,No prazo
9489,23706,1,2026-05-13,2026-05-13,0,No prazo
9490,23708,3,2026-07-30,2026-07-30,0,No prazo
9491,23709,4,2026-06-19,2026-06-19,0,No prazo
9492,23710,4,2026-03-13,2026-03-13,0,No prazo
9493,23716,2,2026-01-26,2026-01-26,0,No prazo
9494,23718,2,2026-06-27,2026-06-27,0,No prazo
9495,23722,4,2026-04-21,2026-04-21,0,No prazo
9496,23725,1,2026-03-19,2026-03-19,0,No prazo
9497,23726,4,2026-05-15,2026-05-15,0,No prazo
9498,23728,5,2026-06-28,2026-06-28,0,No prazo
9499,23731,4,2026-06-03,2026-06-03,0,No prazo
9500,23737,3,2026-07-18,2026-07-18,0,No prazo
9501,23741,5,2026-04-26,2026-04-27,1,Atrasada
9502,23744,1,2026-04-05,2026-04-05,0,No prazo
9503,23746,1,2026-04-13,2026-04-15,2,Atrasada
9504,23748,1,2026-03-05,2026-03-05,0,No prazo
9505,23750,3,2026-03-06,2026-03-06,0,No prazo
9506,23754,5,2026-05-18,2026-05-17,0,No prazo
9507,23755,3,2026-07-19,2026-07-19,0,No prazo
9508,23756,2,2026-06-30,2026-06-30,0,No prazo
9509,23757,3,2026-01-10,2026-01-09,0,No prazo
9510,23759,4,2026-01-04,2026-01-04,0,No prazo
9511,23763,3,2026-02-11,2026-02-11,0,No prazo
9512,23768,3,2026-03-03,2026-03-03,0,No prazo
9513,23769,1,2026-03-20,2026-03-20,0,No prazo
9514,23772,3,2026-07-01,2026-07-01,0,No prazo
9515,23773,3,2026-05-03,2026-05-03,0,No prazo
9516,23775,5,2026-05-20,2026-05-20,0,No prazo
9517,23779,4,2026-05-08,2026-05-09,1,Atrasada
9518,23780,3,2026-04-10,2026-04-10,0,No prazo
9519,23783,4,2026-08-07,2026-08-07,0,No prazo
9520,23784,4,2026-06-04,2026-06-04,0,No prazo
9521,23785,3,2026-08-02,2026-08-02,0,No prazo
9522,23798,2,2026-06-09,2026-06-09,0,No prazo
9523,23800,3,2026-07-04,2026-07-04,0,No prazo
9524,23808,4,2026-05-21,2026-05-21,0,No prazo
9525,23809,3,2026-07-06,2026-07-06,0,No prazo
9526,23812,3,2026-05-25,2026-05-25,0,No prazo
9527,23813,3,2026-02-11,2026-02-13,2,Atrasada
9528,23816,2,2026-08-09,2026-08-09,0,No prazo
9529,23819,3,2026-06-18,2026-06-18,0,No prazo
9530,23820,5,2026-06-11,2026-06-11,0,No prazo
9531,23822,4,2026-04-30,2026-04-30,0,No prazo
9532,23825,3,2026-03-25,2026-03-25,0,No prazo
9533,23826,2,2026-02-25,2026-02-25,0,No prazo
9534,23827,4,2026-04-02,2026-04-02,0,No prazo
9535,23831,1,2026-03-25,2026-03-26,1,Atrasada
9536,23836,4,2026-04-06,2026-04-06,0,No prazo
9537,23837,2,2026-05-12,2026-05-12,0,No prazo
9538,23848,5,2026-08-10,2026-08-10,0,No prazo
9539,23851,1,2026-06-19,2026-06-19,0,No prazo
9540,23854,3,2026-06-17,2026-06-19,2,Atrasada
9541,23857,1,2026-02-15,2026-02-15,0,No prazo
9542,23858,2,2026-06-21,2026-06-21,0,No prazo
9543,23860,4,2026-02-18,2026-02-23,5,Atrasada
9544,23866,4,2026-06-17,2026-06-19,2,Atrasada
9545,23868,2,2026-02-27,2026-02-26,0,No prazo
9546,23869,1,2026-04-20,2026-04-22,2,Atrasada
9547,23870,4,2026-02-26,2026-02-28,2,Atrasada
9548,23881,1,2026-06-29,2026-06-30,1,Atrasada
9549,23886,4,2026-07-29,2026-07-29,0,No prazo
9550,23887,4,2026-01-13,2026-01-13,0,No prazo
9551,23888,2,2026-03-15,2026-03-15,0,No prazo
9552,23889,2,2026-01-19,2026-01-19,0,No prazo
9553,23902,4,2026-04-27,2026-04-27,0,No prazo
9554,23903,3,2026-02-17,2026-02-17,0,No prazo
9555,23904,3,2026-02-22,2026-02-21,0,No prazo
9556,23905,4,2026-05-15,2026-05-15,0,No prazo
9557,23909,4,2026-04-07,2026-04-07,0,No prazo
9558,23910,3,2026-02-12,2026-02-12,0,No prazo
9559,23912,3,2026-03-11,2026-03-11,0,No prazo
9560,23913,3,2026-03-08,2026-03-08,0,No prazo
9561,23919,2,2026-07-23,2026-07-23,0,No prazo
9562,23920,3,2026-05-29,2026-05-29,0,No prazo
9563,23921,4,2026-06-30,2026-06-30,0,No prazo
9564,23926,4,2026-07-11,2026-07-11,0,No prazo
9565,23929,5,2026-02-08,2026-02-10,2,Atrasada
9566,23930,4,2026-02-02,2026-02-02,0,No prazo
9567,23932,4,2026-06-29,2026-06-29,0,No prazo
9568,23933,5,2026-05-04,2026-05-04,0,No prazo
9569,23934,5,2026-01-17,2026-01-17,0,No prazo
9570,23935,3,2026-07-25,2026-07-28,3,Atrasada
9571,23936,1,2026-04-03,2026-04-03,0,No prazo
9572,23937,1,2026-03-29,2026-03-28,0,No prazo
9573,23941,3,2026-07-24,2026-07-24,0,No prazo
9574,23942,3,2026-04-27,2026-04-27,0,No prazo
9575,23943,4,2026-05-18,2026-05-17,0,No prazo
9576,23949,4,2026-04-19,2026-04-18,0,No prazo
9577,23954,4,2026-02-23,2026-02-25,2,Atrasada
9578,23956,3,2026-07-21,2026-07-21,0,No prazo
9579,23959,3,2026-01-20,2026-01-20,0,No prazo
9580,23965,2,2026-06-16,2026-06-16,0,No prazo
9581,23968,3,2026-01-17,2026-01-17,0,No prazo
9582,23969,5,2026-04-22,2026-04-25,3,Atrasada
9583,23972,4,2026-01-15,2026-01-15,0,No prazo
9584,23973,5,2026-03-14,2026-03-14,0,No prazo
9585,23979,2,2026-07-26,2026-07-28,2,Atrasada
9586,23980,4,2026-02-20,2026-02-20,0,No prazo
9587,23982,1,2026-03-03,2026-03-03,0,No prazo
9588,23986,1,2026-03-15,2026-03-15,0,No prazo
9589,23987,4,2026-06-27,2026-06-27,0,No prazo
9590,23988,3,2026-01-07,2026-01-10,3,Atrasada
9591,23990,3,2026-05-26,2026-05-26,0,No prazo
9592,23991,4,2026-04-29,2026-05-01,2,Atrasada
9593,23992,2,2026-05-16,2026-05-16,0,No prazo
9594,23993,3,2026-06-17,2026-06-17,0,No prazo
9595,23994,4,2026-07-20,2026-07-22,2,Atrasada
9596,23995,3,2026-02-21,2026-02-22,1,Atrasada
9597,23998,3,2026-03-18,2026-03-18,0,No prazo
9598,23999,4,2026-08-04,2026-08-05,1,Atrasada
9599,24002,1,2026-02-15,2026-02-16,1,Atrasada
9600,24003,3,2026-04-04,2026-04-05,1,Atrasada
9601,24004,4,2026-05-20,2026-05-20,0,No prazo
9602,24005,4,2026-04-06,2026-04-07,1,Atrasada
9603,24011,3,2026-07-01,2026-06-30,0,No prazo
9604,24013,4,2026-04-15,2026-04-18,3,Atrasada
9605,24014,5,2026-04-25,2026-04-25,0,No prazo
9606,24015,1,2026-03-09,2026-03-09,0,No prazo
9607,24017,3,2026-06-07,2026-06-07,0,No prazo
9608,24021,4,2026-03-19,2026-03-19,0,No prazo
9609,24025,4,2026-05-03,2026-05-04,1,Atrasada
9610,24027,1,2026-03-12,2026-03-12,0,No prazo
9611,24029,3,2026-05-22,2026-05-22,0,No prazo
9612,24031,3,2026-01-21,2026-01-24,3,Atrasada
9613,24032,4,2026-06-06,2026-06-06,0,No prazo
9614,24035,4,2026-06-17,2026-06-17,0,No prazo
9615,24038,1,2026-05-01,2026-05-03,2,Atrasada
9616,24039,3,2026-05-11,2026-05-11,0,No prazo
9617,24042,5,2026-04-22,2026-04-22,0,No prazo
9618,24045,4,2026-02-19,2026-02-18,0,No prazo
9619,24049,3,2026-07-27,2026-07-29,2,Atrasada
9620,24051,3,2026-06-20,2026-06-22,2,Atrasada
9621,24054,4,2026-03-23,2026-03-23,0,No prazo
9622,24060,3,2026-04-26,2026-04-27,1,Atrasada
9623,24063,3,2026-01-12,2026-01-12,0,No prazo
9624,24064,4,2026-06-13,2026-06-13,0,No prazo
9625,24067,5,2026-03-27,2026-03-27,0,No prazo
9626,24070,4,2026-03-16,2026-03-16,0,No prazo
9627,24071,1,2026-02-17,2026-02-20,3,Atrasada
9628,24074,5,2026-02-09,2026-02-11,2,Atrasada
9629,24078,3,2026-01-22,2026-01-22,0,No prazo
9630,24079,4,2026-08-01,2026-08-03,2,Atrasada
9631,24085,4,2026-04-26,2026-04-26,0,No prazo
9632,24088,1,2026-01-11,2026-01-11,0,No prazo
9633,24095,4,2026-03-03,2026-03-08,5,Atrasada
9634,24102,4,2026-07-19,2026-07-19,0,No prazo
9635,24105,4,2026-02-18,2026-02-18,0,No prazo
9636,24109,5,2026-07-11,2026-07-12,1,Atrasada
9637,24110,4,2026-07-15,2026-07-15,0,No prazo
9638,24111,1,2026-02-09,2026-02-10,1,Atrasada
9639,24117,4,2026-01-26,2026-01-26,0,No prazo
9640,24125,1,2026-05-15,2026-05-15,0,No prazo
9641,24127,3,2026-03-02,2026-03-01,0,No prazo
9642,24128,5,2026-03-29,2026-03-29,0,No prazo
9643,24129,4,2026-03-22,2026-03-22,0,No prazo
9644,24130,4,2026-04-22,2026-04-22,0,No prazo
9645,24132,2,2026-03-28,2026-03-27,0,No prazo
9646,24134,5,2026-03-30,2026-03-31,1,Atrasada
9647,24135,2,2026-05-26,2026-05-28,2,Atrasada
9648,24138,5,2026-07-12,2026-07-13,1,Atrasada
9649,24139,1,2026-04-14,2026-04-14,0,No prazo
9650,24145,5,2026-07-16,2026-07-21,5,Atrasada
9651,24147,1,2026-04-01,2026-04-01,0,No prazo
9652,24148,3,2026-05-16,2026-05-16,0,No prazo
9653,24151,2,2026-08-07,2026-08-07,0,No prazo
9654,24152,5,2026-05-23,2026-05-24,1,Atrasada
9655,24154,3,2026-06-06,2026-06-06,0,No prazo
9656,24155,2,2026-01-09,2026-01-08,0,No prazo
9657,24159,5,2026-01-02,2026-01-04,2,Atrasada
9658,24160,2,2026-01-07,2026-01-07,0,No prazo
9659,24163,5,2026-02-14,2026-02-14,0,No prazo
9660,24165,4,2026-06-04,2026-06-03,0,No prazo
9661,24166,4,2026-06-13,2026-06-13,0,No prazo
9662,24168,5,2026-02-07,2026-02-07,0,No prazo
9663,24170,5,2026-05-22,2026-05-22,0,No prazo
9664,24173,4,2026-01-26,2026-01-27,1,Atrasada
9665,24174,1,2026-03-29,2026-03-31,2,Atrasada
9666,24176,4,2026-06-11,2026-06-11,0,No prazo
9667,24177,5,2026-06-08,2026-06-08,0,No prazo
9668,24178,1,2026-01-17,2026-01-18,1,Atrasada
9669,24179,4,2026-05-11,2026-05-11,0,No prazo
9670,24181,4,2026-05-17,2026-05-19,2,Atrasada
9671,24186,4,2026-02-15,2026-02-15,0,No prazo
9672,24187,5,2026-06-07,2026-06-07,0,No prazo
9673,24189,3,2026-04-09,2026-04-11,2,Atrasada
9674,24195,2,2026-02-04,2026-02-04,0,No prazo
9675,24198,4,2026-01-21,2026-01-21,0,No prazo
9676,24201,3,2026-01-09,2026-01-09,0,No prazo
9677,24203,3,2026-01-20,2026-01-23,3,Atrasada
9678,24205,4,2026-04-18,2026-04-18,0,No prazo
9679,24207,4,2026-01-22,2026-01-22,0,No prazo
9680,24211,3,2026-02-11,2026-02-11,0,No prazo
9681,24212,5,2026-04-28,2026-04-29,1,Atrasada
9682,24216,3,2026-06-17,2026-06-19,2,Atrasada
9683,24219,3,2026-06-04,2026-06-04,0,No prazo
9684,24221,3,2026-04-04,2026-04-06,2,Atrasada
9685,24223,4,2026-05-07,2026-05-08,1,Atrasada
9686,24224,2,2026-05-23,2026-05-23,0,No prazo
9687,24227,1,2026-01-14,2026-01-16,2,Atrasada
9688,24228,2,2026-02-06,2026-02-06,0,No prazo
9689,24231,2,2026-05-09,2026-05-09,0,No prazo
9690,24235,3,2026-06-08,2026-06-10,2,Atrasada
9691,24239,4,2026-02-16,2026-02-16,0,No prazo
9692,24240,2,2026-05-03,2026-05-03,0,No prazo
9693,24249,5,2026-05-25,2026-05-26,1,Atrasada
9694,24252,2,2026-01-26,2026-01-26,0,No prazo
9695,24253,1,2026-03-08,2026-03-10,2,Atrasada
9696,24255,2,2026-01-12,2026-01-11,0,No prazo
9697,24260,5,2026-08-05,2026-08-08,3,Atrasada
9698,24267,4,2026-06-26,2026-06-26,0,No prazo
9699,24268,3,2026-06-11,2026-06-11,0,No prazo
9700,24269,1,2026-02-23,2026-02-23,0,No prazo
9701,24273,1,2026-01-27,2026-01-27,0,No prazo
9702,24282,4,2026-04-28,2026-04-28,0,No prazo
9703,24283,3,2026-06-20,2026-06-20,0,No prazo
9704,24288,5,2026-05-05,2026-05-04,0,No prazo
9705,24290,4,2026-08-01,2026-08-02,1,Atrasada
9706,24292,4,2026-03-18,2026-03-18,0,No prazo
9707,24298,2,2026-03-18,2026-03-18,0,No prazo
9708,24302,3,2026-03-11,2026-03-12,1,Atrasada
9709,24303,1,2026-01-27,2026-01-26,0,No prazo
9710,24305,5,2026-05-28,2026-05-28,0,No prazo
9711,24307,4,2026-01-04,2026-01-04,0,No prazo
9712,24310,4,2026-05-21,2026-05-21,0,No prazo
9713,24311,4,2026-08-07,2026-08-09,2,Atrasada
9714,24313,3,2026-02-02,2026-02-02,0,No prazo
9715,24319,2,2026-03-04,2026-03-04,0,No prazo
9716,24320,1,2026-01-28,2026-01-28,0,No prazo
9717,24321,4,2026-04-19,2026-04-19,0,No prazo
9718,24322,2,2026-05-25,2026-05-25,0,No prazo
9719,24327,1,2026-06-14,2026-06-14,0,No prazo
9720,24330,4,2026-02-25,2026-02-27,2,Atrasada
9721,24332,1,2026-02-05,2026-02-06,1,Atrasada
9722,24337,1,2026-05-06,2026-05-06,0,No prazo
9723,24340,3,2026-06-18,2026-06-18,0,No prazo
9724,24343,3,2026-02-28,2026-02-28,0,No prazo
9725,24347,5,2026-04-21,2026-04-21,0,No prazo
9726,24350,5,2026-04-27,2026-04-27,0,No prazo
9727,24352,3,2026-05-23,2026-05-25,2,Atrasada
9728,24358,5,2026-03-16,2026-03-16,0,No prazo
9729,24359,3,2026-03-29,2026-03-29,0,No prazo
9730,24361,5,2026-06-08,2026-06-08,0,No prazo
9731,24363,2,2026-04-12,2026-04-14,2,Atrasada
9732,24366,3,2026-06-01,2026-06-01,0,No prazo
9733,24370,4,2026-04-21,2026-04-21,0,No prazo
9734,24372,1,2026-01-18,2026-01-18,0,No prazo
9735,24374,4,2026-04-06,2026-04-06,0,No prazo
9736,24376,1,2026-03-20,2026-03-20,0,No prazo
9737,24383,1,2026-03-18,2026-03-20,2,Atrasada
9738,24384,3,2026-04-27,2026-05-02,5,Atrasada
9739,24386,1,2026-06-09,2026-06-10,1,Atrasada
9740,24391,4,2026-04-25,2026-04-25,0,No prazo
9741,24393,5,2026-04-17,2026-04-17,0,No prazo
9742,24394,4,2026-01-05,2026-01-08,3,Atrasada
9743,24395,1,2026-06-09,2026-06-09,0,No prazo
9744,24398,4,2026-07-13,2026-07-13,0,No prazo
9745,24399,3,2026-05-25,2026-05-25,0,No prazo
9746,24401,4,2026-02-04,2026-02-04,0,No prazo
9747,24404,5,2026-07-25,2026-07-25,0,No prazo
9748,24406,2,2026-02-09,2026-02-09,0,No prazo
9749,24407,5,2026-05-31,2026-05-31,0,No prazo
9750,24408,2,2026-01-18,2026-01-21,3,Atrasada
9751,24410,1,2026-07-23,2026-07-23,0,No prazo
9752,24412,4,2026-07-20,2026-07-20,0,No prazo
9753,24418,5,2026-08-03,2026-08-03,0,No prazo
9754,24420,4,2026-06-19,2026-06-20,1,Atrasada
9755,24421,5,2026-04-10,2026-04-10,0,No prazo
9756,24426,3,2026-04-26,2026-04-26,0,No prazo
9757,24428,1,2026-07-02,2026-07-02,0,No prazo
9758,24429,4,2026-03-03,2026-03-06,3,Atrasada
9759,24430,1,2026-07-11,2026-07-14,3,Atrasada
9760,24431,1,2026-03-23,2026-03-23,0,No prazo
9761,24437,4,2026-04-16,2026-04-16,0,No prazo
9762,24441,5,2026-04-29,2026-04-30,1,Atrasada
9763,24442,2,2026-01-20,2026-01-20,0,No prazo
9764,24443,3,2026-07-13,2026-07-13,0,No prazo
9765,24444,1,2026-01-29,2026-01-30,1,Atrasada
9766,24445,3,2026-07-14,2026-07-14,0,No prazo
9767,24452,3,2026-07-21,2026-07-23,2,Atrasada
9768,24456,4,2026-01-03,2026-01-06,3,Atrasada
9769,24458,2,2026-03-11,2026-03-14,3,Atrasada
9770,24460,3,2026-06-19,2026-06-24,5,Atrasada
9771,24463,1,2026-05-18,2026-05-18,0,No prazo
9772,24464,1,2026-04-16,2026-04-17,1,Atrasada
9773,24465,2,2026-05-22,2026-05-22,0,No prazo
9774,24466,2,2026-04-13,2026-04-13,0,No prazo
9775,24467,1,2026-03-29,2026-03-29,0,No prazo
9776,24469,1,2026-03-30,2026-03-30,0,No prazo
9777,24470,3,2026-06-09,2026-06-09,0,No prazo
9778,24471,3,2026-07-14,2026-07-14,0,No prazo
9779,24473,3,2026-02-11,2026-02-11,0,No prazo
9780,24474,4,2026-04-25,2026-04-25,0,No prazo
9781,24475,5,2026-06-05,2026-06-05,0,No prazo
9782,24476,4,2026-02-08,2026-02-08,0,No prazo
9783,24483,3,2026-04-22,2026-04-22,0,No prazo
9784,24485,1,2026-07-25,2026-07-25,0,No prazo
9785,24487,1,2026-02-05,2026-02-05,0,No prazo
9786,24489,3,2026-03-22,2026-03-22,0,No prazo
9787,24492,3,2026-04-11,2026-04-11,0,No prazo
9788,24495,2,2026-06-02,2026-06-02,0,No prazo
9789,24498,2,2026-04-28,2026-04-29,1,Atrasada
9790,24500,4,2026-05-28,2026-05-28,0,No prazo
9791,24508,2,2026-03-03,2026-03-05,2,Atrasada
9792,24509,3,2026-05-17,2026-05-17,0,No prazo
9793,24514,1,2026-05-02,2026-05-02,0,No prazo
9794,24517,1,2026-01-28,2026-02-02,5,Atrasada
9795,24521,1,2026-03-26,2026-03-26,0,No prazo
9796,24522,2,2026-06-05,2026-06-04,0,No prazo
9797,24523,4,2026-01-21,2026-01-20,0,No prazo
9798,24524,4,2026-06-09,2026-06-10,1,Atrasada
9799,24525,1,2026-05-05,2026-05-05,0,No prazo
9800,24527,5,2026-07-18,2026-07-18,0,No prazo
9801,24528,2,2026-05-21,2026-05-22,1,Atrasada
9802,24529,3,2026-02-07,2026-02-06,0,No prazo
9803,24530,4,2026-05-27,2026-05-27,0,No prazo
9804,24533,1,2026-04-20,2026-04-20,0,No prazo
9805,24534,1,2026-08-09,2026-08-09,0,No prazo
9806,24535,4,2026-07-27,2026-07-27,0,No prazo
9807,24536,3,2026-01-10,2026-01-13,3,Atrasada
9808,24538,3,2026-02-16,2026-02-16,0,No prazo
9809,24544,4,2026-04-13,2026-04-12,0,No prazo
9810,24553,4,2026-08-08,2026-08-08,0,No prazo
9811,24554,1,2026-03-13,2026-03-13,0,No prazo
9812,24555,4,2026-01-06,2026-01-06,0,No prazo
9813,24556,3,2026-07-04,2026-07-07,3,Atrasada
9814,24557,5,2026-07-26,2026-07-26,0,No prazo
9815,24559,2,2026-05-23,2026-05-23,0,No prazo
9816,24561,5,2026-03-23,2026-03-23,0,No prazo
9817,24563,3,2026-07-10,2026-07-10,0,No prazo
9818,24568,5,2026-04-19,2026-04-20,1,Atrasada
9819,24569,1,2026-05-04,2026-05-04,0,No prazo
9820,24570,3,2026-06-01,2026-06-03,2,Atrasada
9821,24572,2,2026-03-23,2026-03-23,0,No prazo
9822,24576,4,2026-05-01,2026-05-01,0,No prazo
9823,24578,1,2026-04-16,2026-04-16,0,No prazo
9824,24580,5,2026-07-09,2026-07-09,0,No prazo
9825,24583,2,2026-03-28,2026-03-29,1,Atrasada
9826,24584,5,2026-04-04,2026-04-04,0,No prazo
9827,24589,1,2026-07-09,2026-07-09,0,No prazo
9828,24591,4,2026-08-10,2026-08-10,0,No prazo
9829,24594,1,2026-05-11,2026-05-11,0,No prazo
9830,24596,2,2026-02-04,2026-02-04,0,No prazo
9831,24603,4,2026-03-08,2026-03-09,1,Atrasada
9832,24604,5,2026-05-23,2026-05-23,0,No prazo
9833,24605,5,2026-03-21,2026-03-21,0,No prazo
9834,24607,4,2026-02-05,2026-02-05,0,No prazo
9835,24608,5,2026-03-11,2026-03-11,0,No prazo
9836,24610,2,2026-01-21,2026-01-21,0,No prazo
9837,24611,4,2026-03-02,2026-03-02,0,No prazo
9838,24617,4,2026-06-09,2026-06-09,0,No prazo
9839,24620,4,2026-05-20,2026-05-20,0,No prazo
9840,24621,2,2026-07-11,2026-07-11,0,No prazo
9841,24624,4,2026-07-31,2026-07-31,0,No prazo
9842,24628,5,2026-07-15,2026-07-15,0,No prazo
9843,24629,1,2026-05-11,2026-05-11,0,No prazo
9844,24630,1,2026-06-29,2026-06-29,0,No prazo
9845,24631,4,2026-04-30,2026-04-30,0,No prazo
9846,24635,3,2026-04-11,2026-04-11,0,No prazo
9847,24637,4,2026-05-27,2026-05-27,0,No prazo
9848,24638,4,2026-07-25,2026-07-25,0,No prazo
9849,24640,4,2026-02-24,2026-02-24,0,No prazo
9850,24641,5,2026-06-11,2026-06-11,0,No prazo
9851,24646,3,2026-04-15,2026-04-16,1,Atrasada
9852,24648,1,2026-05-20,2026-05-23,3,Atrasada
9853,24653,4,2026-04-16,2026-04-16,0,No prazo
9854,24654,4,2026-07-29,2026-07-29,0,No prazo
9855,24655,4,2026-01-05,2026-01-05,0,No prazo
9856,24656,2,2026-02-25,2026-02-25,0,No prazo
9857,24661,1,2026-02-17,2026-02-17,0,No prazo
9858,24662,3,2026-01-15,2026-01-15,0,No prazo
9859,24670,3,2026-08-07,2026-08-07,0,No prazo
9860,24672,4,2026-07-18,2026-07-18,0,No prazo
9861,24673,5,2026-03-23,2026-03-23,0,No prazo
9862,24679,2,2026-04-24,2026-04-24,0,No prazo
9863,24680,4,2026-02-23,2026-02-23,0,No prazo
9864,24681,1,2026-02-28,2026-02-28,0,No prazo
9865,24682,5,2026-07-18,2026-07-18,0,No prazo
9866,24683,2,2026-06-16,2026-06-16,0,No prazo
9867,24684,5,2026-02-15,2026-02-15,0,No prazo
9868,24686,1,2026-02-05,2026-02-05,0,No prazo
9869,24689,4,2026-05-25,2026-05-25,0,No prazo
9870,24690,3,2026-02-11,2026-02-11,0,No prazo
9871,24694,1,2026-01-20,2026-01-20,0,No prazo
9872,24695,4,2026-05-04,2026-05-04,0,No prazo
9873,24696,4,2026-07-13,2026-07-16,3,Atrasada
9874,24697,4,2026-03-10,2026-03-10,0,No prazo
9875,24699,1,2026-05-01,2026-05-04,3,Atrasada
9876,24700,4,2026-02-27,2026-02-27,0,No prazo
9877,24702,3,2026-06-24,2026-06-24,0,No prazo
9878,24703,1,2026-01-08,2026-01-08,0,No prazo
9879,24707,3,2026-08-08,2026-08-08,0,No prazo
9880,24710,4,2026-05-08,2026-05-09,1,Atrasada
9881,24713,4,2026-03-24,2026-03-25,1,Atrasada
9882,24714,2,2026-02-13,2026-02-13,0,No prazo
9883,24717,3,2026-06-14,2026-06-14,0,No prazo
9884,24718,4,2026-06-16,2026-06-18,2,Atrasada
9885,24720,4,2026-06-17,2026-06-17,0,No prazo
9886,24721,5,2026-05-14,2026-05-14,0,No prazo
9887,24722,4,2026-03-22,2026-03-22,0,No prazo
9888,24727,3,2026-02-12,2026-02-12,0,No prazo
9889,24728,3,2026-01-14,2026-01-14,0,No prazo
9890,24734,3,2026-02-22,2026-02-22,0,No prazo
9891,24742,5,2026-05-30,2026-06-01,2,Atrasada
9892,24748,3,2026-03-30,2026-03-30,0,No prazo
9893,24750,3,2026-07-27,2026-07-27,0,No prazo
9894,24751,3,2026-07-15,2026-07-18,3,Atrasada
9895,24753,1,2026-05-01,2026-05-01,0,No prazo
9896,24754,4,2026-04-29,2026-04-30,1,Atrasada
9897,24755,1,2026-08-02,2026-08-01,0,No prazo
9898,24756,4,2026-02-17,2026-02-17,0,No prazo
9899,24757,2,2026-08-01,2026-08-01,0,No prazo
9900,24759,1,2026-05-18,2026-05-18,0,No prazo
9901,24762,5,2026-06-03,2026-06-03,0,No prazo
9902,24764,4,2026-06-23,2026-06-23,0,No prazo
9903,24765,4,2026-06-11,2026-06-11,0,No prazo
9904,24766,4,2026-07-24,2026-07-24,0,No prazo
9905,24767,1,2026-07-29,2026-08-03,5,Atrasada
9906,24769,1,2026-01-12,2026-01-12,0,No prazo
9907,24773,5,2026-05-04,2026-05-03,0,No prazo
9908,24774,4,2026-07-22,2026-07-22,0,No prazo
9909,24775,1,2026-07-16,2026-07-16,0,No prazo
9910,24777,5,2026-07-15,2026-07-15,0,No prazo
9911,24778,4,2026-05-24,2026-05-24,0,No prazo
9912,24779,5,2026-05-10,2026-05-10,0,No prazo
9913,24781,5,2026-07-24,2026-07-29,5,Atrasada
9914,24782,5,2026-03-07,2026-03-08,1,Atrasada
9915,24784,5,2026-03-10,2026-03-10,0,No prazo
9916,24791,4,2026-06-21,2026-06-23,2,Atrasada
9917,24792,5,2026-01-09,2026-01-09,0,No prazo
9918,24793,2,2026-07-18,2026-07-18,0,No prazo
9919,24794,3,2026-05-26,2026-05-26,0,No prazo
9920,24795,5,2026-02-22,2026-02-22,0,No prazo
9921,24796,3,2026-07-17,2026-07-17,0,No prazo
9922,24798,4,2026-08-09,2026-08-09,0,No prazo
9923,24803,3,2026-01-14,2026-01-14,0,No prazo
9924,24804,3,2026-07-10,2026-07-11,1,Atrasada
9925,24809,4,2026-08-05,2026-08-10,5,Atrasada
9926,24812,1,2026-04-24,2026-04-25,1,Atrasada
9927,24816,1,2026-01-06,2026-01-05,0,No prazo
9928,24818,5,2026-05-01,2026-05-01,0,No prazo
9929,24819,1,2026-07-16,2026-07-16,0,No prazo
9930,24821,5,2026-06-24,2026-06-24,0,No prazo
9931,24825,1,2026-04-15,2026-04-16,1,Atrasada
9932,24826,4,2026-04-08,2026-04-08,0,No prazo
9933,24830,1,2026-04-18,2026-04-18,0,No prazo
9934,24834,4,2026-05-30,2026-05-29,0,No prazo
9935,24835,2,2026-04-16,2026-04-16,0,No prazo
9936,24836,4,2026-05-17,2026-05-17,0,No prazo
9937,24837,5,2026-04-30,2026-04-30,0,No prazo
9938,24839,4,2026-07-13,2026-07-16,3,Atrasada
9939,24841,4,2026-04-07,2026-04-07,0,No prazo
9940,24843,4,2026-04-11,2026-04-12,1,Atrasada
9941,24844,4,2026-07-05,2026-07-05,0,No prazo
9942,24845,4,2026-04-22,2026-04-22,0,No prazo
9943,24847,5,2026-04-05,2026-04-05,0,No prazo
9944,24848,4,2026-06-08,2026-06-08,0,No prazo
9945,24852,4,2026-07-13,2026-07-13,0,No prazo
9946,24853,3,2026-02-06,2026-02-06,0,No prazo
9947,24856,3,2026-04-02,2026-04-03,1,Atrasada
9948,24862,3,2026-06-28,2026-06-28,0,No prazo
9949,24864,4,2026-03-22,2026-03-22,0,No prazo
9950,24865,3,2026-07-11,2026-07-11,0,No prazo
9951,24866,3,2026-01-29,2026-01-30,1,Atrasada
9952,24867,3,2026-07-12,2026-07-12,0,No prazo
9953,24869,4,2026-05-22,2026-05-22,0,No prazo
9954,24872,1,2026-06-22,2026-06-21,0,No prazo
9955,24878,3,2026-02-25,2026-02-25,0,No prazo
9956,24879,5,2026-06-17,2026-06-17,0,No prazo
9957,24881,3,2026-02-07,2026-02-08,1,Atrasada
9958,24889,4,2026-05-11,2026-05-11,0,No prazo
9959,24890,5,2026-05-14,2026-05-14,0,No prazo
9960,24891,3,2026-03-25,2026-03-25,0,No prazo
9961,24893,1,2026-03-26,2026-03-26,0,No prazo
9962,24894,3,2026-05-26,2026-05-29,3,Atrasada
9963,24898,5,2026-08-03,2026-08-03,0,No prazo
9964,24902,1,2026-07-11,2026-07-12,1,Atrasada
9965,24903,3,2026-08-02,2026-08-02,0,No prazo
9966,24905,2,2026-07-02,2026-07-02,0,No prazo
9967,24907,3,2026-06-19,2026-06-19,0,No prazo
9968,24909,5,2026-06-08,2026-06-10,2,Atrasada
9969,24912,1,2026-05-27,2026-05-27,0,No prazo
9970,24916,4,2026-04-10,2026-04-12,2,Atrasada
9971,24919,4,2026-07-08,2026-07-08,0,No prazo
9972,24922,4,2026-01-03,2026-01-03,0,No prazo
9973,24923,5,2026-08-05,2026-08-04,0,No prazo
9974,24931,3,2026-01-29,2026-01-31,2,Atrasada
9975,24932,4,2026-07-25,2026-07-28,3,Atrasada
9976,24934,5,2026-04-14,2026-04-14,0,No prazo
9977,24936,4,2026-03-29,2026-03-29,0,No prazo
9978,24945,1,2026-02-05,2026-02-05,0,No prazo
9979,24948,2,2026-07-15,2026-07-16,1,Atrasada
9980,24952,4,2026-01-12,2026-01-12,0,No prazo
9981,24955,3,2026-08-03,2026-08-03,0,No prazo
9982,24957,5,2026-03-15,2026-03-15,0,No prazo
9983,24959,5,2026-02-27,2026-02-27,0,No prazo
9984,24961,5,2026-07-28,2026-08-02,5,Atrasada
9985,24962,3,2026-01-03,2026-01-04,1,Atrasada
9986,24964,3,2026-02-16,2026-02-16,0,No prazo
9987,24966,1,2026-02-27,2026-02-28,1,Atrasada
9988,24968,3,2026-06-05,2026-06-04,0,No prazo
9989,24969,5,2026-04-19,2026-04-19,0,No prazo
9990,24971,4,2026-04-19,2026-04-19,0,No prazo
9991,24972,4,2026-06-17,2026-06-17,0,No prazo
9992,24975,4,2026-02-05,2026-02-07,2,Atrasada
9993,24984,3,2026-05-04,2026-05-04,0,No prazo
9994,24985,3,2026-04-23,2026-04-25,2,Atrasada
9995,24986,3,2026-07-29,2026-07-29,0,No prazo
9996,24987,3,2026-06-03,2026-06-05,2,Atrasada
9997,24989,4,2026-03-06,2026-03-06,0,No prazo
9998,24993,5,2026-01-18,2026-01-18,0,No prazo
9999,24998,4,2026-05-26,2026-05-26,0,No prazo
10000,25000,5,2026-02-07,2026-02-07,0,No prazo
