cliente_id,codigo_cliente,razao_social,segmento,cidade,uf,data_cadastro,ativo
1,CLI000001,Cliente 0001,Restaurante,São Luís,MA,2023-07-09,True
2,CLI000002,Cliente 0002,Restaurante,Feira de Santana,BA,2021-08-01,True
3,CLI000003,Cliente 0003,Restaurante,Fortaleza,CE,2022-11-03,True
4,CLI000004,Cliente 0004,Mercadinho,Fortaleza,CE,2022-04-27,False
5,CLI000005,Cliente 0005,Supermercado,Caucaia,CE,2022-08-22,True
6,CLI000006,Cliente 0006,Bar,Recife,PE,2023-06-06,True
7,CLI000007,Cliente 0007,Supermercado,Maracanaú,CE,2023-02-19,False
8,CLI000008,Cliente 0008,Atacado,Olinda,PE,2024-07-23,True
9,CLI000009,Cliente 0009,Mercadinho,Recife,PE,2023-11-20,True
10,CLI000010,Cliente 0010,Restaurante,Fortaleza,CE,2025-07-22,True
11,CLI000011,Cliente 0011,Mercadinho,Salvador,BA,2024-08-04,True
12,CLI000012,Cliente 0012,Conveniência,Salvador,BA,2024-12-05,True
13,CLI000013,Cliente 0013,Atacado,Olinda,PE,2025-08-15,True
14,CLI000014,Cliente 0014,Restaurante,Olinda,PE,2022-02-09,True
15,CLI000015,Cliente 0015,Bar,Recife,PE,2025-10-22,True
16,CLI000016,Cliente 0016,Bar,Fortaleza,CE,2023-03-16,True
17,CLI000017,Cliente 0017,Restaurante,Olinda,PE,2023-10-23,True
18,CLI000018,Cliente 0018,Atacado,Fortaleza,CE,2022-02-08,True
19,CLI000019,Cliente 0019,Atacado,São Luís,MA,2022-12-16,True
20,CLI000020,Cliente 0020,Bar,São Luís,MA,2021-02-10,True
21,CLI000021,Cliente 0021,Restaurante,Recife,PE,2025-06-16,True
22,CLI000022,Cliente 0022,Bar,Salvador,BA,2025-06-12,True
23,CLI000023,Cliente 0023,Restaurante,Olinda,PE,2023-04-04,True
24,CLI000024,Cliente 0024,Mercadinho,Salvador,BA,2025-12-06,True
25,CLI000025,Cliente 0025,Restaurante,São Luís,MA,2025-09-20,True
26,CLI000026,Cliente 0026,Supermercado,Maracanaú,CE,2023-04-12,True
27,CLI000027,Cliente 0027,Conveniência,Fortaleza,CE,2025-03-09,True
28,CLI000028,Cliente 0028,Atacado,Fortaleza,CE,2023-12-05,True
29,CLI000029,Cliente 0029,Mercadinho,São Luís,MA,2021-10-10,True
30,CLI000030,Cliente 0030,Restaurante,São Luís,MA,2022-01-09,True
31,CLI000031,Cliente 0031,Mercadinho,São Luís,MA,2021-07-16,True
32,CLI000032,Cliente 0032,Supermercado,Fortaleza,CE,2022-10-10,True
33,CLI000033,Cliente 0033,Mercadinho,Recife,PE,2025-07-20,True
34,CLI000034,Cliente 0034,Atacado,Recife,PE,2024-08-15,True
35,CLI000035,Cliente 0035,Restaurante,Feira de Santana,BA,2025-10-02,True
36,CLI000036,Cliente 0036,Supermercado,Maracanaú,CE,2022-05-22,True
37,CLI000037,Cliente 0037,Supermercado,Recife,PE,2025-02-06,False
38,CLI000038,Cliente 0038,Conveniência,São Luís,MA,2025-08-10,True
39,CLI000039,Cliente 0039,Conveniência,Olinda,PE,2023-12-28,True
40,CLI000040,Cliente 0040,Restaurante,Recife,PE,2025-11-26,True
41,CLI000041,Cliente 0041,Mercadinho,Feira de Santana,BA,2025-04-21,True
42,CLI000042,Cliente 0042,Supermercado,Olinda,PE,2021-01-06,True
43,CLI000043,Cliente 0043,Bar,Olinda,PE,2021-08-23,True
44,CLI000044,Cliente 0044,Restaurante,Feira de Santana,BA,2025-09-16,True
45,CLI000045,Cliente 0045,Bar,Fortaleza,CE,2023-10-09,False
46,CLI000046,Cliente 0046,Conveniência,Recife,PE,2025-10-01,True
47,CLI000047,Cliente 0047,Atacado,Olinda,PE,2021-03-16,True
48,CLI000048,Cliente 0048,Restaurante,São Luís,MA,2022-10-14,True
49,CLI000049,Cliente 0049,Mercadinho,São Luís,MA,2024-06-14,True
50,CLI000050,Cliente 0050,Supermercado,Maracanaú,CE,2023-07-23,True
51,CLI000051,Cliente 0051,Atacado,Feira de Santana,BA,2021-08-03,True
52,CLI000052,Cliente 0052,Mercadinho,Salvador,BA,2024-09-27,True
53,CLI000053,Cliente 0053,Bar,São Luís,MA,2021-04-17,True
54,CLI000054,Cliente 0054,Conveniência,São Luís,MA,2024-01-07,True
55,CLI000055,Cliente 0055,Restaurante,Caucaia,CE,2024-12-16,True
56,CLI000056,Cliente 0056,Conveniência,Recife,PE,2022-05-18,False
57,CLI000057,Cliente 0057,Mercadinho,Feira de Santana,BA,2022-02-15,True
58,CLI000058,Cliente 0058,Bar,Caucaia,CE,2023-09-23,True
59,CLI000059,Cliente 0059,Bar,São Luís,MA,2022-08-18,True
60,CLI000060,Cliente 0060,Atacado,Recife,PE,2025-12-05,True
61,CLI000061,Cliente 0061,Bar,Olinda,PE,2023-09-09,True
62,CLI000062,Cliente 0062,Conveniência,Olinda,PE,2023-10-19,True
63,CLI000063,Cliente 0063,Supermercado,São Luís,MA,2024-09-16,True
64,CLI000064,Cliente 0064,Bar,Feira de Santana,BA,2023-04-23,True
65,CLI000065,Cliente 0065,Supermercado,Feira de Santana,BA,2024-01-11,True
66,CLI000066,Cliente 0066,Bar,Feira de Santana,BA,2022-08-02,True
67,CLI000067,Cliente 0067,Mercadinho,Salvador,BA,2024-02-17,True
68,CLI000068,Cliente 0068,Conveniência,Fortaleza,CE,2022-07-28,True
69,CLI000069,Cliente 0069,Mercadinho,Caucaia,CE,2024-05-11,True
70,CLI000070,Cliente 0070,Conveniência,Feira de Santana,BA,2021-06-28,True
71,CLI000071,Cliente 0071,Restaurante,Feira de Santana,BA,2024-09-02,True
72,CLI000072,Cliente 0072,Conveniência,Recife,PE,2023-04-24,True
73,CLI000073,Cliente 0073,Conveniência,Maracanaú,CE,2021-08-06,True
74,CLI000074,Cliente 0074,Mercadinho,Fortaleza,CE,2023-01-10,True
75,CLI000075,Cliente 0075,Supermercado,Feira de Santana,BA,2022-09-14,True
76,CLI000076,Cliente 0076,Supermercado,Caucaia,CE,2022-02-20,True
77,CLI000077,Cliente 0077,Bar,Recife,PE,2025-03-08,True
78,CLI000078,Cliente 0078,Bar,Olinda,PE,2023-11-01,True
79,CLI000079,Cliente 0079,Restaurante,São Luís,MA,2025-03-03,True
80,CLI000080,Cliente 0080,Atacado,Salvador,BA,2023-11-14,True
81,CLI000081,Cliente 0081,Restaurante,São Luís,MA,2022-07-28,True
82,CLI000082,Cliente 0082,Bar,Recife,PE,2025-06-19,True
83,CLI000083,Cliente 0083,Mercadinho,Olinda,PE,2024-05-01,True
84,CLI000084,Cliente 0084,Atacado,Fortaleza,CE,2024-05-25,True
85,CLI000085,Cliente 0085,Supermercado,Salvador,BA,2022-10-09,True
86,CLI000086,Cliente 0086,Conveniência,Caucaia,CE,2021-11-21,True
87,CLI000087,Cliente 0087,Mercadinho,São Luís,MA,2025-06-24,True
88,CLI000088,Cliente 0088,Restaurante,Olinda,PE,2024-03-07,True
89,CLI000089,Cliente 0089,Atacado,Salvador,BA,2025-05-27,True
90,CLI000090,Cliente 0090,Restaurante,São Luís,MA,2023-02-15,True
91,CLI000091,Cliente 0091,Supermercado,Caucaia,CE,2024-09-12,True
92,CLI000092,Cliente 0092,Mercadinho,Feira de Santana,BA,2023-09-04,True
93,CLI000093,Cliente 0093,Atacado,Olinda,PE,2024-11-12,True
94,CLI000094,Cliente 0094,Bar,Recife,PE,2021-10-18,True
95,CLI000095,Cliente 0095,Conveniência,Recife,PE,2021-11-27,True
96,CLI000096,Cliente 0096,Conveniência,Olinda,PE,2024-02-05,True
97,CLI000097,Cliente 0097,Restaurante,Fortaleza,CE,2024-02-04,True
98,CLI000098,Cliente 0098,Bar,Caucaia,CE,2024-06-22,True
99,CLI000099,Cliente 0099,Atacado,Feira de Santana,BA,2022-07-21,True
100,CLI000100,Cliente 0100,Atacado,São Luís,MA,2024-05-02,True
101,CLI000101,Cliente 0101,Bar,Recife,PE,2024-04-28,True
102,CLI000102,Cliente 0102,Atacado,Salvador,BA,2023-01-13,True
103,CLI000103,Cliente 0103,Bar,Maracanaú,CE,2021-11-07,True
104,CLI000104,Cliente 0104,Mercadinho,Fortaleza,CE,2023-04-05,True
105,CLI000105,Cliente 0105,Mercadinho,Recife,PE,2025-04-19,True
106,CLI000106,Cliente 0106,Restaurante,Recife,PE,2022-10-01,True
107,CLI000107,Cliente 0107,Supermercado,Caucaia,CE,2025-05-26,True
108,CLI000108,Cliente 0108,Supermercado,Fortaleza,CE,2021-06-26,True
109,CLI000109,Cliente 0109,Mercadinho,Salvador,BA,2022-05-02,True
110,CLI000110,Cliente 0110,Atacado,Feira de Santana,BA,2021-12-03,True
111,CLI000111,Cliente 0111,Atacado,Salvador,BA,2025-02-15,True
112,CLI000112,Cliente 0112,Conveniência,Fortaleza,CE,2025-05-15,True
113,CLI000113,Cliente 0113,Mercadinho,Fortaleza,CE,2024-07-14,True
114,CLI000114,Cliente 0114,Conveniência,São Luís,MA,2024-02-03,True
115,CLI000115,Cliente 0115,Mercadinho,Caucaia,CE,2022-05-20,True
116,CLI000116,Cliente 0116,Bar,Salvador,BA,2025-09-10,True
117,CLI000117,Cliente 0117,Mercadinho,Feira de Santana,BA,2021-11-21,True
118,CLI000118,Cliente 0118,Bar,Recife,PE,2024-04-14,True
119,CLI000119,Cliente 0119,Bar,São Luís,MA,2024-12-04,True
120,CLI000120,Cliente 0120,Conveniência,Salvador,BA,2023-06-05,True
121,CLI000121,Cliente 0121,Mercadinho,São Luís,MA,2021-02-03,True
122,CLI000122,Cliente 0122,Supermercado,Salvador,BA,2025-01-19,True
123,CLI000123,Cliente 0123,Conveniência,Salvador,BA,2021-07-12,True
124,CLI000124,Cliente 0124,Conveniência,Feira de Santana,BA,2021-05-20,True
125,CLI000125,Cliente 0125,Atacado,Maracanaú,CE,2025-04-05,True
126,CLI000126,Cliente 0126,Mercadinho,Recife,PE,2023-09-12,True
127,CLI000127,Cliente 0127,Atacado,Olinda,PE,2022-07-28,True
128,CLI000128,Cliente 0128,Atacado,Fortaleza,CE,2023-01-06,True
129,CLI000129,Cliente 0129,Restaurante,Olinda,PE,2023-01-06,True
130,CLI000130,Cliente 0130,Mercadinho,Feira de Santana,BA,2022-12-21,True
131,CLI000131,Cliente 0131,Conveniência,Maracanaú,CE,2025-04-13,True
132,CLI000132,Cliente 0132,Supermercado,Salvador,BA,2023-05-24,True
133,CLI000133,Cliente 0133,Mercadinho,Maracanaú,CE,2022-03-25,True
134,CLI000134,Cliente 0134,Restaurante,Maracanaú,CE,2024-11-14,True
135,CLI000135,Cliente 0135,Bar,São Luís,MA,2023-04-25,True
136,CLI000136,Cliente 0136,Bar,Salvador,BA,2021-05-22,True
137,CLI000137,Cliente 0137,Atacado,São Luís,MA,2023-01-08,True
138,CLI000138,Cliente 0138,Mercadinho,Fortaleza,CE,2022-05-07,True
139,CLI000139,Cliente 0139,Restaurante,Olinda,PE,2023-02-01,True
140,CLI000140,Cliente 0140,Supermercado,Feira de Santana,BA,2022-07-18,True
141,CLI000141,Cliente 0141,Mercadinho,Salvador,BA,2024-12-02,True
142,CLI000142,Cliente 0142,Mercadinho,São Luís,MA,2023-10-14,True
143,CLI000143,Cliente 0143,Restaurante,Feira de Santana,BA,2021-07-01,True
144,CLI000144,Cliente 0144,Atacado,Caucaia,CE,2024-12-12,True
145,CLI000145,Cliente 0145,Supermercado,Maracanaú,CE,2024-10-13,True
146,CLI000146,Cliente 0146,Restaurante,Feira de Santana,BA,2023-04-11,True
147,CLI000147,Cliente 0147,Atacado,Maracanaú,CE,2021-09-17,True
148,CLI000148,Cliente 0148,Restaurante,Salvador,BA,2022-04-04,True
149,CLI000149,Cliente 0149,Supermercado,Recife,PE,2025-03-25,True
150,CLI000150,Cliente 0150,Supermercado,Maracanaú,CE,2024-08-25,True
151,CLI000151,Cliente 0151,Conveniência,São Luís,MA,2025-11-21,True
152,CLI000152,Cliente 0152,Conveniência,Salvador,BA,2023-03-15,True
153,CLI000153,Cliente 0153,Conveniência,São Luís,MA,2023-05-19,True
154,CLI000154,Cliente 0154,Restaurante,Maracanaú,CE,2024-08-02,True
155,CLI000155,Cliente 0155,Mercadinho,Olinda,PE,2021-10-20,True
156,CLI000156,Cliente 0156,Atacado,São Luís,MA,2025-12-02,True
157,CLI000157,Cliente 0157,Restaurante,Recife,PE,2025-08-17,True
158,CLI000158,Cliente 0158,Bar,Fortaleza,CE,2021-06-23,True
159,CLI000159,Cliente 0159,Mercadinho,Caucaia,CE,2022-12-15,True
160,CLI000160,Cliente 0160,Restaurante,Caucaia,CE,2023-05-13,True
161,CLI000161,Cliente 0161,Conveniência,Salvador,BA,2025-01-26,True
162,CLI000162,Cliente 0162,Mercadinho,Salvador,BA,2023-02-18,True
163,CLI000163,Cliente 0163,Restaurante,Olinda,PE,2025-03-11,True
164,CLI000164,Cliente 0164,Restaurante,Caucaia,CE,2023-11-23,True
165,CLI000165,Cliente 0165,Atacado,Caucaia,CE,2021-05-18,True
166,CLI000166,Cliente 0166,Supermercado,Salvador,BA,2025-02-21,True
167,CLI000167,Cliente 0167,Mercadinho,Salvador,BA,2023-05-06,True
168,CLI000168,Cliente 0168,Bar,Salvador,BA,2022-04-05,True
169,CLI000169,Cliente 0169,Mercadinho,Olinda,PE,2025-09-27,True
170,CLI000170,Cliente 0170,Conveniência,Fortaleza,CE,2023-10-05,True
171,CLI000171,Cliente 0171,Supermercado,Caucaia,CE,2022-12-25,True
172,CLI000172,Cliente 0172,Conveniência,Caucaia,CE,2024-01-14,True
173,CLI000173,Cliente 0173,Bar,Recife,PE,2025-05-25,True
174,CLI000174,Cliente 0174,Supermercado,São Luís,MA,2025-04-10,True
175,CLI000175,Cliente 0175,Supermercado,São Luís,MA,2023-11-19,True
176,CLI000176,Cliente 0176,Restaurante,São Luís,MA,2024-09-17,True
177,CLI000177,Cliente 0177,Supermercado,Caucaia,CE,2025-03-28,True
178,CLI000178,Cliente 0178,Restaurante,São Luís,MA,2025-02-23,True
179,CLI000179,Cliente 0179,Restaurante,Maracanaú,CE,2021-03-09,True
180,CLI000180,Cliente 0180,Bar,Caucaia,CE,2021-04-27,True
181,CLI000181,Cliente 0181,Mercadinho,Salvador,BA,2024-01-13,True
182,CLI000182,Cliente 0182,Bar,Recife,PE,2021-06-08,False
183,CLI000183,Cliente 0183,Conveniência,Maracanaú,CE,2023-03-05,True
184,CLI000184,Cliente 0184,Conveniência,São Luís,MA,2022-12-16,True
185,CLI000185,Cliente 0185,Mercadinho,Fortaleza,CE,2021-05-07,True
186,CLI000186,Cliente 0186,Mercadinho,Feira de Santana,BA,2023-04-10,True
187,CLI000187,Cliente 0187,Bar,Recife,PE,2025-08-03,True
188,CLI000188,Cliente 0188,Atacado,São Luís,MA,2025-01-21,True
189,CLI000189,Cliente 0189,Conveniência,Recife,PE,2022-05-14,False
190,CLI000190,Cliente 0190,Supermercado,Salvador,BA,2025-07-06,True
191,CLI000191,Cliente 0191,Atacado,Maracanaú,CE,2023-02-17,True
192,CLI000192,Cliente 0192,Bar,Fortaleza,CE,2024-01-21,True
193,CLI000193,Cliente 0193,Restaurante,Salvador,BA,2021-06-26,True
194,CLI000194,Cliente 0194,Conveniência,Recife,PE,2021-10-24,True
195,CLI000195,Cliente 0195,Mercadinho,Caucaia,CE,2023-09-11,True
196,CLI000196,Cliente 0196,Conveniência,Caucaia,CE,2024-12-16,True
197,CLI000197,Cliente 0197,Mercadinho,Caucaia,CE,2024-01-10,True
198,CLI000198,Cliente 0198,Mercadinho,Recife,PE,2023-05-17,True
199,CLI000199,Cliente 0199,Restaurante,São Luís,MA,2021-11-07,True
200,CLI000200,Cliente 0200,Conveniência,Fortaleza,CE,2023-05-04,True
201,CLI000201,Cliente 0201,Bar,Feira de Santana,BA,2024-07-11,True
202,CLI000202,Cliente 0202,Conveniência,São Luís,MA,2024-06-26,True
203,CLI000203,Cliente 0203,Conveniência,Maracanaú,CE,2024-02-14,True
204,CLI000204,Cliente 0204,Atacado,Caucaia,CE,2023-06-04,True
205,CLI000205,Cliente 0205,Restaurante,Olinda,PE,2024-10-23,True
206,CLI000206,Cliente 0206,Restaurante,São Luís,MA,2024-01-24,True
207,CLI000207,Cliente 0207,Atacado,Salvador,BA,2024-05-21,True
208,CLI000208,Cliente 0208,Mercadinho,Fortaleza,CE,2024-06-17,True
209,CLI000209,Cliente 0209,Mercadinho,Caucaia,CE,2022-10-22,True
210,CLI000210,Cliente 0210,Supermercado,Fortaleza,CE,2021-04-25,True
211,CLI000211,Cliente 0211,Bar,Salvador,BA,2025-01-20,True
212,CLI000212,Cliente 0212,Restaurante,São Luís,MA,2023-08-25,True
213,CLI000213,Cliente 0213,Atacado,Caucaia,CE,2023-07-11,True
214,CLI000214,Cliente 0214,Mercadinho,Recife,PE,2021-12-06,True
215,CLI000215,Cliente 0215,Atacado,Feira de Santana,BA,2021-05-25,True
216,CLI000216,Cliente 0216,Supermercado,São Luís,MA,2025-05-23,True
217,CLI000217,Cliente 0217,Supermercado,São Luís,MA,2021-03-28,True
218,CLI000218,Cliente 0218,Conveniência,Caucaia,CE,2024-02-26,True
219,CLI000219,Cliente 0219,Conveniência,Salvador,BA,2023-12-03,True
220,CLI000220,Cliente 0220,Restaurante,Olinda,PE,2022-12-23,True
221,CLI000221,Cliente 0221,Restaurante,Caucaia,CE,2025-04-04,True
222,CLI000222,Cliente 0222,Supermercado,Caucaia,CE,2024-01-12,True
223,CLI000223,Cliente 0223,Bar,Salvador,BA,2025-03-20,True
224,CLI000224,Cliente 0224,Restaurante,Maracanaú,CE,2024-12-24,True
225,CLI000225,Cliente 0225,Bar,Feira de Santana,BA,2025-02-05,True
226,CLI000226,Cliente 0226,Bar,Maracanaú,CE,2024-11-17,True
227,CLI000227,Cliente 0227,Supermercado,Caucaia,CE,2024-09-28,True
228,CLI000228,Cliente 0228,Atacado,Maracanaú,CE,2022-05-06,True
229,CLI000229,Cliente 0229,Restaurante,Recife,PE,2025-05-28,True
230,CLI000230,Cliente 0230,Conveniência,Recife,PE,2025-05-05,True
231,CLI000231,Cliente 0231,Atacado,Maracanaú,CE,2022-10-19,True
232,CLI000232,Cliente 0232,Atacado,Salvador,BA,2021-01-03,True
233,CLI000233,Cliente 0233,Conveniência,Olinda,PE,2022-10-14,True
234,CLI000234,Cliente 0234,Bar,Fortaleza,CE,2025-05-21,True
235,CLI000235,Cliente 0235,Supermercado,São Luís,MA,2024-05-15,True
236,CLI000236,Cliente 0236,Supermercado,Fortaleza,CE,2024-07-16,True
237,CLI000237,Cliente 0237,Atacado,Salvador,BA,2022-06-28,True
238,CLI000238,Cliente 0238,Bar,Salvador,BA,2022-06-17,True
239,CLI000239,Cliente 0239,Supermercado,Salvador,BA,2024-02-09,True
240,CLI000240,Cliente 0240,Mercadinho,Caucaia,CE,2021-05-13,True
241,CLI000241,Cliente 0241,Supermercado,Feira de Santana,BA,2022-06-19,True
242,CLI000242,Cliente 0242,Supermercado,Recife,PE,2024-09-15,True
243,CLI000243,Cliente 0243,Bar,Olinda,PE,2021-02-13,True
244,CLI000244,Cliente 0244,Supermercado,Recife,PE,2025-06-02,True
245,CLI000245,Cliente 0245,Atacado,São Luís,MA,2024-05-18,False
246,CLI000246,Cliente 0246,Bar,Maracanaú,CE,2022-05-24,True
247,CLI000247,Cliente 0247,Restaurante,Feira de Santana,BA,2021-07-02,True
248,CLI000248,Cliente 0248,Restaurante,Recife,PE,2025-05-03,True
249,CLI000249,Cliente 0249,Atacado,São Luís,MA,2023-10-22,True
250,CLI000250,Cliente 0250,Mercadinho,Caucaia,CE,2024-06-26,True
251,CLI000251,Cliente 0251,Supermercado,Salvador,BA,2022-10-17,True
252,CLI000252,Cliente 0252,Mercadinho,Fortaleza,CE,2021-03-23,True
253,CLI000253,Cliente 0253,Atacado,São Luís,MA,2024-03-20,True
254,CLI000254,Cliente 0254,Restaurante,Caucaia,CE,2025-06-06,True
255,CLI000255,Cliente 0255,Atacado,Olinda,PE,2023-09-27,True
256,CLI000256,Cliente 0256,Conveniência,São Luís,MA,2025-05-16,True
257,CLI000257,Cliente 0257,Restaurante,Salvador,BA,2021-07-19,True
258,CLI000258,Cliente 0258,Atacado,Fortaleza,CE,2024-05-21,True
259,CLI000259,Cliente 0259,Conveniência,Recife,PE,2021-10-16,True
260,CLI000260,Cliente 0260,Supermercado,Feira de Santana,BA,2022-01-19,True
261,CLI000261,Cliente 0261,Supermercado,Maracanaú,CE,2021-08-11,True
262,CLI000262,Cliente 0262,Conveniência,Feira de Santana,BA,2022-07-17,True
263,CLI000263,Cliente 0263,Conveniência,São Luís,MA,2021-12-05,True
264,CLI000264,Cliente 0264,Conveniência,Salvador,BA,2024-09-13,True
265,CLI000265,Cliente 0265,Bar,Caucaia,CE,2025-06-18,True
266,CLI000266,Cliente 0266,Atacado,Olinda,PE,2024-04-08,True
267,CLI000267,Cliente 0267,Supermercado,Olinda,PE,2023-05-23,True
268,CLI000268,Cliente 0268,Restaurante,São Luís,MA,2024-06-18,True
269,CLI000269,Cliente 0269,Restaurante,Olinda,PE,2021-10-22,True
270,CLI000270,Cliente 0270,Restaurante,Feira de Santana,BA,2022-05-02,True
271,CLI000271,Cliente 0271,Restaurante,Maracanaú,CE,2024-11-09,True
272,CLI000272,Cliente 0272,Supermercado,Recife,PE,2025-05-18,True
273,CLI000273,Cliente 0273,Mercadinho,Caucaia,CE,2025-12-19,True
274,CLI000274,Cliente 0274,Conveniência,Fortaleza,CE,2025-04-21,True
275,CLI000275,Cliente 0275,Bar,Maracanaú,CE,2023-12-16,True
276,CLI000276,Cliente 0276,Mercadinho,Caucaia,CE,2025-03-14,True
277,CLI000277,Cliente 0277,Bar,São Luís,MA,2022-05-11,True
278,CLI000278,Cliente 0278,Mercadinho,Fortaleza,CE,2025-04-18,True
279,CLI000279,Cliente 0279,Supermercado,Fortaleza,CE,2024-03-02,True
280,CLI000280,Cliente 0280,Bar,Feira de Santana,BA,2022-12-28,True
281,CLI000281,Cliente 0281,Mercadinho,Fortaleza,CE,2023-10-20,True
282,CLI000282,Cliente 0282,Restaurante,Salvador,BA,2024-11-18,True
283,CLI000283,Cliente 0283,Atacado,Caucaia,CE,2024-05-07,True
284,CLI000284,Cliente 0284,Supermercado,Salvador,BA,2024-11-09,True
285,CLI000285,Cliente 0285,Conveniência,Fortaleza,CE,2023-05-19,True
286,CLI000286,Cliente 0286,Supermercado,Recife,PE,2025-11-13,True
287,CLI000287,Cliente 0287,Mercadinho,Salvador,BA,2024-11-04,True
288,CLI000288,Cliente 0288,Bar,Caucaia,CE,2023-04-01,True
289,CLI000289,Cliente 0289,Bar,Recife,PE,2023-06-10,True
290,CLI000290,Cliente 0290,Restaurante,Fortaleza,CE,2023-12-08,True
291,CLI000291,Cliente 0291,Bar,Maracanaú,CE,2023-03-13,True
292,CLI000292,Cliente 0292,Conveniência,Olinda,PE,2021-11-10,True
293,CLI000293,Cliente 0293,Supermercado,Recife,PE,2022-08-05,True
294,CLI000294,Cliente 0294,Bar,Salvador,BA,2025-08-25,True
295,CLI000295,Cliente 0295,Supermercado,Recife,PE,2025-02-17,True
296,CLI000296,Cliente 0296,Mercadinho,Salvador,BA,2025-02-02,True
297,CLI000297,Cliente 0297,Atacado,Recife,PE,2025-03-06,True
298,CLI000298,Cliente 0298,Mercadinho,São Luís,MA,2022-12-19,True
299,CLI000299,Cliente 0299,Mercadinho,São Luís,MA,2024-03-17,True
300,CLI000300,Cliente 0300,Atacado,Fortaleza,CE,2024-11-26,True
301,CLI000301,Cliente 0301,Bar,Fortaleza,CE,2023-01-24,True
302,CLI000302,Cliente 0302,Mercadinho,Maracanaú,CE,2024-06-23,True
303,CLI000303,Cliente 0303,Mercadinho,Fortaleza,CE,2024-01-10,True
304,CLI000304,Cliente 0304,Conveniência,Caucaia,CE,2024-06-13,True
305,CLI000305,Cliente 0305,Bar,Feira de Santana,BA,2021-11-22,True
306,CLI000306,Cliente 0306,Conveniência,Caucaia,CE,2023-02-06,True
307,CLI000307,Cliente 0307,Atacado,Feira de Santana,BA,2022-12-08,True
308,CLI000308,Cliente 0308,Restaurante,Fortaleza,CE,2024-11-24,True
309,CLI000309,Cliente 0309,Supermercado,Feira de Santana,BA,2022-08-12,True
310,CLI000310,Cliente 0310,Conveniência,Recife,PE,2021-01-26,True
311,CLI000311,Cliente 0311,Supermercado,Fortaleza,CE,2022-02-04,True
312,CLI000312,Cliente 0312,Atacado,São Luís,MA,2021-04-24,True
313,CLI000313,Cliente 0313,Supermercado,São Luís,MA,2025-04-25,True
314,CLI000314,Cliente 0314,Supermercado,Fortaleza,CE,2025-05-08,True
315,CLI000315,Cliente 0315,Atacado,Salvador,BA,2025-11-27,True
316,CLI000316,Cliente 0316,Supermercado,Olinda,PE,2025-04-14,True
317,CLI000317,Cliente 0317,Atacado,Fortaleza,CE,2025-12-06,True
318,CLI000318,Cliente 0318,Atacado,Feira de Santana,BA,2024-01-12,True
319,CLI000319,Cliente 0319,Atacado,Feira de Santana,BA,2023-12-14,True
320,CLI000320,Cliente 0320,Bar,Olinda,PE,2022-09-16,True
321,CLI000321,Cliente 0321,Restaurante,Recife,PE,2022-08-02,True
322,CLI000322,Cliente 0322,Atacado,Feira de Santana,BA,2025-03-13,True
323,CLI000323,Cliente 0323,Restaurante,Recife,PE,2021-08-28,True
324,CLI000324,Cliente 0324,Mercadinho,Recife,PE,2023-07-22,True
325,CLI000325,Cliente 0325,Mercadinho,Fortaleza,CE,2022-10-24,True
326,CLI000326,Cliente 0326,Bar,Recife,PE,2022-06-10,True
327,CLI000327,Cliente 0327,Supermercado,Fortaleza,CE,2022-12-04,True
328,CLI000328,Cliente 0328,Supermercado,São Luís,MA,2025-12-07,True
329,CLI000329,Cliente 0329,Atacado,Recife,PE,2023-05-13,True
330,CLI000330,Cliente 0330,Restaurante,Salvador,BA,2023-06-17,True
331,CLI000331,Cliente 0331,Mercadinho,São Luís,MA,2024-06-07,True
332,CLI000332,Cliente 0332,Mercadinho,Feira de Santana,BA,2025-04-24,True
333,CLI000333,Cliente 0333,Atacado,Olinda,PE,2025-10-24,True
334,CLI000334,Cliente 0334,Supermercado,Caucaia,CE,2023-04-13,True
335,CLI000335,Cliente 0335,Bar,Recife,PE,2025-11-22,True
336,CLI000336,Cliente 0336,Conveniência,São Luís,MA,2024-08-06,True
337,CLI000337,Cliente 0337,Supermercado,Salvador,BA,2022-12-18,True
338,CLI000338,Cliente 0338,Atacado,Fortaleza,CE,2021-02-27,True
339,CLI000339,Cliente 0339,Bar,Fortaleza,CE,2022-11-08,True
340,CLI000340,Cliente 0340,Mercadinho,Caucaia,CE,2022-09-15,True
341,CLI000341,Cliente 0341,Conveniência,São Luís,MA,2024-01-01,True
342,CLI000342,Cliente 0342,Mercadinho,Feira de Santana,BA,2021-09-24,True
343,CLI000343,Cliente 0343,Mercadinho,Olinda,PE,2025-12-22,True
344,CLI000344,Cliente 0344,Mercadinho,Caucaia,CE,2021-09-05,True
345,CLI000345,Cliente 0345,Restaurante,Olinda,PE,2023-07-03,True
346,CLI000346,Cliente 0346,Bar,Feira de Santana,BA,2025-04-23,True
347,CLI000347,Cliente 0347,Conveniência,Maracanaú,CE,2021-02-13,True
348,CLI000348,Cliente 0348,Mercadinho,São Luís,MA,2021-12-06,True
349,CLI000349,Cliente 0349,Conveniência,Feira de Santana,BA,2023-10-28,True
350,CLI000350,Cliente 0350,Supermercado,Fortaleza,CE,2022-12-19,True
351,CLI000351,Cliente 0351,Mercadinho,Fortaleza,CE,2023-09-19,True
352,CLI000352,Cliente 0352,Restaurante,Caucaia,CE,2021-04-19,True
353,CLI000353,Cliente 0353,Mercadinho,Feira de Santana,BA,2023-03-19,True
354,CLI000354,Cliente 0354,Conveniência,Feira de Santana,BA,2025-06-13,True
355,CLI000355,Cliente 0355,Conveniência,Caucaia,CE,2021-09-24,True
356,CLI000356,Cliente 0356,Mercadinho,Fortaleza,CE,2024-04-27,True
357,CLI000357,Cliente 0357,Restaurante,Feira de Santana,BA,2021-11-09,True
358,CLI000358,Cliente 0358,Bar,São Luís,MA,2022-06-18,True
359,CLI000359,Cliente 0359,Supermercado,Feira de Santana,BA,2025-11-13,True
360,CLI000360,Cliente 0360,Supermercado,Olinda,PE,2021-02-09,True
361,CLI000361,Cliente 0361,Conveniência,Caucaia,CE,2024-06-12,True
362,CLI000362,Cliente 0362,Restaurante,Fortaleza,CE,2024-06-25,True
363,CLI000363,Cliente 0363,Mercadinho,Caucaia,CE,2022-07-15,True
364,CLI000364,Cliente 0364,Mercadinho,Feira de Santana,BA,2021-02-12,True
365,CLI000365,Cliente 0365,Bar,Salvador,BA,2021-05-14,True
366,CLI000366,Cliente 0366,Conveniência,Maracanaú,CE,2025-04-19,True
367,CLI000367,Cliente 0367,Supermercado,Feira de Santana,BA,2022-05-10,True
368,CLI000368,Cliente 0368,Mercadinho,Caucaia,CE,2022-07-09,True
369,CLI000369,Cliente 0369,Mercadinho,São Luís,MA,2023-05-08,True
370,CLI000370,Cliente 0370,Atacado,São Luís,MA,2025-04-15,True
371,CLI000371,Cliente 0371,Mercadinho,Olinda,PE,2024-06-27,True
372,CLI000372,Cliente 0372,Bar,Salvador,BA,2023-07-27,True
373,CLI000373,Cliente 0373,Restaurante,Caucaia,CE,2023-10-23,True
374,CLI000374,Cliente 0374,Supermercado,Salvador,BA,2024-06-10,True
375,CLI000375,Cliente 0375,Atacado,São Luís,MA,2022-06-13,True
376,CLI000376,Cliente 0376,Restaurante,Feira de Santana,BA,2021-10-07,True
377,CLI000377,Cliente 0377,Conveniência,Caucaia,CE,2025-01-24,True
378,CLI000378,Cliente 0378,Bar,Recife,PE,2023-12-03,True
379,CLI000379,Cliente 0379,Conveniência,Feira de Santana,BA,2024-03-21,True
380,CLI000380,Cliente 0380,Conveniência,Olinda,PE,2022-12-14,True
381,CLI000381,Cliente 0381,Bar,Maracanaú,CE,2025-08-19,True
382,CLI000382,Cliente 0382,Atacado,Feira de Santana,BA,2021-06-23,True
383,CLI000383,Cliente 0383,Mercadinho,Maracanaú,CE,2022-11-22,True
384,CLI000384,Cliente 0384,Atacado,Fortaleza,CE,2024-06-26,True
385,CLI000385,Cliente 0385,Mercadinho,Fortaleza,CE,2023-04-17,True
386,CLI000386,Cliente 0386,Bar,Recife,PE,2023-07-15,True
387,CLI000387,Cliente 0387,Restaurante,Caucaia,CE,2021-08-04,True
388,CLI000388,Cliente 0388,Mercadinho,Maracanaú,CE,2022-06-10,True
389,CLI000389,Cliente 0389,Atacado,Recife,PE,2024-06-16,True
390,CLI000390,Cliente 0390,Restaurante,São Luís,MA,2021-05-02,True
391,CLI000391,Cliente 0391,Mercadinho,Maracanaú,CE,2023-11-04,True
392,CLI000392,Cliente 0392,Conveniência,Caucaia,CE,2022-09-06,True
393,CLI000393,Cliente 0393,Atacado,Salvador,BA,2024-08-08,True
394,CLI000394,Cliente 0394,Supermercado,Caucaia,CE,2024-07-01,True
395,CLI000395,Cliente 0395,Bar,Recife,PE,2025-07-13,False
396,CLI000396,Cliente 0396,Supermercado,Recife,PE,2023-12-26,True
397,CLI000397,Cliente 0397,Atacado,Maracanaú,CE,2022-06-11,True
398,CLI000398,Cliente 0398,Restaurante,Maracanaú,CE,2024-09-21,True
399,CLI000399,Cliente 0399,Atacado,Feira de Santana,BA,2024-10-04,True
400,CLI000400,Cliente 0400,Atacado,São Luís,MA,2022-11-23,True
401,CLI000401,Cliente 0401,Conveniência,Maracanaú,CE,2022-06-04,True
402,CLI000402,Cliente 0402,Supermercado,Maracanaú,CE,2023-12-05,True
403,CLI000403,Cliente 0403,Atacado,Feira de Santana,BA,2022-10-13,True
404,CLI000404,Cliente 0404,Conveniência,São Luís,MA,2025-12-21,True
405,CLI000405,Cliente 0405,Atacado,Caucaia,CE,2022-08-10,True
406,CLI000406,Cliente 0406,Bar,Salvador,BA,2025-01-28,True
407,CLI000407,Cliente 0407,Bar,Fortaleza,CE,2022-04-27,True
408,CLI000408,Cliente 0408,Bar,São Luís,MA,2024-07-23,True
409,CLI000409,Cliente 0409,Supermercado,São Luís,MA,2021-10-01,True
410,CLI000410,Cliente 0410,Restaurante,Recife,PE,2021-05-08,True
411,CLI000411,Cliente 0411,Bar,Caucaia,CE,2025-12-25,True
412,CLI000412,Cliente 0412,Atacado,Maracanaú,CE,2021-05-25,True
413,CLI000413,Cliente 0413,Atacado,Salvador,BA,2021-12-15,True
414,CLI000414,Cliente 0414,Mercadinho,Feira de Santana,BA,2022-05-28,True
415,CLI000415,Cliente 0415,Restaurante,São Luís,MA,2023-02-15,True
416,CLI000416,Cliente 0416,Supermercado,Maracanaú,CE,2022-12-19,True
417,CLI000417,Cliente 0417,Supermercado,Feira de Santana,BA,2025-03-26,True
418,CLI000418,Cliente 0418,Mercadinho,Recife,PE,2025-06-18,True
419,CLI000419,Cliente 0419,Restaurante,Caucaia,CE,2023-05-19,True
420,CLI000420,Cliente 0420,Supermercado,Maracanaú,CE,2024-01-09,True
421,CLI000421,Cliente 0421,Conveniência,Caucaia,CE,2022-04-05,True
422,CLI000422,Cliente 0422,Conveniência,Recife,PE,2024-08-05,True
423,CLI000423,Cliente 0423,Conveniência,Olinda,PE,2024-07-15,True
424,CLI000424,Cliente 0424,Bar,Maracanaú,CE,2025-12-09,True
425,CLI000425,Cliente 0425,Bar,Salvador,BA,2024-06-19,False
426,CLI000426,Cliente 0426,Conveniência,Maracanaú,CE,2024-11-22,True
427,CLI000427,Cliente 0427,Atacado,Maracanaú,CE,2024-04-14,True
428,CLI000428,Cliente 0428,Restaurante,São Luís,MA,2023-05-11,True
429,CLI000429,Cliente 0429,Atacado,Caucaia,CE,2024-06-22,True
430,CLI000430,Cliente 0430,Mercadinho,Fortaleza,CE,2024-01-04,True
431,CLI000431,Cliente 0431,Bar,Caucaia,CE,2024-01-14,True
432,CLI000432,Cliente 0432,Conveniência,Caucaia,CE,2023-03-28,True
433,CLI000433,Cliente 0433,Mercadinho,Olinda,PE,2023-05-03,True
434,CLI000434,Cliente 0434,Mercadinho,Caucaia,CE,2024-11-10,True
435,CLI000435,Cliente 0435,Bar,Recife,PE,2021-12-04,False
436,CLI000436,Cliente 0436,Mercadinho,São Luís,MA,2022-10-08,True
437,CLI000437,Cliente 0437,Mercadinho,São Luís,MA,2021-12-11,True
438,CLI000438,Cliente 0438,Conveniência,Feira de Santana,BA,2022-08-03,True
439,CLI000439,Cliente 0439,Conveniência,Maracanaú,CE,2021-02-11,True
440,CLI000440,Cliente 0440,Supermercado,Olinda,PE,2024-03-21,True
441,CLI000441,Cliente 0441,Mercadinho,Caucaia,CE,2025-10-01,True
442,CLI000442,Cliente 0442,Bar,Caucaia,CE,2023-12-07,True
443,CLI000443,Cliente 0443,Bar,Caucaia,CE,2025-11-15,True
444,CLI000444,Cliente 0444,Mercadinho,Maracanaú,CE,2022-02-19,True
445,CLI000445,Cliente 0445,Bar,Salvador,BA,2023-03-08,True
446,CLI000446,Cliente 0446,Supermercado,Maracanaú,CE,2025-10-20,True
447,CLI000447,Cliente 0447,Conveniência,Olinda,PE,2021-11-10,True
448,CLI000448,Cliente 0448,Conveniência,Recife,PE,2024-05-21,True
449,CLI000449,Cliente 0449,Bar,Recife,PE,2024-02-08,True
450,CLI000450,Cliente 0450,Atacado,Maracanaú,CE,2021-06-11,True
451,CLI000451,Cliente 0451,Restaurante,Feira de Santana,BA,2025-11-06,True
452,CLI000452,Cliente 0452,Mercadinho,Maracanaú,CE,2025-02-01,True
453,CLI000453,Cliente 0453,Mercadinho,Fortaleza,CE,2024-09-10,True
454,CLI000454,Cliente 0454,Bar,Feira de Santana,BA,2024-02-21,True
455,CLI000455,Cliente 0455,Restaurante,Caucaia,CE,2021-05-03,True
456,CLI000456,Cliente 0456,Supermercado,Recife,PE,2025-06-13,True
457,CLI000457,Cliente 0457,Restaurante,Maracanaú,CE,2024-12-28,True
458,CLI000458,Cliente 0458,Mercadinho,Recife,PE,2024-02-15,True
459,CLI000459,Cliente 0459,Restaurante,Fortaleza,CE,2022-02-01,True
460,CLI000460,Cliente 0460,Supermercado,Fortaleza,CE,2024-06-17,True
461,CLI000461,Cliente 0461,Supermercado,Olinda,PE,2023-03-24,True
462,CLI000462,Cliente 0462,Conveniência,Olinda,PE,2021-01-11,True
463,CLI000463,Cliente 0463,Atacado,Olinda,PE,2021-05-23,True
464,CLI000464,Cliente 0464,Bar,Maracanaú,CE,2024-09-12,True
465,CLI000465,Cliente 0465,Restaurante,Caucaia,CE,2022-05-25,True
466,CLI000466,Cliente 0466,Supermercado,Maracanaú,CE,2025-01-02,True
467,CLI000467,Cliente 0467,Supermercado,Fortaleza,CE,2021-08-12,True
468,CLI000468,Cliente 0468,Supermercado,Caucaia,CE,2021-09-26,True
469,CLI000469,Cliente 0469,Supermercado,Feira de Santana,BA,2023-04-14,True
470,CLI000470,Cliente 0470,Restaurante,Salvador,BA,2021-10-12,True
471,CLI000471,Cliente 0471,Supermercado,Fortaleza,CE,2022-09-02,True
472,CLI000472,Cliente 0472,Bar,Maracanaú,CE,2023-05-11,True
473,CLI000473,Cliente 0473,Mercadinho,São Luís,MA,2023-04-10,True
474,CLI000474,Cliente 0474,Conveniência,Olinda,PE,2025-04-15,True
475,CLI000475,Cliente 0475,Supermercado,São Luís,MA,2025-04-05,False
476,CLI000476,Cliente 0476,Mercadinho,Feira de Santana,BA,2022-09-12,True
477,CLI000477,Cliente 0477,Restaurante,Fortaleza,CE,2021-11-13,True
478,CLI000478,Cliente 0478,Mercadinho,Olinda,PE,2022-09-08,True
479,CLI000479,Cliente 0479,Supermercado,Fortaleza,CE,2023-02-02,True
480,CLI000480,Cliente 0480,Conveniência,Feira de Santana,BA,2023-08-24,True
481,CLI000481,Cliente 0481,Atacado,Maracanaú,CE,2022-11-27,True
482,CLI000482,Cliente 0482,Bar,Fortaleza,CE,2022-04-10,True
483,CLI000483,Cliente 0483,Bar,Salvador,BA,2023-06-15,True
484,CLI000484,Cliente 0484,Supermercado,Maracanaú,CE,2022-10-04,True
485,CLI000485,Cliente 0485,Bar,Caucaia,CE,2024-06-14,True
486,CLI000486,Cliente 0486,Supermercado,Salvador,BA,2024-05-15,True
487,CLI000487,Cliente 0487,Mercadinho,Maracanaú,CE,2022-11-10,True
488,CLI000488,Cliente 0488,Supermercado,Fortaleza,CE,2023-03-03,True
489,CLI000489,Cliente 0489,Bar,Salvador,BA,2025-01-22,True
490,CLI000490,Cliente 0490,Mercadinho,Caucaia,CE,2024-08-18,True
491,CLI000491,Cliente 0491,Mercadinho,Recife,PE,2024-02-26,True
492,CLI000492,Cliente 0492,Mercadinho,Maracanaú,CE,2021-04-05,True
493,CLI000493,Cliente 0493,Restaurante,Feira de Santana,BA,2021-10-19,True
494,CLI000494,Cliente 0494,Mercadinho,Maracanaú,CE,2021-04-21,True
495,CLI000495,Cliente 0495,Mercadinho,Caucaia,CE,2023-02-02,True
496,CLI000496,Cliente 0496,Supermercado,Fortaleza,CE,2025-07-27,True
497,CLI000497,Cliente 0497,Mercadinho,São Luís,MA,2024-11-14,True
498,CLI000498,Cliente 0498,Supermercado,Recife,PE,2023-05-15,True
499,CLI000499,Cliente 0499,Atacado,Fortaleza,CE,2025-10-08,True
500,CLI000500,Cliente 0500,Bar,São Luís,MA,2025-08-02,True
501,CLI000501,Cliente 0501,Supermercado,Feira de Santana,BA,2024-04-21,True
502,CLI000502,Cliente 0502,Conveniência,Recife,PE,2025-01-13,True
503,CLI000503,Cliente 0503,Bar,Salvador,BA,2025-08-12,True
504,CLI000504,Cliente 0504,Bar,Salvador,BA,2023-03-01,True
505,CLI000505,Cliente 0505,Mercadinho,Recife,PE,2023-01-26,True
506,CLI000506,Cliente 0506,Atacado,Salvador,BA,2022-03-04,True
507,CLI000507,Cliente 0507,Restaurante,Recife,PE,2025-12-02,True
508,CLI000508,Cliente 0508,Atacado,Recife,PE,2024-06-27,True
509,CLI000509,Cliente 0509,Supermercado,Caucaia,CE,2022-10-11,True
510,CLI000510,Cliente 0510,Atacado,Salvador,BA,2021-12-23,True
511,CLI000511,Cliente 0511,Atacado,Caucaia,CE,2022-08-18,True
512,CLI000512,Cliente 0512,Mercadinho,São Luís,MA,2021-01-08,True
513,CLI000513,Cliente 0513,Atacado,Fortaleza,CE,2024-01-11,True
514,CLI000514,Cliente 0514,Supermercado,Recife,PE,2023-12-06,True
515,CLI000515,Cliente 0515,Mercadinho,Salvador,BA,2021-03-19,True
516,CLI000516,Cliente 0516,Mercadinho,Caucaia,CE,2025-06-03,True
517,CLI000517,Cliente 0517,Atacado,Feira de Santana,BA,2021-06-10,True
518,CLI000518,Cliente 0518,Conveniência,Caucaia,CE,2024-11-16,True
519,CLI000519,Cliente 0519,Conveniência,Caucaia,CE,2025-12-20,True
520,CLI000520,Cliente 0520,Conveniência,Recife,PE,2025-03-13,True
521,CLI000521,Cliente 0521,Supermercado,Olinda,PE,2022-12-01,True
522,CLI000522,Cliente 0522,Atacado,Feira de Santana,BA,2021-03-20,True
523,CLI000523,Cliente 0523,Conveniência,Recife,PE,2025-02-16,True
524,CLI000524,Cliente 0524,Supermercado,Maracanaú,CE,2023-06-06,True
525,CLI000525,Cliente 0525,Conveniência,Maracanaú,CE,2023-08-01,True
526,CLI000526,Cliente 0526,Conveniência,Recife,PE,2021-06-09,True
527,CLI000527,Cliente 0527,Mercadinho,Fortaleza,CE,2024-08-24,True
528,CLI000528,Cliente 0528,Bar,Caucaia,CE,2024-07-12,True
529,CLI000529,Cliente 0529,Bar,Maracanaú,CE,2025-11-25,True
530,CLI000530,Cliente 0530,Bar,Caucaia,CE,2021-01-10,False
531,CLI000531,Cliente 0531,Mercadinho,Olinda,PE,2021-06-06,True
532,CLI000532,Cliente 0532,Conveniência,Caucaia,CE,2021-09-03,True
533,CLI000533,Cliente 0533,Conveniência,São Luís,MA,2021-07-21,True
534,CLI000534,Cliente 0534,Supermercado,Feira de Santana,BA,2021-02-11,True
535,CLI000535,Cliente 0535,Bar,Recife,PE,2025-12-24,True
536,CLI000536,Cliente 0536,Restaurante,Olinda,PE,2022-02-02,True
537,CLI000537,Cliente 0537,Supermercado,São Luís,MA,2021-06-01,True
538,CLI000538,Cliente 0538,Conveniência,Olinda,PE,2025-08-07,True
539,CLI000539,Cliente 0539,Supermercado,Recife,PE,2023-02-16,True
540,CLI000540,Cliente 0540,Bar,Olinda,PE,2024-08-22,True
541,CLI000541,Cliente 0541,Supermercado,Feira de Santana,BA,2023-07-12,True
542,CLI000542,Cliente 0542,Restaurante,Fortaleza,CE,2024-08-09,True
543,CLI000543,Cliente 0543,Atacado,Olinda,PE,2021-03-25,True
544,CLI000544,Cliente 0544,Mercadinho,Maracanaú,CE,2023-09-14,True
545,CLI000545,Cliente 0545,Atacado,Recife,PE,2021-07-27,True
546,CLI000546,Cliente 0546,Atacado,São Luís,MA,2022-08-10,True
547,CLI000547,Cliente 0547,Atacado,Fortaleza,CE,2025-09-26,True
548,CLI000548,Cliente 0548,Mercadinho,Caucaia,CE,2024-03-06,True
549,CLI000549,Cliente 0549,Supermercado,Recife,PE,2021-07-03,True
550,CLI000550,Cliente 0550,Supermercado,Feira de Santana,BA,2022-10-09,True
551,CLI000551,Cliente 0551,Mercadinho,Maracanaú,CE,2024-09-13,True
552,CLI000552,Cliente 0552,Atacado,Olinda,PE,2024-01-26,True
553,CLI000553,Cliente 0553,Mercadinho,Feira de Santana,BA,2024-03-05,True
554,CLI000554,Cliente 0554,Mercadinho,Maracanaú,CE,2025-02-26,True
555,CLI000555,Cliente 0555,Bar,Salvador,BA,2023-07-21,True
556,CLI000556,Cliente 0556,Mercadinho,São Luís,MA,2022-05-13,True
557,CLI000557,Cliente 0557,Mercadinho,Feira de Santana,BA,2024-06-23,True
558,CLI000558,Cliente 0558,Restaurante,São Luís,MA,2023-01-11,True
559,CLI000559,Cliente 0559,Restaurante,Olinda,PE,2023-08-28,True
560,CLI000560,Cliente 0560,Supermercado,Maracanaú,CE,2022-05-24,True
561,CLI000561,Cliente 0561,Restaurante,Salvador,BA,2024-10-21,True
562,CLI000562,Cliente 0562,Supermercado,São Luís,MA,2024-12-16,True
563,CLI000563,Cliente 0563,Mercadinho,Salvador,BA,2025-03-03,True
564,CLI000564,Cliente 0564,Supermercado,Feira de Santana,BA,2025-10-01,True
565,CLI000565,Cliente 0565,Mercadinho,Recife,PE,2022-01-15,True
566,CLI000566,Cliente 0566,Conveniência,Salvador,BA,2022-05-12,True
567,CLI000567,Cliente 0567,Conveniência,Feira de Santana,BA,2021-11-01,True
568,CLI000568,Cliente 0568,Atacado,São Luís,MA,2024-03-28,True
569,CLI000569,Cliente 0569,Restaurante,Salvador,BA,2022-05-24,True
570,CLI000570,Cliente 0570,Restaurante,Maracanaú,CE,2021-07-02,True
571,CLI000571,Cliente 0571,Supermercado,Recife,PE,2022-11-07,True
572,CLI000572,Cliente 0572,Atacado,Feira de Santana,BA,2021-11-01,True
573,CLI000573,Cliente 0573,Conveniência,Caucaia,CE,2022-10-26,False
574,CLI000574,Cliente 0574,Atacado,Olinda,PE,2023-12-23,True
575,CLI000575,Cliente 0575,Bar,Feira de Santana,BA,2023-08-09,True
576,CLI000576,Cliente 0576,Conveniência,Olinda,PE,2025-10-13,True
577,CLI000577,Cliente 0577,Atacado,Fortaleza,CE,2023-09-21,True
578,CLI000578,Cliente 0578,Restaurante,Olinda,PE,2021-08-03,True
579,CLI000579,Cliente 0579,Conveniência,Olinda,PE,2023-05-09,True
580,CLI000580,Cliente 0580,Supermercado,Olinda,PE,2022-09-25,True
581,CLI000581,Cliente 0581,Atacado,Fortaleza,CE,2024-11-11,True
582,CLI000582,Cliente 0582,Conveniência,Fortaleza,CE,2024-05-09,True
583,CLI000583,Cliente 0583,Bar,Feira de Santana,BA,2021-10-23,True
584,CLI000584,Cliente 0584,Restaurante,Recife,PE,2022-11-18,True
585,CLI000585,Cliente 0585,Conveniência,São Luís,MA,2023-09-10,True
586,CLI000586,Cliente 0586,Restaurante,Caucaia,CE,2021-08-05,True
587,CLI000587,Cliente 0587,Conveniência,Caucaia,CE,2023-11-03,True
588,CLI000588,Cliente 0588,Conveniência,Recife,PE,2023-07-26,True
589,CLI000589,Cliente 0589,Restaurante,Salvador,BA,2025-05-15,True
590,CLI000590,Cliente 0590,Mercadinho,São Luís,MA,2025-10-20,True
591,CLI000591,Cliente 0591,Atacado,Recife,PE,2021-11-13,True
592,CLI000592,Cliente 0592,Mercadinho,Feira de Santana,BA,2022-03-07,True
593,CLI000593,Cliente 0593,Supermercado,São Luís,MA,2023-12-06,True
594,CLI000594,Cliente 0594,Restaurante,São Luís,MA,2022-06-21,True
595,CLI000595,Cliente 0595,Restaurante,São Luís,MA,2022-03-19,True
596,CLI000596,Cliente 0596,Mercadinho,São Luís,MA,2022-10-14,True
597,CLI000597,Cliente 0597,Bar,Feira de Santana,BA,2024-07-01,True
598,CLI000598,Cliente 0598,Conveniência,Recife,PE,2023-01-11,True
599,CLI000599,Cliente 0599,Mercadinho,Recife,PE,2021-11-24,True
600,CLI000600,Cliente 0600,Restaurante,Salvador,BA,2022-02-13,True
601,CLI000601,Cliente 0601,Supermercado,Olinda,PE,2021-01-10,True
602,CLI000602,Cliente 0602,Conveniência,São Luís,MA,2025-10-17,True
603,CLI000603,Cliente 0603,Restaurante,Caucaia,CE,2024-06-25,True
604,CLI000604,Cliente 0604,Mercadinho,Feira de Santana,BA,2022-04-24,True
605,CLI000605,Cliente 0605,Conveniência,Recife,PE,2021-10-17,True
606,CLI000606,Cliente 0606,Conveniência,Salvador,BA,2021-07-21,True
607,CLI000607,Cliente 0607,Atacado,Fortaleza,CE,2021-11-04,True
608,CLI000608,Cliente 0608,Mercadinho,Fortaleza,CE,2021-07-15,True
609,CLI000609,Cliente 0609,Bar,Olinda,PE,2022-04-23,True
610,CLI000610,Cliente 0610,Restaurante,Fortaleza,CE,2024-11-04,True
611,CLI000611,Cliente 0611,Atacado,Olinda,PE,2025-12-05,True
612,CLI000612,Cliente 0612,Atacado,Maracanaú,CE,2025-02-10,True
613,CLI000613,Cliente 0613,Bar,Maracanaú,CE,2022-10-07,True
614,CLI000614,Cliente 0614,Restaurante,Recife,PE,2024-05-06,True
615,CLI000615,Cliente 0615,Supermercado,São Luís,MA,2024-06-08,False
616,CLI000616,Cliente 0616,Mercadinho,Maracanaú,CE,2025-11-16,True
617,CLI000617,Cliente 0617,Atacado,Maracanaú,CE,2021-12-24,True
618,CLI000618,Cliente 0618,Conveniência,Olinda,PE,2022-08-10,True
619,CLI000619,Cliente 0619,Mercadinho,Fortaleza,CE,2022-01-28,True
620,CLI000620,Cliente 0620,Bar,Salvador,BA,2021-02-28,True
621,CLI000621,Cliente 0621,Mercadinho,Fortaleza,CE,2022-11-21,True
622,CLI000622,Cliente 0622,Bar,Salvador,BA,2025-05-24,True
623,CLI000623,Cliente 0623,Supermercado,Salvador,BA,2021-07-13,True
624,CLI000624,Cliente 0624,Bar,Olinda,PE,2024-07-21,True
625,CLI000625,Cliente 0625,Mercadinho,Caucaia,CE,2022-12-24,True
626,CLI000626,Cliente 0626,Mercadinho,Caucaia,CE,2024-10-16,True
627,CLI000627,Cliente 0627,Supermercado,São Luís,MA,2025-07-25,True
628,CLI000628,Cliente 0628,Conveniência,Fortaleza,CE,2022-08-16,True
629,CLI000629,Cliente 0629,Bar,Feira de Santana,BA,2021-02-09,True
630,CLI000630,Cliente 0630,Conveniência,Fortaleza,CE,2025-12-19,True
631,CLI000631,Cliente 0631,Conveniência,Recife,PE,2023-09-17,True
632,CLI000632,Cliente 0632,Bar,Maracanaú,CE,2022-08-12,True
633,CLI000633,Cliente 0633,Supermercado,Feira de Santana,BA,2025-10-02,False
634,CLI000634,Cliente 0634,Atacado,Caucaia,CE,2024-08-28,True
635,CLI000635,Cliente 0635,Restaurante,São Luís,MA,2022-06-09,True
636,CLI000636,Cliente 0636,Atacado,Recife,PE,2024-07-27,True
637,CLI000637,Cliente 0637,Bar,São Luís,MA,2025-08-03,True
638,CLI000638,Cliente 0638,Restaurante,São Luís,MA,2021-08-24,True
639,CLI000639,Cliente 0639,Bar,Maracanaú,CE,2024-01-18,True
640,CLI000640,Cliente 0640,Atacado,Maracanaú,CE,2025-11-10,True
641,CLI000641,Cliente 0641,Conveniência,Recife,PE,2024-06-12,True
642,CLI000642,Cliente 0642,Bar,Recife,PE,2023-09-25,True
643,CLI000643,Cliente 0643,Conveniência,São Luís,MA,2023-12-15,True
644,CLI000644,Cliente 0644,Mercadinho,Recife,PE,2023-06-27,True
645,CLI000645,Cliente 0645,Atacado,Olinda,PE,2025-06-23,True
646,CLI000646,Cliente 0646,Bar,Caucaia,CE,2022-12-24,True
647,CLI000647,Cliente 0647,Restaurante,Maracanaú,CE,2025-04-07,True
648,CLI000648,Cliente 0648,Supermercado,Feira de Santana,BA,2024-04-23,True
649,CLI000649,Cliente 0649,Mercadinho,Feira de Santana,BA,2025-02-25,True
650,CLI000650,Cliente 0650,Conveniência,São Luís,MA,2025-09-05,True
651,CLI000651,Cliente 0651,Atacado,Fortaleza,CE,2021-09-14,True
652,CLI000652,Cliente 0652,Atacado,São Luís,MA,2022-12-19,True
653,CLI000653,Cliente 0653,Mercadinho,Caucaia,CE,2024-11-20,True
654,CLI000654,Cliente 0654,Atacado,Salvador,BA,2024-07-20,True
655,CLI000655,Cliente 0655,Restaurante,Recife,PE,2024-06-10,True
656,CLI000656,Cliente 0656,Supermercado,Caucaia,CE,2024-10-23,True
657,CLI000657,Cliente 0657,Conveniência,Olinda,PE,2025-06-23,True
658,CLI000658,Cliente 0658,Supermercado,Recife,PE,2022-10-23,True
659,CLI000659,Cliente 0659,Conveniência,Salvador,BA,2022-12-21,True
660,CLI000660,Cliente 0660,Atacado,Caucaia,CE,2025-12-21,True
661,CLI000661,Cliente 0661,Restaurante,Maracanaú,CE,2025-08-19,True
662,CLI000662,Cliente 0662,Conveniência,Feira de Santana,BA,2025-05-28,True
663,CLI000663,Cliente 0663,Atacado,Fortaleza,CE,2021-01-13,True
664,CLI000664,Cliente 0664,Supermercado,Fortaleza,CE,2023-03-10,True
665,CLI000665,Cliente 0665,Mercadinho,Caucaia,CE,2023-04-25,True
666,CLI000666,Cliente 0666,Bar,Salvador,BA,2021-10-28,True
667,CLI000667,Cliente 0667,Conveniência,Recife,PE,2025-07-08,True
668,CLI000668,Cliente 0668,Conveniência,Olinda,PE,2021-07-13,True
669,CLI000669,Cliente 0669,Atacado,Salvador,BA,2021-01-24,True
670,CLI000670,Cliente 0670,Supermercado,São Luís,MA,2023-10-18,True
671,CLI000671,Cliente 0671,Conveniência,Recife,PE,2022-05-15,True
672,CLI000672,Cliente 0672,Supermercado,Maracanaú,CE,2022-12-17,True
673,CLI000673,Cliente 0673,Bar,Fortaleza,CE,2023-09-09,True
674,CLI000674,Cliente 0674,Mercadinho,Olinda,PE,2023-08-23,True
675,CLI000675,Cliente 0675,Supermercado,Fortaleza,CE,2023-10-02,True
676,CLI000676,Cliente 0676,Bar,Olinda,PE,2025-09-12,True
677,CLI000677,Cliente 0677,Atacado,Salvador,BA,2022-03-17,True
678,CLI000678,Cliente 0678,Bar,Caucaia,CE,2025-09-13,True
679,CLI000679,Cliente 0679,Supermercado,Recife,PE,2023-06-12,True
680,CLI000680,Cliente 0680,Atacado,São Luís,MA,2021-02-22,True
681,CLI000681,Cliente 0681,Conveniência,Recife,PE,2025-10-08,True
682,CLI000682,Cliente 0682,Bar,Salvador,BA,2021-07-09,True
683,CLI000683,Cliente 0683,Mercadinho,Olinda,PE,2025-06-17,True
684,CLI000684,Cliente 0684,Bar,São Luís,MA,2021-05-21,True
685,CLI000685,Cliente 0685,Mercadinho,Maracanaú,CE,2022-09-18,False
686,CLI000686,Cliente 0686,Supermercado,Maracanaú,CE,2022-11-14,True
687,CLI000687,Cliente 0687,Atacado,Recife,PE,2024-11-27,True
688,CLI000688,Cliente 0688,Mercadinho,Caucaia,CE,2024-12-11,True
689,CLI000689,Cliente 0689,Mercadinho,Maracanaú,CE,2022-05-18,True
690,CLI000690,Cliente 0690,Restaurante,Recife,PE,2024-07-15,True
691,CLI000691,Cliente 0691,Restaurante,Feira de Santana,BA,2021-07-22,True
692,CLI000692,Cliente 0692,Conveniência,Fortaleza,CE,2025-02-25,True
693,CLI000693,Cliente 0693,Conveniência,Fortaleza,CE,2021-06-17,True
694,CLI000694,Cliente 0694,Atacado,Olinda,PE,2021-05-25,True
695,CLI000695,Cliente 0695,Bar,Feira de Santana,BA,2021-08-06,True
696,CLI000696,Cliente 0696,Conveniência,Caucaia,CE,2024-09-10,True
697,CLI000697,Cliente 0697,Restaurante,Caucaia,CE,2023-01-18,True
698,CLI000698,Cliente 0698,Mercadinho,Caucaia,CE,2021-01-19,True
699,CLI000699,Cliente 0699,Restaurante,Maracanaú,CE,2022-12-24,True
700,CLI000700,Cliente 0700,Supermercado,Salvador,BA,2024-11-28,True
701,CLI000701,Cliente 0701,Supermercado,Caucaia,CE,2022-10-27,True
702,CLI000702,Cliente 0702,Supermercado,Maracanaú,CE,2025-01-28,True
703,CLI000703,Cliente 0703,Conveniência,São Luís,MA,2025-02-10,True
704,CLI000704,Cliente 0704,Mercadinho,Olinda,PE,2022-12-19,True
705,CLI000705,Cliente 0705,Restaurante,Salvador,BA,2022-11-21,True
706,CLI000706,Cliente 0706,Atacado,Olinda,PE,2021-04-11,True
707,CLI000707,Cliente 0707,Atacado,Salvador,BA,2023-12-19,True
708,CLI000708,Cliente 0708,Restaurante,Salvador,BA,2024-03-01,True
709,CLI000709,Cliente 0709,Conveniência,Recife,PE,2024-05-27,True
710,CLI000710,Cliente 0710,Bar,Salvador,BA,2024-08-12,True
711,CLI000711,Cliente 0711,Atacado,São Luís,MA,2021-03-21,True
712,CLI000712,Cliente 0712,Supermercado,Olinda,PE,2025-04-09,True
713,CLI000713,Cliente 0713,Conveniência,Maracanaú,CE,2021-01-28,True
714,CLI000714,Cliente 0714,Atacado,Fortaleza,CE,2025-07-25,True
715,CLI000715,Cliente 0715,Atacado,Fortaleza,CE,2023-09-18,True
716,CLI000716,Cliente 0716,Restaurante,Caucaia,CE,2024-04-25,True
717,CLI000717,Cliente 0717,Supermercado,Olinda,PE,2024-09-17,True
718,CLI000718,Cliente 0718,Atacado,Salvador,BA,2021-11-08,True
719,CLI000719,Cliente 0719,Atacado,Caucaia,CE,2022-08-06,True
720,CLI000720,Cliente 0720,Conveniência,Caucaia,CE,2024-06-02,True
721,CLI000721,Cliente 0721,Supermercado,São Luís,MA,2021-05-12,True
722,CLI000722,Cliente 0722,Atacado,Recife,PE,2023-07-16,True
723,CLI000723,Cliente 0723,Mercadinho,Fortaleza,CE,2023-02-23,True
724,CLI000724,Cliente 0724,Conveniência,Olinda,PE,2023-10-18,True
725,CLI000725,Cliente 0725,Conveniência,Feira de Santana,BA,2024-06-19,True
726,CLI000726,Cliente 0726,Atacado,Maracanaú,CE,2023-07-08,True
727,CLI000727,Cliente 0727,Restaurante,Salvador,BA,2024-08-20,False
728,CLI000728,Cliente 0728,Bar,Caucaia,CE,2022-04-03,True
729,CLI000729,Cliente 0729,Supermercado,Olinda,PE,2022-03-06,True
730,CLI000730,Cliente 0730,Conveniência,Maracanaú,CE,2022-07-26,True
731,CLI000731,Cliente 0731,Bar,Maracanaú,CE,2024-08-07,True
732,CLI000732,Cliente 0732,Mercadinho,Feira de Santana,BA,2022-01-05,True
733,CLI000733,Cliente 0733,Supermercado,Caucaia,CE,2025-01-19,True
734,CLI000734,Cliente 0734,Restaurante,Caucaia,CE,2022-09-13,True
735,CLI000735,Cliente 0735,Conveniência,Fortaleza,CE,2023-02-07,True
736,CLI000736,Cliente 0736,Bar,São Luís,MA,2022-04-27,True
737,CLI000737,Cliente 0737,Atacado,Caucaia,CE,2022-10-22,True
738,CLI000738,Cliente 0738,Conveniência,Caucaia,CE,2023-08-20,True
739,CLI000739,Cliente 0739,Bar,Recife,PE,2024-03-04,False
740,CLI000740,Cliente 0740,Supermercado,Feira de Santana,BA,2025-02-06,True
741,CLI000741,Cliente 0741,Atacado,Fortaleza,CE,2025-02-03,True
742,CLI000742,Cliente 0742,Atacado,Caucaia,CE,2025-01-25,True
743,CLI000743,Cliente 0743,Atacado,Feira de Santana,BA,2024-06-28,True
744,CLI000744,Cliente 0744,Supermercado,Feira de Santana,BA,2024-07-12,True
745,CLI000745,Cliente 0745,Bar,Maracanaú,CE,2022-05-16,True
746,CLI000746,Cliente 0746,Restaurante,Maracanaú,CE,2025-09-14,True
747,CLI000747,Cliente 0747,Conveniência,Fortaleza,CE,2021-10-17,True
748,CLI000748,Cliente 0748,Bar,Fortaleza,CE,2022-12-26,True
749,CLI000749,Cliente 0749,Mercadinho,Salvador,BA,2022-07-21,True
750,CLI000750,Cliente 0750,Atacado,Olinda,PE,2024-10-12,True
751,CLI000751,Cliente 0751,Supermercado,Feira de Santana,BA,2024-09-26,True
752,CLI000752,Cliente 0752,Restaurante,Caucaia,CE,2025-09-16,True
753,CLI000753,Cliente 0753,Atacado,Olinda,PE,2023-12-13,True
754,CLI000754,Cliente 0754,Conveniência,Maracanaú,CE,2022-08-26,True
755,CLI000755,Cliente 0755,Mercadinho,Caucaia,CE,2022-09-13,True
756,CLI000756,Cliente 0756,Supermercado,Fortaleza,CE,2024-11-01,True
757,CLI000757,Cliente 0757,Bar,Caucaia,CE,2025-07-03,True
758,CLI000758,Cliente 0758,Restaurante,Recife,PE,2021-10-02,True
759,CLI000759,Cliente 0759,Atacado,Feira de Santana,BA,2025-05-23,True
760,CLI000760,Cliente 0760,Supermercado,Fortaleza,CE,2024-08-01,True
761,CLI000761,Cliente 0761,Supermercado,Olinda,PE,2021-10-17,True
762,CLI000762,Cliente 0762,Atacado,Recife,PE,2022-11-02,True
763,CLI000763,Cliente 0763,Supermercado,Fortaleza,CE,2021-05-25,True
764,CLI000764,Cliente 0764,Bar,Feira de Santana,BA,2025-04-17,False
765,CLI000765,Cliente 0765,Mercadinho,Maracanaú,CE,2025-05-24,True
766,CLI000766,Cliente 0766,Restaurante,Salvador,BA,2023-04-20,True
767,CLI000767,Cliente 0767,Bar,São Luís,MA,2025-01-09,True
768,CLI000768,Cliente 0768,Atacado,Maracanaú,CE,2021-09-10,True
769,CLI000769,Cliente 0769,Atacado,Maracanaú,CE,2023-09-27,True
770,CLI000770,Cliente 0770,Conveniência,Olinda,PE,2024-07-19,True
771,CLI000771,Cliente 0771,Restaurante,Recife,PE,2024-11-15,True
772,CLI000772,Cliente 0772,Bar,Fortaleza,CE,2021-05-03,True
773,CLI000773,Cliente 0773,Conveniência,Recife,PE,2022-06-14,True
774,CLI000774,Cliente 0774,Conveniência,Fortaleza,CE,2023-04-10,True
775,CLI000775,Cliente 0775,Mercadinho,Salvador,BA,2025-03-16,True
776,CLI000776,Cliente 0776,Atacado,Recife,PE,2023-03-24,True
777,CLI000777,Cliente 0777,Bar,Recife,PE,2022-04-24,True
778,CLI000778,Cliente 0778,Supermercado,Olinda,PE,2022-04-27,True
779,CLI000779,Cliente 0779,Supermercado,Salvador,BA,2021-02-03,True
780,CLI000780,Cliente 0780,Atacado,São Luís,MA,2021-09-02,True
781,CLI000781,Cliente 0781,Atacado,Salvador,BA,2023-08-19,True
782,CLI000782,Cliente 0782,Supermercado,São Luís,MA,2025-05-13,True
783,CLI000783,Cliente 0783,Mercadinho,Caucaia,CE,2025-07-16,True
784,CLI000784,Cliente 0784,Atacado,Fortaleza,CE,2023-07-28,True
785,CLI000785,Cliente 0785,Bar,Caucaia,CE,2021-12-17,True
786,CLI000786,Cliente 0786,Mercadinho,Fortaleza,CE,2022-07-19,True
787,CLI000787,Cliente 0787,Atacado,Salvador,BA,2023-03-18,True
788,CLI000788,Cliente 0788,Bar,Olinda,PE,2025-06-12,True
789,CLI000789,Cliente 0789,Supermercado,Feira de Santana,BA,2024-12-25,True
790,CLI000790,Cliente 0790,Restaurante,Feira de Santana,BA,2024-03-19,True
791,CLI000791,Cliente 0791,Mercadinho,Recife,PE,2023-04-18,True
792,CLI000792,Cliente 0792,Supermercado,Feira de Santana,BA,2022-12-05,True
793,CLI000793,Cliente 0793,Supermercado,Fortaleza,CE,2024-08-05,True
794,CLI000794,Cliente 0794,Bar,Salvador,BA,2023-05-18,True
795,CLI000795,Cliente 0795,Bar,Fortaleza,CE,2021-12-06,True
796,CLI000796,Cliente 0796,Bar,Olinda,PE,2021-08-24,True
797,CLI000797,Cliente 0797,Restaurante,Salvador,BA,2025-09-26,True
798,CLI000798,Cliente 0798,Bar,Fortaleza,CE,2021-06-28,True
799,CLI000799,Cliente 0799,Atacado,Recife,PE,2025-11-21,True
800,CLI000800,Cliente 0800,Restaurante,Olinda,PE,2023-11-17,True
801,CLI000801,Cliente 0801,Mercadinho,São Luís,MA,2024-10-10,True
802,CLI000802,Cliente 0802,Supermercado,Caucaia,CE,2023-07-21,True
803,CLI000803,Cliente 0803,Mercadinho,Feira de Santana,BA,2021-03-11,True
804,CLI000804,Cliente 0804,Conveniência,Salvador,BA,2023-12-09,True
805,CLI000805,Cliente 0805,Restaurante,Feira de Santana,BA,2024-06-24,True
806,CLI000806,Cliente 0806,Bar,São Luís,MA,2022-03-28,False
807,CLI000807,Cliente 0807,Conveniência,Recife,PE,2023-12-23,True
808,CLI000808,Cliente 0808,Supermercado,Recife,PE,2024-02-04,True
809,CLI000809,Cliente 0809,Atacado,São Luís,MA,2021-01-25,True
810,CLI000810,Cliente 0810,Mercadinho,Maracanaú,CE,2023-10-05,True
811,CLI000811,Cliente 0811,Restaurante,Feira de Santana,BA,2022-04-24,True
812,CLI000812,Cliente 0812,Supermercado,Caucaia,CE,2025-03-01,True
813,CLI000813,Cliente 0813,Restaurante,Salvador,BA,2024-08-28,True
814,CLI000814,Cliente 0814,Atacado,Olinda,PE,2024-03-23,True
815,CLI000815,Cliente 0815,Conveniência,São Luís,MA,2025-07-17,True
816,CLI000816,Cliente 0816,Restaurante,Olinda,PE,2024-09-08,True
817,CLI000817,Cliente 0817,Restaurante,São Luís,MA,2023-07-09,True
818,CLI000818,Cliente 0818,Mercadinho,Fortaleza,CE,2025-03-12,True
819,CLI000819,Cliente 0819,Conveniência,Fortaleza,CE,2024-08-10,False
820,CLI000820,Cliente 0820,Restaurante,Feira de Santana,BA,2025-04-26,False
821,CLI000821,Cliente 0821,Supermercado,Salvador,BA,2024-09-14,True
822,CLI000822,Cliente 0822,Conveniência,Caucaia,CE,2024-07-08,True
823,CLI000823,Cliente 0823,Conveniência,Feira de Santana,BA,2022-09-25,True
824,CLI000824,Cliente 0824,Restaurante,Olinda,PE,2025-05-14,True
825,CLI000825,Cliente 0825,Supermercado,Maracanaú,CE,2022-05-04,True
826,CLI000826,Cliente 0826,Restaurante,São Luís,MA,2025-08-07,True
827,CLI000827,Cliente 0827,Mercadinho,Caucaia,CE,2025-01-06,True
828,CLI000828,Cliente 0828,Restaurante,Olinda,PE,2022-12-15,True
829,CLI000829,Cliente 0829,Mercadinho,Recife,PE,2022-01-16,True
830,CLI000830,Cliente 0830,Restaurante,Feira de Santana,BA,2024-06-15,True
831,CLI000831,Cliente 0831,Restaurante,Fortaleza,CE,2021-03-02,True
832,CLI000832,Cliente 0832,Mercadinho,Feira de Santana,BA,2025-08-06,True
833,CLI000833,Cliente 0833,Bar,Olinda,PE,2021-02-25,True
834,CLI000834,Cliente 0834,Bar,Feira de Santana,BA,2022-12-02,True
835,CLI000835,Cliente 0835,Atacado,Maracanaú,CE,2022-08-13,True
836,CLI000836,Cliente 0836,Restaurante,Olinda,PE,2022-11-24,True
837,CLI000837,Cliente 0837,Restaurante,Maracanaú,CE,2024-11-10,True
838,CLI000838,Cliente 0838,Conveniência,Fortaleza,CE,2022-02-08,True
839,CLI000839,Cliente 0839,Mercadinho,Salvador,BA,2022-05-19,True
840,CLI000840,Cliente 0840,Mercadinho,Recife,PE,2021-10-26,True
841,CLI000841,Cliente 0841,Restaurante,Caucaia,CE,2021-04-06,True
842,CLI000842,Cliente 0842,Conveniência,Salvador,BA,2021-01-12,True
843,CLI000843,Cliente 0843,Supermercado,Maracanaú,CE,2024-04-11,True
844,CLI000844,Cliente 0844,Bar,Salvador,BA,2022-01-23,True
845,CLI000845,Cliente 0845,Restaurante,Caucaia,CE,2021-08-23,True
846,CLI000846,Cliente 0846,Atacado,Olinda,PE,2024-04-19,True
847,CLI000847,Cliente 0847,Restaurante,Salvador,BA,2024-05-28,True
848,CLI000848,Cliente 0848,Mercadinho,Caucaia,CE,2025-03-15,True
849,CLI000849,Cliente 0849,Atacado,Olinda,PE,2023-08-01,True
850,CLI000850,Cliente 0850,Conveniência,Feira de Santana,BA,2022-01-20,True
851,CLI000851,Cliente 0851,Restaurante,Recife,PE,2021-11-18,True
852,CLI000852,Cliente 0852,Atacado,Recife,PE,2024-09-05,True
853,CLI000853,Cliente 0853,Bar,Salvador,BA,2023-02-04,True
854,CLI000854,Cliente 0854,Mercadinho,Maracanaú,CE,2022-03-28,True
855,CLI000855,Cliente 0855,Bar,Maracanaú,CE,2022-02-02,True
856,CLI000856,Cliente 0856,Conveniência,Feira de Santana,BA,2024-09-20,True
857,CLI000857,Cliente 0857,Mercadinho,Olinda,PE,2023-04-20,True
858,CLI000858,Cliente 0858,Supermercado,Fortaleza,CE,2024-02-15,True
859,CLI000859,Cliente 0859,Restaurante,Fortaleza,CE,2025-12-14,True
860,CLI000860,Cliente 0860,Atacado,Fortaleza,CE,2023-09-02,True
861,CLI000861,Cliente 0861,Mercadinho,Olinda,PE,2022-09-04,True
862,CLI000862,Cliente 0862,Atacado,Recife,PE,2024-04-07,True
863,CLI000863,Cliente 0863,Atacado,Recife,PE,2022-09-24,True
864,CLI000864,Cliente 0864,Conveniência,Maracanaú,CE,2025-06-22,True
865,CLI000865,Cliente 0865,Mercadinho,Feira de Santana,BA,2022-03-18,True
866,CLI000866,Cliente 0866,Conveniência,Salvador,BA,2022-09-20,True
867,CLI000867,Cliente 0867,Restaurante,Salvador,BA,2025-06-28,True
868,CLI000868,Cliente 0868,Conveniência,Feira de Santana,BA,2023-10-08,True
869,CLI000869,Cliente 0869,Bar,Recife,PE,2025-12-09,True
870,CLI000870,Cliente 0870,Bar,São Luís,MA,2024-01-24,True
871,CLI000871,Cliente 0871,Atacado,Olinda,PE,2021-09-05,True
872,CLI000872,Cliente 0872,Mercadinho,Olinda,PE,2023-04-07,True
873,CLI000873,Cliente 0873,Conveniência,Fortaleza,CE,2023-09-17,True
874,CLI000874,Cliente 0874,Mercadinho,Caucaia,CE,2021-08-12,True
875,CLI000875,Cliente 0875,Restaurante,Olinda,PE,2025-04-08,True
876,CLI000876,Cliente 0876,Mercadinho,Olinda,PE,2025-07-19,True
877,CLI000877,Cliente 0877,Conveniência,Maracanaú,CE,2023-08-06,True
878,CLI000878,Cliente 0878,Atacado,Maracanaú,CE,2023-01-24,True
879,CLI000879,Cliente 0879,Mercadinho,Feira de Santana,BA,2021-06-12,True
880,CLI000880,Cliente 0880,Bar,Feira de Santana,BA,2021-04-24,True
881,CLI000881,Cliente 0881,Conveniência,Fortaleza,CE,2024-01-10,True
882,CLI000882,Cliente 0882,Atacado,Salvador,BA,2025-03-11,True
883,CLI000883,Cliente 0883,Supermercado,Recife,PE,2021-11-24,True
884,CLI000884,Cliente 0884,Atacado,São Luís,MA,2025-09-03,True
885,CLI000885,Cliente 0885,Bar,Olinda,PE,2022-03-11,True
886,CLI000886,Cliente 0886,Atacado,Fortaleza,CE,2024-05-03,True
887,CLI000887,Cliente 0887,Conveniência,Feira de Santana,BA,2022-03-16,True
888,CLI000888,Cliente 0888,Bar,São Luís,MA,2025-04-18,True
889,CLI000889,Cliente 0889,Supermercado,Recife,PE,2021-05-25,True
890,CLI000890,Cliente 0890,Mercadinho,Maracanaú,CE,2024-07-12,True
891,CLI000891,Cliente 0891,Restaurante,Salvador,BA,2025-11-01,True
892,CLI000892,Cliente 0892,Restaurante,Caucaia,CE,2025-08-20,True
893,CLI000893,Cliente 0893,Supermercado,Fortaleza,CE,2022-11-12,True
894,CLI000894,Cliente 0894,Mercadinho,Maracanaú,CE,2021-04-20,True
895,CLI000895,Cliente 0895,Mercadinho,Olinda,PE,2023-12-26,True
896,CLI000896,Cliente 0896,Bar,São Luís,MA,2021-06-07,True
897,CLI000897,Cliente 0897,Supermercado,Recife,PE,2025-09-25,True
898,CLI000898,Cliente 0898,Atacado,São Luís,MA,2022-12-23,True
899,CLI000899,Cliente 0899,Atacado,Feira de Santana,BA,2025-01-09,True
900,CLI000900,Cliente 0900,Supermercado,Olinda,PE,2025-05-02,True
901,CLI000901,Cliente 0901,Mercadinho,Fortaleza,CE,2024-11-09,True
902,CLI000902,Cliente 0902,Mercadinho,Salvador,BA,2021-05-28,True
903,CLI000903,Cliente 0903,Supermercado,Feira de Santana,BA,2024-09-23,True
904,CLI000904,Cliente 0904,Bar,Salvador,BA,2025-09-03,True
905,CLI000905,Cliente 0905,Atacado,São Luís,MA,2021-01-08,True
906,CLI000906,Cliente 0906,Restaurante,Olinda,PE,2024-07-24,True
907,CLI000907,Cliente 0907,Conveniência,Salvador,BA,2023-06-21,True
908,CLI000908,Cliente 0908,Mercadinho,Olinda,PE,2023-07-27,True
909,CLI000909,Cliente 0909,Supermercado,Olinda,PE,2022-06-13,True
910,CLI000910,Cliente 0910,Conveniência,Maracanaú,CE,2024-09-22,True
911,CLI000911,Cliente 0911,Bar,Recife,PE,2022-10-05,True
912,CLI000912,Cliente 0912,Atacado,Olinda,PE,2023-08-18,True
913,CLI000913,Cliente 0913,Atacado,Caucaia,CE,2025-11-26,True
914,CLI000914,Cliente 0914,Restaurante,Caucaia,CE,2025-03-14,True
915,CLI000915,Cliente 0915,Conveniência,Caucaia,CE,2025-03-11,True
916,CLI000916,Cliente 0916,Supermercado,Maracanaú,CE,2023-03-24,False
917,CLI000917,Cliente 0917,Bar,Salvador,BA,2024-05-15,True
918,CLI000918,Cliente 0918,Supermercado,Olinda,PE,2022-02-05,True
919,CLI000919,Cliente 0919,Atacado,Olinda,PE,2025-10-08,True
920,CLI000920,Cliente 0920,Conveniência,Recife,PE,2021-06-03,True
921,CLI000921,Cliente 0921,Supermercado,São Luís,MA,2025-10-16,True
922,CLI000922,Cliente 0922,Supermercado,Salvador,BA,2024-08-16,True
923,CLI000923,Cliente 0923,Supermercado,Recife,PE,2021-07-25,True
924,CLI000924,Cliente 0924,Bar,Olinda,PE,2022-12-22,True
925,CLI000925,Cliente 0925,Mercadinho,Recife,PE,2022-08-28,True
926,CLI000926,Cliente 0926,Bar,Salvador,BA,2022-07-13,True
927,CLI000927,Cliente 0927,Conveniência,Feira de Santana,BA,2023-07-20,True
928,CLI000928,Cliente 0928,Atacado,Fortaleza,CE,2021-08-15,True
929,CLI000929,Cliente 0929,Supermercado,Fortaleza,CE,2025-09-13,True
930,CLI000930,Cliente 0930,Atacado,Fortaleza,CE,2024-09-25,True
931,CLI000931,Cliente 0931,Supermercado,Fortaleza,CE,2023-08-13,True
932,CLI000932,Cliente 0932,Bar,Olinda,PE,2022-07-10,True
933,CLI000933,Cliente 0933,Conveniência,Fortaleza,CE,2025-03-15,True
934,CLI000934,Cliente 0934,Mercadinho,São Luís,MA,2025-02-06,True
935,CLI000935,Cliente 0935,Bar,Caucaia,CE,2024-06-15,False
936,CLI000936,Cliente 0936,Atacado,São Luís,MA,2022-08-03,True
937,CLI000937,Cliente 0937,Conveniência,Caucaia,CE,2021-02-04,True
938,CLI000938,Cliente 0938,Mercadinho,Salvador,BA,2025-12-13,True
939,CLI000939,Cliente 0939,Bar,Caucaia,CE,2025-07-02,True
940,CLI000940,Cliente 0940,Atacado,Salvador,BA,2022-03-28,True
941,CLI000941,Cliente 0941,Bar,Fortaleza,CE,2023-05-24,True
942,CLI000942,Cliente 0942,Restaurante,São Luís,MA,2022-02-05,True
943,CLI000943,Cliente 0943,Atacado,Fortaleza,CE,2023-01-15,True
944,CLI000944,Cliente 0944,Atacado,São Luís,MA,2021-10-16,True
945,CLI000945,Cliente 0945,Bar,São Luís,MA,2024-08-03,True
946,CLI000946,Cliente 0946,Supermercado,Fortaleza,CE,2025-05-20,True
947,CLI000947,Cliente 0947,Mercadinho,Recife,PE,2022-03-02,True
948,CLI000948,Cliente 0948,Supermercado,Fortaleza,CE,2021-11-19,True
949,CLI000949,Cliente 0949,Restaurante,Olinda,PE,2021-01-04,True
950,CLI000950,Cliente 0950,Supermercado,Caucaia,CE,2023-10-22,True
951,CLI000951,Cliente 0951,Bar,Caucaia,CE,2025-06-02,True
952,CLI000952,Cliente 0952,Restaurante,Olinda,PE,2023-07-27,True
953,CLI000953,Cliente 0953,Atacado,Feira de Santana,BA,2021-05-16,True
954,CLI000954,Cliente 0954,Restaurante,Olinda,PE,2025-07-17,True
955,CLI000955,Cliente 0955,Atacado,Recife,PE,2021-02-19,True
956,CLI000956,Cliente 0956,Bar,Maracanaú,CE,2025-12-10,True
957,CLI000957,Cliente 0957,Restaurante,Salvador,BA,2025-10-20,True
958,CLI000958,Cliente 0958,Atacado,Caucaia,CE,2025-08-17,True
959,CLI000959,Cliente 0959,Bar,São Luís,MA,2022-10-08,True
960,CLI000960,Cliente 0960,Mercadinho,Recife,PE,2021-01-15,True
961,CLI000961,Cliente 0961,Conveniência,Maracanaú,CE,2022-10-14,True
962,CLI000962,Cliente 0962,Restaurante,Salvador,BA,2025-11-07,False
963,CLI000963,Cliente 0963,Conveniência,Recife,PE,2023-05-26,True
964,CLI000964,Cliente 0964,Atacado,Olinda,PE,2025-06-25,False
965,CLI000965,Cliente 0965,Restaurante,Salvador,BA,2024-12-19,True
966,CLI000966,Cliente 0966,Supermercado,Fortaleza,CE,2022-06-27,True
967,CLI000967,Cliente 0967,Bar,São Luís,MA,2021-11-05,True
968,CLI000968,Cliente 0968,Atacado,São Luís,MA,2023-08-26,True
969,CLI000969,Cliente 0969,Atacado,Fortaleza,CE,2023-10-24,True
970,CLI000970,Cliente 0970,Supermercado,Fortaleza,CE,2025-11-11,True
971,CLI000971,Cliente 0971,Mercadinho,Salvador,BA,2022-05-27,True
972,CLI000972,Cliente 0972,Conveniência,Feira de Santana,BA,2025-03-19,True
973,CLI000973,Cliente 0973,Atacado,Caucaia,CE,2021-05-23,True
974,CLI000974,Cliente 0974,Restaurante,Fortaleza,CE,2024-02-16,True
975,CLI000975,Cliente 0975,Bar,Salvador,BA,2023-04-17,True
976,CLI000976,Cliente 0976,Restaurante,Maracanaú,CE,2021-04-03,True
977,CLI000977,Cliente 0977,Bar,Fortaleza,CE,2025-03-07,True
978,CLI000978,Cliente 0978,Conveniência,São Luís,MA,2025-05-25,True
979,CLI000979,Cliente 0979,Atacado,Maracanaú,CE,2022-04-24,True
980,CLI000980,Cliente 0980,Conveniência,Feira de Santana,BA,2025-02-01,True
981,CLI000981,Cliente 0981,Conveniência,Fortaleza,CE,2025-02-11,True
982,CLI000982,Cliente 0982,Mercadinho,Fortaleza,CE,2025-11-24,True
983,CLI000983,Cliente 0983,Conveniência,Olinda,PE,2022-06-07,True
984,CLI000984,Cliente 0984,Atacado,Olinda,PE,2023-08-22,True
985,CLI000985,Cliente 0985,Supermercado,Caucaia,CE,2023-02-01,True
986,CLI000986,Cliente 0986,Supermercado,Maracanaú,CE,2025-06-18,True
987,CLI000987,Cliente 0987,Conveniência,Caucaia,CE,2023-10-08,True
988,CLI000988,Cliente 0988,Atacado,Olinda,PE,2023-09-15,True
989,CLI000989,Cliente 0989,Bar,Fortaleza,CE,2021-02-13,True
990,CLI000990,Cliente 0990,Bar,Feira de Santana,BA,2022-12-20,True
991,CLI000991,Cliente 0991,Atacado,São Luís,MA,2023-05-11,True
992,CLI000992,Cliente 0992,Bar,Maracanaú,CE,2025-03-03,True
993,CLI000993,Cliente 0993,Mercadinho,São Luís,MA,2024-05-22,True
994,CLI000994,Cliente 0994,Bar,São Luís,MA,2022-04-05,True
995,CLI000995,Cliente 0995,Restaurante,Olinda,PE,2024-03-23,True
996,CLI000996,Cliente 0996,Restaurante,Salvador,BA,2024-08-01,True
997,CLI000997,Cliente 0997,Restaurante,Maracanaú,CE,2024-08-28,True
998,CLI000998,Cliente 0998,Atacado,Salvador,BA,2025-03-17,True
999,CLI000999,Cliente 0999,Restaurante,Maracanaú,CE,2025-11-03,True
1000,CLI001000,Cliente 1000,Bar,São Luís,MA,2025-07-08,True
1001,CLI001001,Cliente 1001,Bar,Caucaia,CE,2024-02-11,True
1002,CLI001002,Cliente 1002,Bar,Feira de Santana,BA,2025-06-18,True
1003,CLI001003,Cliente 1003,Conveniência,Caucaia,CE,2021-12-23,True
1004,CLI001004,Cliente 1004,Mercadinho,São Luís,MA,2025-10-15,True
1005,CLI001005,Cliente 1005,Bar,Maracanaú,CE,2022-05-13,True
1006,CLI001006,Cliente 1006,Conveniência,Maracanaú,CE,2025-07-11,True
1007,CLI001007,Cliente 1007,Mercadinho,Fortaleza,CE,2022-03-19,True
1008,CLI001008,Cliente 1008,Supermercado,Fortaleza,CE,2022-08-18,True
1009,CLI001009,Cliente 1009,Supermercado,São Luís,MA,2022-11-11,True
1010,CLI001010,Cliente 1010,Bar,Olinda,PE,2023-02-19,False
1011,CLI001011,Cliente 1011,Supermercado,Feira de Santana,BA,2023-01-12,True
1012,CLI001012,Cliente 1012,Mercadinho,Fortaleza,CE,2025-06-04,True
1013,CLI001013,Cliente 1013,Supermercado,Fortaleza,CE,2024-12-19,True
1014,CLI001014,Cliente 1014,Conveniência,Salvador,BA,2024-07-13,True
1015,CLI001015,Cliente 1015,Conveniência,Recife,PE,2022-08-05,True
1016,CLI001016,Cliente 1016,Restaurante,Feira de Santana,BA,2024-03-10,True
1017,CLI001017,Cliente 1017,Supermercado,Caucaia,CE,2021-02-21,False
1018,CLI001018,Cliente 1018,Conveniência,São Luís,MA,2024-03-03,True
1019,CLI001019,Cliente 1019,Bar,Feira de Santana,BA,2025-07-20,True
1020,CLI001020,Cliente 1020,Atacado,Feira de Santana,BA,2024-07-12,True
1021,CLI001021,Cliente 1021,Atacado,Feira de Santana,BA,2021-10-16,True
1022,CLI001022,Cliente 1022,Conveniência,Recife,PE,2025-05-14,True
1023,CLI001023,Cliente 1023,Mercadinho,Salvador,BA,2021-10-16,True
1024,CLI001024,Cliente 1024,Atacado,Maracanaú,CE,2024-12-03,True
1025,CLI001025,Cliente 1025,Bar,Olinda,PE,2025-02-17,True
1026,CLI001026,Cliente 1026,Supermercado,Maracanaú,CE,2024-11-24,True
1027,CLI001027,Cliente 1027,Conveniência,Maracanaú,CE,2025-10-10,True
1028,CLI001028,Cliente 1028,Atacado,Salvador,BA,2021-08-15,True
1029,CLI001029,Cliente 1029,Atacado,São Luís,MA,2023-07-12,True
1030,CLI001030,Cliente 1030,Restaurante,Olinda,PE,2022-01-23,True
1031,CLI001031,Cliente 1031,Conveniência,Olinda,PE,2025-05-02,True
1032,CLI001032,Cliente 1032,Atacado,Caucaia,CE,2021-11-10,True
1033,CLI001033,Cliente 1033,Restaurante,Fortaleza,CE,2024-02-05,True
1034,CLI001034,Cliente 1034,Restaurante,Olinda,PE,2022-10-09,True
1035,CLI001035,Cliente 1035,Mercadinho,Olinda,PE,2021-10-06,True
1036,CLI001036,Cliente 1036,Conveniência,Caucaia,CE,2024-06-26,True
1037,CLI001037,Cliente 1037,Bar,Recife,PE,2022-09-28,True
1038,CLI001038,Cliente 1038,Supermercado,Maracanaú,CE,2025-03-27,True
1039,CLI001039,Cliente 1039,Bar,Feira de Santana,BA,2022-11-15,True
1040,CLI001040,Cliente 1040,Supermercado,Caucaia,CE,2025-12-27,True
1041,CLI001041,Cliente 1041,Mercadinho,Olinda,PE,2021-03-15,True
1042,CLI001042,Cliente 1042,Bar,Olinda,PE,2025-04-13,True
1043,CLI001043,Cliente 1043,Bar,Feira de Santana,BA,2023-03-17,True
1044,CLI001044,Cliente 1044,Restaurante,Fortaleza,CE,2024-07-22,True
1045,CLI001045,Cliente 1045,Mercadinho,Fortaleza,CE,2025-11-12,True
1046,CLI001046,Cliente 1046,Atacado,Feira de Santana,BA,2023-06-09,True
1047,CLI001047,Cliente 1047,Restaurante,Maracanaú,CE,2025-07-15,True
1048,CLI001048,Cliente 1048,Conveniência,Recife,PE,2025-04-17,True
1049,CLI001049,Cliente 1049,Restaurante,Caucaia,CE,2025-01-22,False
1050,CLI001050,Cliente 1050,Mercadinho,Maracanaú,CE,2024-02-17,True
1051,CLI001051,Cliente 1051,Restaurante,São Luís,MA,2022-12-10,True
1052,CLI001052,Cliente 1052,Mercadinho,Fortaleza,CE,2025-02-02,True
1053,CLI001053,Cliente 1053,Atacado,Recife,PE,2021-12-04,True
1054,CLI001054,Cliente 1054,Bar,Caucaia,CE,2025-03-04,True
1055,CLI001055,Cliente 1055,Restaurante,Olinda,PE,2024-11-03,True
1056,CLI001056,Cliente 1056,Bar,Olinda,PE,2023-05-06,True
1057,CLI001057,Cliente 1057,Mercadinho,Olinda,PE,2024-07-11,True
1058,CLI001058,Cliente 1058,Restaurante,Olinda,PE,2022-08-03,True
1059,CLI001059,Cliente 1059,Atacado,Recife,PE,2024-03-21,True
1060,CLI001060,Cliente 1060,Atacado,Caucaia,CE,2024-04-20,True
1061,CLI001061,Cliente 1061,Conveniência,São Luís,MA,2023-02-02,True
1062,CLI001062,Cliente 1062,Bar,Olinda,PE,2021-08-05,True
1063,CLI001063,Cliente 1063,Mercadinho,Fortaleza,CE,2024-05-05,True
1064,CLI001064,Cliente 1064,Atacado,Feira de Santana,BA,2021-09-23,True
1065,CLI001065,Cliente 1065,Bar,São Luís,MA,2024-07-28,True
1066,CLI001066,Cliente 1066,Atacado,Maracanaú,CE,2022-01-13,True
1067,CLI001067,Cliente 1067,Mercadinho,São Luís,MA,2025-09-12,True
1068,CLI001068,Cliente 1068,Bar,Olinda,PE,2021-11-21,True
1069,CLI001069,Cliente 1069,Mercadinho,Salvador,BA,2024-05-21,True
1070,CLI001070,Cliente 1070,Bar,Fortaleza,CE,2022-05-23,True
1071,CLI001071,Cliente 1071,Conveniência,Maracanaú,CE,2023-08-03,True
1072,CLI001072,Cliente 1072,Conveniência,São Luís,MA,2022-03-02,True
1073,CLI001073,Cliente 1073,Bar,Recife,PE,2024-02-26,True
1074,CLI001074,Cliente 1074,Bar,Olinda,PE,2025-08-01,True
1075,CLI001075,Cliente 1075,Restaurante,Fortaleza,CE,2021-07-04,True
1076,CLI001076,Cliente 1076,Conveniência,São Luís,MA,2025-03-24,True
1077,CLI001077,Cliente 1077,Mercadinho,Maracanaú,CE,2022-08-21,False
1078,CLI001078,Cliente 1078,Supermercado,Fortaleza,CE,2022-01-06,True
1079,CLI001079,Cliente 1079,Mercadinho,Olinda,PE,2024-10-06,True
1080,CLI001080,Cliente 1080,Mercadinho,Maracanaú,CE,2021-08-20,True
1081,CLI001081,Cliente 1081,Mercadinho,Recife,PE,2022-07-11,True
1082,CLI001082,Cliente 1082,Restaurante,Feira de Santana,BA,2021-11-19,True
1083,CLI001083,Cliente 1083,Supermercado,Salvador,BA,2021-10-06,True
1084,CLI001084,Cliente 1084,Restaurante,Maracanaú,CE,2022-07-06,True
1085,CLI001085,Cliente 1085,Bar,Caucaia,CE,2022-10-02,True
1086,CLI001086,Cliente 1086,Supermercado,Feira de Santana,BA,2021-08-03,False
1087,CLI001087,Cliente 1087,Mercadinho,Caucaia,CE,2025-05-14,True
1088,CLI001088,Cliente 1088,Conveniência,São Luís,MA,2022-04-05,True
1089,CLI001089,Cliente 1089,Bar,São Luís,MA,2022-03-20,True
1090,CLI001090,Cliente 1090,Conveniência,Caucaia,CE,2024-10-03,True
1091,CLI001091,Cliente 1091,Restaurante,Olinda,PE,2024-01-18,True
1092,CLI001092,Cliente 1092,Atacado,Maracanaú,CE,2021-10-12,True
1093,CLI001093,Cliente 1093,Bar,Recife,PE,2022-05-02,True
1094,CLI001094,Cliente 1094,Conveniência,Caucaia,CE,2024-08-06,True
1095,CLI001095,Cliente 1095,Mercadinho,Fortaleza,CE,2023-05-07,True
1096,CLI001096,Cliente 1096,Atacado,Salvador,BA,2024-01-04,True
1097,CLI001097,Cliente 1097,Supermercado,Caucaia,CE,2021-08-17,True
1098,CLI001098,Cliente 1098,Conveniência,Recife,PE,2024-10-19,True
1099,CLI001099,Cliente 1099,Conveniência,Recife,PE,2023-04-25,True
1100,CLI001100,Cliente 1100,Mercadinho,Recife,PE,2022-12-14,True
1101,CLI001101,Cliente 1101,Supermercado,Feira de Santana,BA,2021-08-19,True
1102,CLI001102,Cliente 1102,Supermercado,Feira de Santana,BA,2022-10-15,True
1103,CLI001103,Cliente 1103,Supermercado,Salvador,BA,2024-12-07,True
1104,CLI001104,Cliente 1104,Supermercado,Olinda,PE,2023-03-02,True
1105,CLI001105,Cliente 1105,Restaurante,Fortaleza,CE,2022-02-28,True
1106,CLI001106,Cliente 1106,Supermercado,Feira de Santana,BA,2023-04-10,True
1107,CLI001107,Cliente 1107,Atacado,Caucaia,CE,2025-04-03,True
1108,CLI001108,Cliente 1108,Supermercado,São Luís,MA,2025-08-27,True
1109,CLI001109,Cliente 1109,Conveniência,Fortaleza,CE,2024-12-28,True
1110,CLI001110,Cliente 1110,Bar,Salvador,BA,2025-04-19,True
1111,CLI001111,Cliente 1111,Bar,Fortaleza,CE,2021-01-16,True
1112,CLI001112,Cliente 1112,Bar,Fortaleza,CE,2025-07-16,True
1113,CLI001113,Cliente 1113,Bar,Maracanaú,CE,2024-04-03,True
1114,CLI001114,Cliente 1114,Conveniência,Fortaleza,CE,2024-04-05,True
1115,CLI001115,Cliente 1115,Conveniência,Recife,PE,2021-01-16,True
1116,CLI001116,Cliente 1116,Conveniência,Caucaia,CE,2024-10-24,True
1117,CLI001117,Cliente 1117,Bar,São Luís,MA,2022-12-13,True
1118,CLI001118,Cliente 1118,Conveniência,Salvador,BA,2024-12-21,False
1119,CLI001119,Cliente 1119,Bar,Maracanaú,CE,2023-09-02,True
1120,CLI001120,Cliente 1120,Conveniência,Olinda,PE,2025-09-19,True
1121,CLI001121,Cliente 1121,Atacado,Maracanaú,CE,2023-12-02,True
1122,CLI001122,Cliente 1122,Mercadinho,Salvador,BA,2021-07-12,True
1123,CLI001123,Cliente 1123,Restaurante,Fortaleza,CE,2023-03-21,True
1124,CLI001124,Cliente 1124,Atacado,Maracanaú,CE,2022-03-11,True
1125,CLI001125,Cliente 1125,Conveniência,Maracanaú,CE,2024-12-25,True
1126,CLI001126,Cliente 1126,Conveniência,Recife,PE,2022-06-12,True
1127,CLI001127,Cliente 1127,Restaurante,Feira de Santana,BA,2021-02-12,True
1128,CLI001128,Cliente 1128,Atacado,São Luís,MA,2025-02-16,True
1129,CLI001129,Cliente 1129,Bar,Olinda,PE,2025-06-26,True
1130,CLI001130,Cliente 1130,Supermercado,Maracanaú,CE,2024-02-03,True
1131,CLI001131,Cliente 1131,Restaurante,Caucaia,CE,2021-02-06,True
1132,CLI001132,Cliente 1132,Bar,Caucaia,CE,2022-04-17,True
1133,CLI001133,Cliente 1133,Restaurante,Fortaleza,CE,2024-11-18,True
1134,CLI001134,Cliente 1134,Restaurante,São Luís,MA,2024-08-24,True
1135,CLI001135,Cliente 1135,Supermercado,Olinda,PE,2021-01-28,True
1136,CLI001136,Cliente 1136,Bar,Salvador,BA,2025-06-21,True
1137,CLI001137,Cliente 1137,Bar,Salvador,BA,2025-11-23,True
1138,CLI001138,Cliente 1138,Bar,São Luís,MA,2023-10-05,True
1139,CLI001139,Cliente 1139,Supermercado,Olinda,PE,2023-04-16,True
1140,CLI001140,Cliente 1140,Mercadinho,Olinda,PE,2022-06-10,True
1141,CLI001141,Cliente 1141,Atacado,Caucaia,CE,2022-12-18,True
1142,CLI001142,Cliente 1142,Conveniência,Caucaia,CE,2022-03-08,True
1143,CLI001143,Cliente 1143,Atacado,Salvador,BA,2022-08-09,True
1144,CLI001144,Cliente 1144,Atacado,Recife,PE,2021-11-11,True
1145,CLI001145,Cliente 1145,Restaurante,Caucaia,CE,2024-09-06,True
1146,CLI001146,Cliente 1146,Mercadinho,Maracanaú,CE,2024-08-25,True
1147,CLI001147,Cliente 1147,Restaurante,São Luís,MA,2022-01-24,True
1148,CLI001148,Cliente 1148,Conveniência,Salvador,BA,2023-08-10,True
1149,CLI001149,Cliente 1149,Atacado,Caucaia,CE,2024-06-23,True
1150,CLI001150,Cliente 1150,Mercadinho,São Luís,MA,2022-11-18,True
1151,CLI001151,Cliente 1151,Bar,Fortaleza,CE,2025-04-15,True
1152,CLI001152,Cliente 1152,Mercadinho,Salvador,BA,2025-11-07,True
1153,CLI001153,Cliente 1153,Restaurante,Recife,PE,2022-01-03,True
1154,CLI001154,Cliente 1154,Conveniência,São Luís,MA,2021-09-13,True
1155,CLI001155,Cliente 1155,Atacado,Salvador,BA,2025-09-02,True
1156,CLI001156,Cliente 1156,Bar,Salvador,BA,2022-12-28,True
1157,CLI001157,Cliente 1157,Restaurante,Feira de Santana,BA,2021-05-12,True
1158,CLI001158,Cliente 1158,Atacado,São Luís,MA,2021-04-24,True
1159,CLI001159,Cliente 1159,Bar,Feira de Santana,BA,2023-03-26,True
1160,CLI001160,Cliente 1160,Conveniência,Feira de Santana,BA,2024-03-27,True
1161,CLI001161,Cliente 1161,Supermercado,Maracanaú,CE,2022-05-16,True
1162,CLI001162,Cliente 1162,Mercadinho,Salvador,BA,2025-07-03,False
1163,CLI001163,Cliente 1163,Bar,Olinda,PE,2022-09-15,True
1164,CLI001164,Cliente 1164,Supermercado,Caucaia,CE,2022-07-10,True
1165,CLI001165,Cliente 1165,Restaurante,Fortaleza,CE,2025-05-16,True
1166,CLI001166,Cliente 1166,Supermercado,São Luís,MA,2021-01-05,True
1167,CLI001167,Cliente 1167,Mercadinho,São Luís,MA,2023-07-06,True
1168,CLI001168,Cliente 1168,Mercadinho,Recife,PE,2021-05-16,True
1169,CLI001169,Cliente 1169,Atacado,Maracanaú,CE,2023-10-16,True
1170,CLI001170,Cliente 1170,Conveniência,Olinda,PE,2024-12-27,True
1171,CLI001171,Cliente 1171,Restaurante,Fortaleza,CE,2022-10-02,True
1172,CLI001172,Cliente 1172,Conveniência,São Luís,MA,2022-06-06,True
1173,CLI001173,Cliente 1173,Bar,Salvador,BA,2023-01-10,True
1174,CLI001174,Cliente 1174,Atacado,Maracanaú,CE,2022-11-06,True
1175,CLI001175,Cliente 1175,Atacado,Caucaia,CE,2023-06-27,True
1176,CLI001176,Cliente 1176,Restaurante,Olinda,PE,2023-02-18,True
1177,CLI001177,Cliente 1177,Mercadinho,Caucaia,CE,2022-09-10,True
1178,CLI001178,Cliente 1178,Bar,São Luís,MA,2023-03-04,True
1179,CLI001179,Cliente 1179,Supermercado,Recife,PE,2025-10-23,True
1180,CLI001180,Cliente 1180,Bar,Maracanaú,CE,2024-02-04,True
1181,CLI001181,Cliente 1181,Bar,Fortaleza,CE,2023-05-23,True
1182,CLI001182,Cliente 1182,Atacado,São Luís,MA,2025-06-06,True
1183,CLI001183,Cliente 1183,Conveniência,Fortaleza,CE,2021-04-05,True
1184,CLI001184,Cliente 1184,Conveniência,Caucaia,CE,2022-05-05,True
1185,CLI001185,Cliente 1185,Bar,Maracanaú,CE,2021-02-01,True
1186,CLI001186,Cliente 1186,Mercadinho,Feira de Santana,BA,2022-02-02,True
1187,CLI001187,Cliente 1187,Bar,Fortaleza,CE,2021-05-02,True
1188,CLI001188,Cliente 1188,Mercadinho,Fortaleza,CE,2021-10-07,True
1189,CLI001189,Cliente 1189,Supermercado,Recife,PE,2023-01-03,True
1190,CLI001190,Cliente 1190,Atacado,Olinda,PE,2023-06-06,True
1191,CLI001191,Cliente 1191,Atacado,Recife,PE,2025-02-04,True
1192,CLI001192,Cliente 1192,Atacado,Fortaleza,CE,2022-12-07,True
1193,CLI001193,Cliente 1193,Atacado,Caucaia,CE,2021-12-04,True
1194,CLI001194,Cliente 1194,Restaurante,São Luís,MA,2025-03-15,True
1195,CLI001195,Cliente 1195,Supermercado,Maracanaú,CE,2023-07-14,True
1196,CLI001196,Cliente 1196,Bar,Recife,PE,2021-06-04,True
1197,CLI001197,Cliente 1197,Bar,Caucaia,CE,2023-12-10,True
1198,CLI001198,Cliente 1198,Mercadinho,Fortaleza,CE,2023-08-04,True
1199,CLI001199,Cliente 1199,Atacado,São Luís,MA,2023-11-27,True
1200,CLI001200,Cliente 1200,Restaurante,Feira de Santana,BA,2024-04-28,True
1201,CLI001201,Cliente 1201,Conveniência,São Luís,MA,2023-03-01,True
1202,CLI001202,Cliente 1202,Conveniência,São Luís,MA,2021-07-15,True
1203,CLI001203,Cliente 1203,Mercadinho,Maracanaú,CE,2022-07-13,True
1204,CLI001204,Cliente 1204,Conveniência,Maracanaú,CE,2022-02-12,True
1205,CLI001205,Cliente 1205,Supermercado,Salvador,BA,2025-07-04,True
1206,CLI001206,Cliente 1206,Conveniência,Feira de Santana,BA,2024-05-25,True
1207,CLI001207,Cliente 1207,Conveniência,Olinda,PE,2024-06-16,True
1208,CLI001208,Cliente 1208,Bar,Feira de Santana,BA,2025-05-05,True
1209,CLI001209,Cliente 1209,Mercadinho,Maracanaú,CE,2023-08-16,True
1210,CLI001210,Cliente 1210,Mercadinho,Caucaia,CE,2021-12-02,True
1211,CLI001211,Cliente 1211,Conveniência,São Luís,MA,2021-03-13,True
1212,CLI001212,Cliente 1212,Supermercado,Salvador,BA,2023-10-20,True
1213,CLI001213,Cliente 1213,Conveniência,Maracanaú,CE,2025-08-26,True
1214,CLI001214,Cliente 1214,Conveniência,Olinda,PE,2024-08-17,True
1215,CLI001215,Cliente 1215,Atacado,Salvador,BA,2025-01-25,True
1216,CLI001216,Cliente 1216,Mercadinho,Feira de Santana,BA,2024-08-11,True
1217,CLI001217,Cliente 1217,Bar,São Luís,MA,2021-01-06,True
1218,CLI001218,Cliente 1218,Conveniência,Olinda,PE,2022-08-14,True
1219,CLI001219,Cliente 1219,Bar,Feira de Santana,BA,2021-10-22,True
1220,CLI001220,Cliente 1220,Bar,São Luís,MA,2025-03-17,True
1221,CLI001221,Cliente 1221,Bar,Olinda,PE,2025-07-20,True
1222,CLI001222,Cliente 1222,Restaurante,Olinda,PE,2021-01-19,True
1223,CLI001223,Cliente 1223,Restaurante,Salvador,BA,2025-01-25,True
1224,CLI001224,Cliente 1224,Bar,Salvador,BA,2021-07-12,True
1225,CLI001225,Cliente 1225,Restaurante,Feira de Santana,BA,2021-11-08,True
1226,CLI001226,Cliente 1226,Atacado,Olinda,PE,2021-12-03,True
1227,CLI001227,Cliente 1227,Restaurante,Maracanaú,CE,2022-01-18,True
1228,CLI001228,Cliente 1228,Conveniência,São Luís,MA,2024-10-17,True
1229,CLI001229,Cliente 1229,Mercadinho,Olinda,PE,2024-10-01,True
1230,CLI001230,Cliente 1230,Atacado,Feira de Santana,BA,2024-06-19,True
1231,CLI001231,Cliente 1231,Mercadinho,São Luís,MA,2022-06-16,True
1232,CLI001232,Cliente 1232,Supermercado,Salvador,BA,2025-05-12,True
1233,CLI001233,Cliente 1233,Bar,Recife,PE,2021-09-07,True
1234,CLI001234,Cliente 1234,Restaurante,Fortaleza,CE,2025-07-26,True
1235,CLI001235,Cliente 1235,Conveniência,Maracanaú,CE,2025-02-19,True
1236,CLI001236,Cliente 1236,Atacado,Maracanaú,CE,2025-08-14,True
1237,CLI001237,Cliente 1237,Conveniência,Maracanaú,CE,2023-09-26,True
1238,CLI001238,Cliente 1238,Supermercado,Salvador,BA,2024-07-09,True
1239,CLI001239,Cliente 1239,Conveniência,São Luís,MA,2025-03-01,True
1240,CLI001240,Cliente 1240,Atacado,Caucaia,CE,2024-04-22,True
1241,CLI001241,Cliente 1241,Restaurante,São Luís,MA,2025-10-28,True
1242,CLI001242,Cliente 1242,Atacado,Feira de Santana,BA,2021-09-07,True
1243,CLI001243,Cliente 1243,Supermercado,Caucaia,CE,2022-12-22,True
1244,CLI001244,Cliente 1244,Bar,Feira de Santana,BA,2023-02-21,True
1245,CLI001245,Cliente 1245,Restaurante,Feira de Santana,BA,2023-11-06,True
1246,CLI001246,Cliente 1246,Bar,Recife,PE,2022-02-05,True
1247,CLI001247,Cliente 1247,Restaurante,Recife,PE,2024-08-18,True
1248,CLI001248,Cliente 1248,Conveniência,Feira de Santana,BA,2021-04-06,True
1249,CLI001249,Cliente 1249,Restaurante,Fortaleza,CE,2023-11-18,True
1250,CLI001250,Cliente 1250,Conveniência,Fortaleza,CE,2024-01-02,True
1251,CLI001251,Cliente 1251,Restaurante,Maracanaú,CE,2025-05-28,True
1252,CLI001252,Cliente 1252,Restaurante,Feira de Santana,BA,2021-07-27,True
1253,CLI001253,Cliente 1253,Supermercado,Caucaia,CE,2021-10-24,True
1254,CLI001254,Cliente 1254,Atacado,Maracanaú,CE,2025-09-09,True
1255,CLI001255,Cliente 1255,Supermercado,Maracanaú,CE,2025-02-25,True
1256,CLI001256,Cliente 1256,Atacado,Salvador,BA,2024-12-24,True
1257,CLI001257,Cliente 1257,Supermercado,Feira de Santana,BA,2022-02-06,True
1258,CLI001258,Cliente 1258,Bar,Olinda,PE,2024-05-28,True
1259,CLI001259,Cliente 1259,Atacado,São Luís,MA,2023-12-04,True
1260,CLI001260,Cliente 1260,Bar,Feira de Santana,BA,2022-05-26,True
1261,CLI001261,Cliente 1261,Bar,Salvador,BA,2023-05-01,True
1262,CLI001262,Cliente 1262,Conveniência,Fortaleza,CE,2021-12-26,True
1263,CLI001263,Cliente 1263,Atacado,Olinda,PE,2024-05-21,True
1264,CLI001264,Cliente 1264,Conveniência,Salvador,BA,2021-09-28,True
1265,CLI001265,Cliente 1265,Bar,São Luís,MA,2021-07-09,True
1266,CLI001266,Cliente 1266,Restaurante,Recife,PE,2022-03-15,True
1267,CLI001267,Cliente 1267,Mercadinho,Feira de Santana,BA,2023-02-27,True
1268,CLI001268,Cliente 1268,Bar,São Luís,MA,2024-06-23,True
1269,CLI001269,Cliente 1269,Supermercado,Maracanaú,CE,2023-09-03,True
1270,CLI001270,Cliente 1270,Bar,Salvador,BA,2021-01-21,True
1271,CLI001271,Cliente 1271,Conveniência,São Luís,MA,2022-01-13,True
1272,CLI001272,Cliente 1272,Restaurante,Olinda,PE,2025-02-04,True
1273,CLI001273,Cliente 1273,Atacado,Caucaia,CE,2024-06-15,True
1274,CLI001274,Cliente 1274,Restaurante,Caucaia,CE,2022-11-19,True
1275,CLI001275,Cliente 1275,Supermercado,Olinda,PE,2021-07-12,True
1276,CLI001276,Cliente 1276,Atacado,Feira de Santana,BA,2022-01-01,True
1277,CLI001277,Cliente 1277,Mercadinho,Recife,PE,2024-04-09,True
1278,CLI001278,Cliente 1278,Mercadinho,Caucaia,CE,2024-10-14,True
1279,CLI001279,Cliente 1279,Mercadinho,Caucaia,CE,2023-03-19,True
1280,CLI001280,Cliente 1280,Bar,Feira de Santana,BA,2024-02-08,True
1281,CLI001281,Cliente 1281,Restaurante,Recife,PE,2023-12-16,True
1282,CLI001282,Cliente 1282,Supermercado,Feira de Santana,BA,2025-04-27,True
1283,CLI001283,Cliente 1283,Bar,Recife,PE,2022-07-26,True
1284,CLI001284,Cliente 1284,Restaurante,Olinda,PE,2022-10-15,True
1285,CLI001285,Cliente 1285,Atacado,Salvador,BA,2024-02-01,True
1286,CLI001286,Cliente 1286,Conveniência,Salvador,BA,2024-11-07,True
1287,CLI001287,Cliente 1287,Conveniência,Feira de Santana,BA,2025-05-03,True
1288,CLI001288,Cliente 1288,Mercadinho,Fortaleza,CE,2023-04-16,True
1289,CLI001289,Cliente 1289,Mercadinho,Fortaleza,CE,2023-09-20,True
1290,CLI001290,Cliente 1290,Conveniência,Feira de Santana,BA,2023-03-18,True
1291,CLI001291,Cliente 1291,Restaurante,Caucaia,CE,2022-09-16,True
1292,CLI001292,Cliente 1292,Supermercado,São Luís,MA,2021-06-23,True
1293,CLI001293,Cliente 1293,Restaurante,Caucaia,CE,2021-06-02,True
1294,CLI001294,Cliente 1294,Restaurante,São Luís,MA,2023-07-10,True
1295,CLI001295,Cliente 1295,Atacado,Olinda,PE,2023-09-11,True
1296,CLI001296,Cliente 1296,Restaurante,Caucaia,CE,2024-03-18,True
1297,CLI001297,Cliente 1297,Mercadinho,São Luís,MA,2022-03-02,True
1298,CLI001298,Cliente 1298,Bar,Fortaleza,CE,2023-03-23,True
1299,CLI001299,Cliente 1299,Bar,Maracanaú,CE,2021-08-12,True
1300,CLI001300,Cliente 1300,Bar,São Luís,MA,2024-02-28,True
1301,CLI001301,Cliente 1301,Mercadinho,Caucaia,CE,2023-02-07,True
1302,CLI001302,Cliente 1302,Supermercado,Caucaia,CE,2025-05-19,True
1303,CLI001303,Cliente 1303,Atacado,Recife,PE,2021-09-25,True
1304,CLI001304,Cliente 1304,Mercadinho,Feira de Santana,BA,2022-08-22,True
1305,CLI001305,Cliente 1305,Mercadinho,Salvador,BA,2023-11-22,True
1306,CLI001306,Cliente 1306,Atacado,Salvador,BA,2021-06-05,False
1307,CLI001307,Cliente 1307,Conveniência,São Luís,MA,2024-08-21,True
1308,CLI001308,Cliente 1308,Restaurante,Fortaleza,CE,2021-11-20,True
1309,CLI001309,Cliente 1309,Conveniência,Salvador,BA,2025-03-07,True
1310,CLI001310,Cliente 1310,Restaurante,Olinda,PE,2021-12-03,True
1311,CLI001311,Cliente 1311,Mercadinho,Feira de Santana,BA,2024-05-06,True
1312,CLI001312,Cliente 1312,Mercadinho,Feira de Santana,BA,2021-04-06,True
1313,CLI001313,Cliente 1313,Restaurante,Feira de Santana,BA,2022-02-10,True
1314,CLI001314,Cliente 1314,Conveniência,Feira de Santana,BA,2023-11-20,True
1315,CLI001315,Cliente 1315,Restaurante,Maracanaú,CE,2025-04-16,True
1316,CLI001316,Cliente 1316,Bar,Feira de Santana,BA,2023-10-20,True
1317,CLI001317,Cliente 1317,Restaurante,Feira de Santana,BA,2025-03-14,True
1318,CLI001318,Cliente 1318,Mercadinho,Maracanaú,CE,2025-06-15,True
1319,CLI001319,Cliente 1319,Bar,Caucaia,CE,2025-11-21,True
1320,CLI001320,Cliente 1320,Bar,Olinda,PE,2024-02-26,True
1321,CLI001321,Cliente 1321,Supermercado,Caucaia,CE,2023-04-17,True
1322,CLI001322,Cliente 1322,Atacado,Fortaleza,CE,2021-01-17,True
1323,CLI001323,Cliente 1323,Bar,Feira de Santana,BA,2021-08-22,True
1324,CLI001324,Cliente 1324,Restaurante,Olinda,PE,2023-10-03,True
1325,CLI001325,Cliente 1325,Mercadinho,Fortaleza,CE,2024-03-26,True
1326,CLI001326,Cliente 1326,Mercadinho,Feira de Santana,BA,2021-07-23,True
1327,CLI001327,Cliente 1327,Conveniência,São Luís,MA,2024-10-26,True
1328,CLI001328,Cliente 1328,Supermercado,Caucaia,CE,2022-02-24,True
1329,CLI001329,Cliente 1329,Conveniência,Olinda,PE,2021-07-18,False
1330,CLI001330,Cliente 1330,Mercadinho,Feira de Santana,BA,2021-03-21,True
1331,CLI001331,Cliente 1331,Conveniência,Feira de Santana,BA,2025-12-16,True
1332,CLI001332,Cliente 1332,Conveniência,Salvador,BA,2024-05-03,True
1333,CLI001333,Cliente 1333,Supermercado,Fortaleza,CE,2021-01-23,True
1334,CLI001334,Cliente 1334,Supermercado,Fortaleza,CE,2024-11-05,True
1335,CLI001335,Cliente 1335,Conveniência,Feira de Santana,BA,2025-04-03,True
1336,CLI001336,Cliente 1336,Supermercado,São Luís,MA,2024-07-01,True
1337,CLI001337,Cliente 1337,Conveniência,Caucaia,CE,2024-08-16,False
1338,CLI001338,Cliente 1338,Atacado,São Luís,MA,2022-04-10,True
1339,CLI001339,Cliente 1339,Mercadinho,Feira de Santana,BA,2023-01-04,True
1340,CLI001340,Cliente 1340,Bar,Feira de Santana,BA,2024-12-19,True
1341,CLI001341,Cliente 1341,Mercadinho,Olinda,PE,2024-07-16,True
1342,CLI001342,Cliente 1342,Supermercado,São Luís,MA,2021-09-01,True
1343,CLI001343,Cliente 1343,Atacado,Salvador,BA,2021-05-21,True
1344,CLI001344,Cliente 1344,Mercadinho,São Luís,MA,2024-10-21,True
1345,CLI001345,Cliente 1345,Mercadinho,Feira de Santana,BA,2022-05-24,True
1346,CLI001346,Cliente 1346,Bar,Salvador,BA,2022-09-08,True
1347,CLI001347,Cliente 1347,Atacado,Salvador,BA,2024-03-10,True
1348,CLI001348,Cliente 1348,Bar,Feira de Santana,BA,2023-08-26,True
1349,CLI001349,Cliente 1349,Atacado,Caucaia,CE,2022-05-23,True
1350,CLI001350,Cliente 1350,Supermercado,São Luís,MA,2022-04-06,True
1351,CLI001351,Cliente 1351,Bar,Maracanaú,CE,2024-05-08,True
1352,CLI001352,Cliente 1352,Mercadinho,Fortaleza,CE,2023-05-12,True
1353,CLI001353,Cliente 1353,Atacado,Caucaia,CE,2021-02-11,True
1354,CLI001354,Cliente 1354,Mercadinho,Recife,PE,2025-04-16,True
1355,CLI001355,Cliente 1355,Restaurante,Salvador,BA,2021-09-09,True
1356,CLI001356,Cliente 1356,Conveniência,Maracanaú,CE,2021-08-26,True
1357,CLI001357,Cliente 1357,Mercadinho,Maracanaú,CE,2025-10-26,True
1358,CLI001358,Cliente 1358,Atacado,Maracanaú,CE,2021-09-04,True
1359,CLI001359,Cliente 1359,Supermercado,Maracanaú,CE,2023-03-24,True
1360,CLI001360,Cliente 1360,Atacado,São Luís,MA,2024-12-28,True
1361,CLI001361,Cliente 1361,Restaurante,Salvador,BA,2022-02-28,True
1362,CLI001362,Cliente 1362,Mercadinho,Feira de Santana,BA,2022-08-11,True
1363,CLI001363,Cliente 1363,Mercadinho,Caucaia,CE,2023-06-23,True
1364,CLI001364,Cliente 1364,Conveniência,Salvador,BA,2022-03-25,True
1365,CLI001365,Cliente 1365,Supermercado,Feira de Santana,BA,2022-07-14,True
1366,CLI001366,Cliente 1366,Atacado,São Luís,MA,2023-01-15,True
1367,CLI001367,Cliente 1367,Conveniência,Fortaleza,CE,2025-02-03,True
1368,CLI001368,Cliente 1368,Supermercado,Feira de Santana,BA,2024-01-13,True
1369,CLI001369,Cliente 1369,Atacado,Caucaia,CE,2021-11-23,True
1370,CLI001370,Cliente 1370,Bar,Olinda,PE,2024-11-23,True
1371,CLI001371,Cliente 1371,Conveniência,Olinda,PE,2023-06-01,True
1372,CLI001372,Cliente 1372,Conveniência,Caucaia,CE,2024-08-21,True
1373,CLI001373,Cliente 1373,Conveniência,São Luís,MA,2023-11-13,True
1374,CLI001374,Cliente 1374,Mercadinho,Olinda,PE,2021-09-11,True
1375,CLI001375,Cliente 1375,Atacado,Caucaia,CE,2025-05-07,True
1376,CLI001376,Cliente 1376,Atacado,Olinda,PE,2023-11-06,False
1377,CLI001377,Cliente 1377,Supermercado,Olinda,PE,2023-12-14,True
1378,CLI001378,Cliente 1378,Conveniência,Maracanaú,CE,2021-06-09,True
1379,CLI001379,Cliente 1379,Mercadinho,Salvador,BA,2021-11-04,True
1380,CLI001380,Cliente 1380,Bar,Fortaleza,CE,2023-04-26,True
1381,CLI001381,Cliente 1381,Restaurante,Recife,PE,2023-05-22,True
1382,CLI001382,Cliente 1382,Conveniência,Caucaia,CE,2024-09-24,True
1383,CLI001383,Cliente 1383,Atacado,Salvador,BA,2025-04-27,True
1384,CLI001384,Cliente 1384,Mercadinho,São Luís,MA,2022-12-14,True
1385,CLI001385,Cliente 1385,Mercadinho,Maracanaú,CE,2021-07-05,True
1386,CLI001386,Cliente 1386,Mercadinho,São Luís,MA,2023-11-17,True
1387,CLI001387,Cliente 1387,Restaurante,Feira de Santana,BA,2025-08-21,True
1388,CLI001388,Cliente 1388,Conveniência,São Luís,MA,2024-12-14,True
1389,CLI001389,Cliente 1389,Atacado,Caucaia,CE,2022-08-23,True
1390,CLI001390,Cliente 1390,Conveniência,Maracanaú,CE,2022-08-16,True
1391,CLI001391,Cliente 1391,Atacado,Caucaia,CE,2023-02-20,True
1392,CLI001392,Cliente 1392,Mercadinho,Maracanaú,CE,2023-10-10,True
1393,CLI001393,Cliente 1393,Mercadinho,Caucaia,CE,2023-05-12,True
1394,CLI001394,Cliente 1394,Mercadinho,São Luís,MA,2022-03-26,True
1395,CLI001395,Cliente 1395,Restaurante,Fortaleza,CE,2023-04-06,True
1396,CLI001396,Cliente 1396,Mercadinho,São Luís,MA,2021-09-12,True
1397,CLI001397,Cliente 1397,Bar,Fortaleza,CE,2024-10-10,True
1398,CLI001398,Cliente 1398,Bar,Salvador,BA,2024-12-27,True
1399,CLI001399,Cliente 1399,Atacado,Caucaia,CE,2024-08-22,True
1400,CLI001400,Cliente 1400,Mercadinho,Salvador,BA,2025-11-20,True
1401,CLI001401,Cliente 1401,Bar,Recife,PE,2023-09-02,True
1402,CLI001402,Cliente 1402,Conveniência,São Luís,MA,2023-11-03,True
1403,CLI001403,Cliente 1403,Atacado,Fortaleza,CE,2023-09-21,True
1404,CLI001404,Cliente 1404,Supermercado,Maracanaú,CE,2025-09-19,True
1405,CLI001405,Cliente 1405,Bar,Recife,PE,2025-01-04,True
1406,CLI001406,Cliente 1406,Mercadinho,Caucaia,CE,2023-04-08,True
1407,CLI001407,Cliente 1407,Mercadinho,São Luís,MA,2025-10-11,True
1408,CLI001408,Cliente 1408,Bar,Fortaleza,CE,2021-06-14,True
1409,CLI001409,Cliente 1409,Atacado,Fortaleza,CE,2023-07-09,True
1410,CLI001410,Cliente 1410,Atacado,Maracanaú,CE,2022-05-05,True
1411,CLI001411,Cliente 1411,Supermercado,Maracanaú,CE,2023-07-22,True
1412,CLI001412,Cliente 1412,Supermercado,Salvador,BA,2021-12-02,True
1413,CLI001413,Cliente 1413,Restaurante,Maracanaú,CE,2022-07-11,True
1414,CLI001414,Cliente 1414,Mercadinho,Maracanaú,CE,2022-04-25,True
1415,CLI001415,Cliente 1415,Bar,Recife,PE,2025-09-13,True
1416,CLI001416,Cliente 1416,Mercadinho,Olinda,PE,2023-08-18,True
1417,CLI001417,Cliente 1417,Mercadinho,São Luís,MA,2024-11-08,True
1418,CLI001418,Cliente 1418,Restaurante,Fortaleza,CE,2025-10-22,True
1419,CLI001419,Cliente 1419,Restaurante,Caucaia,CE,2025-07-15,True
1420,CLI001420,Cliente 1420,Supermercado,Recife,PE,2023-09-06,True
1421,CLI001421,Cliente 1421,Atacado,Feira de Santana,BA,2024-01-01,True
1422,CLI001422,Cliente 1422,Conveniência,Olinda,PE,2022-01-02,True
1423,CLI001423,Cliente 1423,Restaurante,São Luís,MA,2025-05-27,True
1424,CLI001424,Cliente 1424,Conveniência,Salvador,BA,2022-10-27,True
1425,CLI001425,Cliente 1425,Supermercado,Fortaleza,CE,2025-10-03,True
1426,CLI001426,Cliente 1426,Conveniência,Feira de Santana,BA,2021-03-24,True
1427,CLI001427,Cliente 1427,Bar,Olinda,PE,2022-10-17,True
1428,CLI001428,Cliente 1428,Conveniência,Salvador,BA,2023-11-09,True
1429,CLI001429,Cliente 1429,Restaurante,São Luís,MA,2022-11-11,True
1430,CLI001430,Cliente 1430,Atacado,São Luís,MA,2023-01-23,True
1431,CLI001431,Cliente 1431,Atacado,Fortaleza,CE,2024-01-01,True
1432,CLI001432,Cliente 1432,Atacado,Feira de Santana,BA,2024-07-18,True
1433,CLI001433,Cliente 1433,Atacado,Maracanaú,CE,2021-11-15,True
1434,CLI001434,Cliente 1434,Bar,Salvador,BA,2025-06-13,True
1435,CLI001435,Cliente 1435,Mercadinho,Fortaleza,CE,2024-06-07,True
1436,CLI001436,Cliente 1436,Conveniência,Recife,PE,2021-05-22,True
1437,CLI001437,Cliente 1437,Supermercado,Salvador,BA,2021-10-21,True
1438,CLI001438,Cliente 1438,Supermercado,Recife,PE,2024-06-02,True
1439,CLI001439,Cliente 1439,Mercadinho,Recife,PE,2022-11-13,True
1440,CLI001440,Cliente 1440,Atacado,Olinda,PE,2025-08-06,True
1441,CLI001441,Cliente 1441,Mercadinho,Caucaia,CE,2025-03-24,True
1442,CLI001442,Cliente 1442,Atacado,Olinda,PE,2022-09-24,True
1443,CLI001443,Cliente 1443,Conveniência,Recife,PE,2021-12-22,True
1444,CLI001444,Cliente 1444,Conveniência,Olinda,PE,2025-08-01,True
1445,CLI001445,Cliente 1445,Restaurante,Fortaleza,CE,2024-07-09,True
1446,CLI001446,Cliente 1446,Bar,São Luís,MA,2023-09-25,True
1447,CLI001447,Cliente 1447,Mercadinho,Recife,PE,2023-07-18,True
1448,CLI001448,Cliente 1448,Bar,Fortaleza,CE,2022-06-03,True
1449,CLI001449,Cliente 1449,Conveniência,Fortaleza,CE,2022-12-14,True
1450,CLI001450,Cliente 1450,Supermercado,Recife,PE,2022-06-10,True
1451,CLI001451,Cliente 1451,Mercadinho,Maracanaú,CE,2024-07-26,False
1452,CLI001452,Cliente 1452,Restaurante,Salvador,BA,2022-02-16,True
1453,CLI001453,Cliente 1453,Mercadinho,Salvador,BA,2023-09-26,True
1454,CLI001454,Cliente 1454,Atacado,Maracanaú,CE,2025-08-25,True
1455,CLI001455,Cliente 1455,Atacado,São Luís,MA,2021-02-02,True
1456,CLI001456,Cliente 1456,Restaurante,Feira de Santana,BA,2021-03-02,True
1457,CLI001457,Cliente 1457,Mercadinho,São Luís,MA,2023-10-21,True
1458,CLI001458,Cliente 1458,Conveniência,Maracanaú,CE,2021-09-02,True
1459,CLI001459,Cliente 1459,Bar,Feira de Santana,BA,2021-10-25,True
1460,CLI001460,Cliente 1460,Bar,Fortaleza,CE,2024-08-26,True
1461,CLI001461,Cliente 1461,Restaurante,Maracanaú,CE,2021-08-17,True
1462,CLI001462,Cliente 1462,Mercadinho,Recife,PE,2021-01-20,True
1463,CLI001463,Cliente 1463,Atacado,Recife,PE,2022-11-17,True
1464,CLI001464,Cliente 1464,Bar,Feira de Santana,BA,2025-08-06,True
1465,CLI001465,Cliente 1465,Mercadinho,Fortaleza,CE,2022-05-19,True
1466,CLI001466,Cliente 1466,Restaurante,Salvador,BA,2025-09-25,True
1467,CLI001467,Cliente 1467,Restaurante,São Luís,MA,2025-06-10,True
1468,CLI001468,Cliente 1468,Atacado,Fortaleza,CE,2025-11-22,True
1469,CLI001469,Cliente 1469,Atacado,Recife,PE,2025-01-14,True
1470,CLI001470,Cliente 1470,Conveniência,Recife,PE,2022-02-11,True
1471,CLI001471,Cliente 1471,Conveniência,São Luís,MA,2024-10-23,True
1472,CLI001472,Cliente 1472,Atacado,Salvador,BA,2023-07-11,True
1473,CLI001473,Cliente 1473,Mercadinho,São Luís,MA,2024-04-01,True
1474,CLI001474,Cliente 1474,Bar,Recife,PE,2025-04-08,True
1475,CLI001475,Cliente 1475,Conveniência,Salvador,BA,2024-04-13,True
1476,CLI001476,Cliente 1476,Restaurante,Fortaleza,CE,2021-02-12,True
1477,CLI001477,Cliente 1477,Supermercado,Maracanaú,CE,2023-08-07,True
1478,CLI001478,Cliente 1478,Mercadinho,Salvador,BA,2021-04-07,True
1479,CLI001479,Cliente 1479,Restaurante,Recife,PE,2022-06-28,True
1480,CLI001480,Cliente 1480,Supermercado,Caucaia,CE,2021-03-27,True
1481,CLI001481,Cliente 1481,Mercadinho,Maracanaú,CE,2022-07-21,True
1482,CLI001482,Cliente 1482,Restaurante,Maracanaú,CE,2022-05-15,True
1483,CLI001483,Cliente 1483,Conveniência,Salvador,BA,2022-09-26,True
1484,CLI001484,Cliente 1484,Conveniência,Feira de Santana,BA,2021-02-05,True
1485,CLI001485,Cliente 1485,Supermercado,Caucaia,CE,2022-09-13,True
1486,CLI001486,Cliente 1486,Atacado,Salvador,BA,2024-11-08,True
1487,CLI001487,Cliente 1487,Atacado,Recife,PE,2023-03-11,True
1488,CLI001488,Cliente 1488,Supermercado,Olinda,PE,2025-10-16,True
1489,CLI001489,Cliente 1489,Bar,Maracanaú,CE,2025-02-06,True
1490,CLI001490,Cliente 1490,Bar,Salvador,BA,2025-08-06,True
1491,CLI001491,Cliente 1491,Atacado,Salvador,BA,2024-12-16,True
1492,CLI001492,Cliente 1492,Conveniência,Feira de Santana,BA,2025-11-02,True
1493,CLI001493,Cliente 1493,Bar,Recife,PE,2022-07-07,True
1494,CLI001494,Cliente 1494,Atacado,Feira de Santana,BA,2022-06-09,True
1495,CLI001495,Cliente 1495,Mercadinho,Caucaia,CE,2023-08-17,True
1496,CLI001496,Cliente 1496,Bar,Fortaleza,CE,2025-10-11,True
1497,CLI001497,Cliente 1497,Bar,São Luís,MA,2024-06-26,True
1498,CLI001498,Cliente 1498,Bar,Olinda,PE,2021-03-15,True
1499,CLI001499,Cliente 1499,Restaurante,Maracanaú,CE,2021-05-27,True
1500,CLI001500,Cliente 1500,Restaurante,Maracanaú,CE,2022-02-04,True
1501,CLI001501,Cliente 1501,Atacado,Fortaleza,CE,2022-06-07,True
1502,CLI001502,Cliente 1502,Restaurante,Olinda,PE,2023-04-23,True
1503,CLI001503,Cliente 1503,Conveniência,Caucaia,CE,2025-05-01,True
1504,CLI001504,Cliente 1504,Restaurante,Olinda,PE,2024-07-27,True
1505,CLI001505,Cliente 1505,Bar,Fortaleza,CE,2025-03-28,True
1506,CLI001506,Cliente 1506,Conveniência,Recife,PE,2022-08-08,True
1507,CLI001507,Cliente 1507,Conveniência,São Luís,MA,2024-06-26,True
1508,CLI001508,Cliente 1508,Bar,Recife,PE,2024-04-15,True
1509,CLI001509,Cliente 1509,Restaurante,Fortaleza,CE,2022-10-28,True
1510,CLI001510,Cliente 1510,Bar,Fortaleza,CE,2023-06-08,True
1511,CLI001511,Cliente 1511,Conveniência,Feira de Santana,BA,2025-05-11,True
1512,CLI001512,Cliente 1512,Supermercado,Fortaleza,CE,2022-06-19,True
1513,CLI001513,Cliente 1513,Bar,Feira de Santana,BA,2022-07-03,True
1514,CLI001514,Cliente 1514,Bar,Recife,PE,2021-06-19,True
1515,CLI001515,Cliente 1515,Mercadinho,Olinda,PE,2022-02-22,True
1516,CLI001516,Cliente 1516,Conveniência,Fortaleza,CE,2025-08-01,True
1517,CLI001517,Cliente 1517,Bar,Maracanaú,CE,2023-04-08,True
1518,CLI001518,Cliente 1518,Bar,Maracanaú,CE,2021-06-17,False
1519,CLI001519,Cliente 1519,Bar,Salvador,BA,2024-03-04,True
1520,CLI001520,Cliente 1520,Bar,Feira de Santana,BA,2021-07-28,True
1521,CLI001521,Cliente 1521,Restaurante,Recife,PE,2024-12-22,True
1522,CLI001522,Cliente 1522,Atacado,Olinda,PE,2022-09-23,True
1523,CLI001523,Cliente 1523,Supermercado,Olinda,PE,2021-03-15,True
1524,CLI001524,Cliente 1524,Atacado,Feira de Santana,BA,2022-09-11,True
1525,CLI001525,Cliente 1525,Bar,São Luís,MA,2024-10-02,True
1526,CLI001526,Cliente 1526,Conveniência,Olinda,PE,2024-06-23,True
1527,CLI001527,Cliente 1527,Bar,Olinda,PE,2025-03-14,True
1528,CLI001528,Cliente 1528,Bar,Feira de Santana,BA,2024-11-06,True
1529,CLI001529,Cliente 1529,Bar,Maracanaú,CE,2021-04-28,True
1530,CLI001530,Cliente 1530,Conveniência,Olinda,PE,2021-12-24,True
1531,CLI001531,Cliente 1531,Bar,Recife,PE,2024-09-04,True
1532,CLI001532,Cliente 1532,Mercadinho,Maracanaú,CE,2025-06-14,True
1533,CLI001533,Cliente 1533,Supermercado,Olinda,PE,2025-01-15,False
1534,CLI001534,Cliente 1534,Bar,São Luís,MA,2023-12-13,True
1535,CLI001535,Cliente 1535,Mercadinho,Feira de Santana,BA,2021-05-04,True
1536,CLI001536,Cliente 1536,Restaurante,Caucaia,CE,2024-08-15,True
1537,CLI001537,Cliente 1537,Conveniência,Recife,PE,2024-03-16,True
1538,CLI001538,Cliente 1538,Supermercado,Caucaia,CE,2021-10-04,True
1539,CLI001539,Cliente 1539,Atacado,Maracanaú,CE,2024-03-03,True
1540,CLI001540,Cliente 1540,Conveniência,Fortaleza,CE,2023-03-15,True
1541,CLI001541,Cliente 1541,Conveniência,Recife,PE,2021-11-18,True
1542,CLI001542,Cliente 1542,Conveniência,Fortaleza,CE,2025-11-22,True
1543,CLI001543,Cliente 1543,Bar,Maracanaú,CE,2023-08-02,True
1544,CLI001544,Cliente 1544,Bar,Fortaleza,CE,2022-04-12,True
1545,CLI001545,Cliente 1545,Mercadinho,Recife,PE,2021-07-01,True
1546,CLI001546,Cliente 1546,Supermercado,Salvador,BA,2021-04-04,True
1547,CLI001547,Cliente 1547,Conveniência,Caucaia,CE,2022-01-14,True
1548,CLI001548,Cliente 1548,Restaurante,Salvador,BA,2025-11-07,True
1549,CLI001549,Cliente 1549,Bar,Feira de Santana,BA,2021-04-07,True
1550,CLI001550,Cliente 1550,Supermercado,Salvador,BA,2021-07-21,True
1551,CLI001551,Cliente 1551,Supermercado,Feira de Santana,BA,2024-04-03,True
1552,CLI001552,Cliente 1552,Conveniência,Olinda,PE,2025-06-02,True
1553,CLI001553,Cliente 1553,Bar,Recife,PE,2023-10-16,True
1554,CLI001554,Cliente 1554,Conveniência,Maracanaú,CE,2025-10-06,True
1555,CLI001555,Cliente 1555,Atacado,Maracanaú,CE,2023-11-23,True
1556,CLI001556,Cliente 1556,Restaurante,Caucaia,CE,2022-11-25,True
1557,CLI001557,Cliente 1557,Conveniência,Salvador,BA,2024-02-11,False
1558,CLI001558,Cliente 1558,Bar,São Luís,MA,2025-11-24,True
1559,CLI001559,Cliente 1559,Supermercado,Fortaleza,CE,2021-10-25,True
1560,CLI001560,Cliente 1560,Supermercado,Olinda,PE,2024-04-20,True
1561,CLI001561,Cliente 1561,Restaurante,Caucaia,CE,2024-05-07,True
1562,CLI001562,Cliente 1562,Conveniência,Recife,PE,2021-04-24,True
1563,CLI001563,Cliente 1563,Conveniência,São Luís,MA,2023-03-09,True
1564,CLI001564,Cliente 1564,Atacado,Fortaleza,CE,2024-11-27,True
1565,CLI001565,Cliente 1565,Supermercado,Fortaleza,CE,2023-06-08,True
1566,CLI001566,Cliente 1566,Conveniência,Fortaleza,CE,2022-11-23,True
1567,CLI001567,Cliente 1567,Atacado,Feira de Santana,BA,2023-03-15,True
1568,CLI001568,Cliente 1568,Bar,Maracanaú,CE,2021-04-02,True
1569,CLI001569,Cliente 1569,Supermercado,Caucaia,CE,2022-02-06,True
1570,CLI001570,Cliente 1570,Supermercado,Recife,PE,2025-02-14,True
1571,CLI001571,Cliente 1571,Supermercado,Olinda,PE,2022-04-14,True
1572,CLI001572,Cliente 1572,Restaurante,Recife,PE,2023-10-15,True
1573,CLI001573,Cliente 1573,Restaurante,Recife,PE,2024-02-12,True
1574,CLI001574,Cliente 1574,Bar,Caucaia,CE,2024-07-17,True
1575,CLI001575,Cliente 1575,Supermercado,Feira de Santana,BA,2024-01-25,True
1576,CLI001576,Cliente 1576,Restaurante,Maracanaú,CE,2025-09-05,True
1577,CLI001577,Cliente 1577,Restaurante,Caucaia,CE,2024-08-10,True
1578,CLI001578,Cliente 1578,Atacado,Feira de Santana,BA,2025-08-03,True
1579,CLI001579,Cliente 1579,Supermercado,São Luís,MA,2022-04-01,False
1580,CLI001580,Cliente 1580,Bar,Salvador,BA,2024-07-13,True
1581,CLI001581,Cliente 1581,Bar,Salvador,BA,2024-05-21,True
1582,CLI001582,Cliente 1582,Bar,Maracanaú,CE,2021-02-13,True
1583,CLI001583,Cliente 1583,Supermercado,Caucaia,CE,2024-05-25,True
1584,CLI001584,Cliente 1584,Atacado,Salvador,BA,2024-11-23,True
1585,CLI001585,Cliente 1585,Conveniência,Fortaleza,CE,2024-07-24,True
1586,CLI001586,Cliente 1586,Mercadinho,São Luís,MA,2023-11-23,True
1587,CLI001587,Cliente 1587,Restaurante,Caucaia,CE,2025-08-22,True
1588,CLI001588,Cliente 1588,Atacado,Recife,PE,2025-11-27,True
1589,CLI001589,Cliente 1589,Mercadinho,Maracanaú,CE,2024-07-23,True
1590,CLI001590,Cliente 1590,Atacado,Maracanaú,CE,2022-07-06,True
1591,CLI001591,Cliente 1591,Conveniência,Olinda,PE,2023-09-18,True
1592,CLI001592,Cliente 1592,Atacado,Feira de Santana,BA,2023-12-14,True
1593,CLI001593,Cliente 1593,Mercadinho,Maracanaú,CE,2025-06-27,True
1594,CLI001594,Cliente 1594,Conveniência,Recife,PE,2024-12-10,False
1595,CLI001595,Cliente 1595,Bar,Caucaia,CE,2021-02-03,True
1596,CLI001596,Cliente 1596,Atacado,Feira de Santana,BA,2024-11-10,True
1597,CLI001597,Cliente 1597,Supermercado,Caucaia,CE,2023-03-23,True
1598,CLI001598,Cliente 1598,Supermercado,São Luís,MA,2025-02-15,True
1599,CLI001599,Cliente 1599,Supermercado,Recife,PE,2022-01-24,True
1600,CLI001600,Cliente 1600,Restaurante,Recife,PE,2024-08-21,True
1601,CLI001601,Cliente 1601,Conveniência,Maracanaú,CE,2022-02-10,True
1602,CLI001602,Cliente 1602,Restaurante,Maracanaú,CE,2021-06-01,True
1603,CLI001603,Cliente 1603,Bar,São Luís,MA,2021-01-02,True
1604,CLI001604,Cliente 1604,Conveniência,Fortaleza,CE,2025-01-04,True
1605,CLI001605,Cliente 1605,Bar,Fortaleza,CE,2025-09-25,True
1606,CLI001606,Cliente 1606,Bar,São Luís,MA,2023-10-14,True
1607,CLI001607,Cliente 1607,Restaurante,Salvador,BA,2022-06-22,True
1608,CLI001608,Cliente 1608,Restaurante,Fortaleza,CE,2023-02-01,True
1609,CLI001609,Cliente 1609,Conveniência,Feira de Santana,BA,2022-01-20,True
1610,CLI001610,Cliente 1610,Conveniência,Olinda,PE,2022-06-15,True
1611,CLI001611,Cliente 1611,Atacado,São Luís,MA,2024-11-07,False
1612,CLI001612,Cliente 1612,Mercadinho,Salvador,BA,2023-01-26,True
1613,CLI001613,Cliente 1613,Supermercado,São Luís,MA,2025-08-13,True
1614,CLI001614,Cliente 1614,Restaurante,Maracanaú,CE,2024-08-22,True
1615,CLI001615,Cliente 1615,Conveniência,Maracanaú,CE,2024-05-20,True
1616,CLI001616,Cliente 1616,Atacado,Caucaia,CE,2025-12-17,True
1617,CLI001617,Cliente 1617,Mercadinho,São Luís,MA,2023-11-18,True
1618,CLI001618,Cliente 1618,Supermercado,São Luís,MA,2024-02-16,True
1619,CLI001619,Cliente 1619,Supermercado,Recife,PE,2022-03-25,True
1620,CLI001620,Cliente 1620,Mercadinho,Maracanaú,CE,2024-12-01,True
1621,CLI001621,Cliente 1621,Bar,Salvador,BA,2023-04-24,True
1622,CLI001622,Cliente 1622,Conveniência,São Luís,MA,2021-11-05,True
1623,CLI001623,Cliente 1623,Mercadinho,São Luís,MA,2023-04-19,True
1624,CLI001624,Cliente 1624,Conveniência,Maracanaú,CE,2023-07-23,True
1625,CLI001625,Cliente 1625,Conveniência,Feira de Santana,BA,2025-07-26,True
1626,CLI001626,Cliente 1626,Mercadinho,Olinda,PE,2023-02-04,True
1627,CLI001627,Cliente 1627,Conveniência,Recife,PE,2021-10-12,True
1628,CLI001628,Cliente 1628,Bar,Salvador,BA,2025-12-01,True
1629,CLI001629,Cliente 1629,Bar,Recife,PE,2024-06-25,True
1630,CLI001630,Cliente 1630,Atacado,Caucaia,CE,2025-10-08,True
1631,CLI001631,Cliente 1631,Atacado,Fortaleza,CE,2024-06-05,True
1632,CLI001632,Cliente 1632,Supermercado,Olinda,PE,2024-11-15,True
1633,CLI001633,Cliente 1633,Supermercado,Olinda,PE,2021-10-11,True
1634,CLI001634,Cliente 1634,Restaurante,Maracanaú,CE,2025-08-21,True
1635,CLI001635,Cliente 1635,Restaurante,São Luís,MA,2024-01-26,True
1636,CLI001636,Cliente 1636,Conveniência,Recife,PE,2022-12-24,True
1637,CLI001637,Cliente 1637,Bar,Caucaia,CE,2024-05-27,True
1638,CLI001638,Cliente 1638,Mercadinho,Caucaia,CE,2025-07-11,True
1639,CLI001639,Cliente 1639,Restaurante,São Luís,MA,2024-07-03,True
1640,CLI001640,Cliente 1640,Restaurante,Olinda,PE,2022-12-28,True
1641,CLI001641,Cliente 1641,Supermercado,Maracanaú,CE,2023-10-28,True
1642,CLI001642,Cliente 1642,Bar,Olinda,PE,2022-10-05,True
1643,CLI001643,Cliente 1643,Restaurante,São Luís,MA,2022-04-07,True
1644,CLI001644,Cliente 1644,Conveniência,Recife,PE,2021-06-24,True
1645,CLI001645,Cliente 1645,Conveniência,Maracanaú,CE,2022-07-14,True
1646,CLI001646,Cliente 1646,Mercadinho,Caucaia,CE,2021-06-16,True
1647,CLI001647,Cliente 1647,Mercadinho,Fortaleza,CE,2025-11-11,True
1648,CLI001648,Cliente 1648,Conveniência,Caucaia,CE,2024-04-02,True
1649,CLI001649,Cliente 1649,Bar,Feira de Santana,BA,2023-12-20,True
1650,CLI001650,Cliente 1650,Conveniência,Feira de Santana,BA,2021-08-28,True
1651,CLI001651,Cliente 1651,Restaurante,Feira de Santana,BA,2024-06-01,True
1652,CLI001652,Cliente 1652,Mercadinho,Maracanaú,CE,2024-11-22,True
1653,CLI001653,Cliente 1653,Mercadinho,Recife,PE,2025-10-19,True
1654,CLI001654,Cliente 1654,Atacado,Maracanaú,CE,2022-07-16,True
1655,CLI001655,Cliente 1655,Restaurante,Feira de Santana,BA,2025-03-04,True
1656,CLI001656,Cliente 1656,Bar,Caucaia,CE,2021-07-18,True
1657,CLI001657,Cliente 1657,Mercadinho,São Luís,MA,2025-10-18,True
1658,CLI001658,Cliente 1658,Supermercado,Maracanaú,CE,2021-03-28,True
1659,CLI001659,Cliente 1659,Mercadinho,Caucaia,CE,2025-08-26,True
1660,CLI001660,Cliente 1660,Supermercado,Fortaleza,CE,2025-04-21,True
1661,CLI001661,Cliente 1661,Mercadinho,Olinda,PE,2021-02-17,True
1662,CLI001662,Cliente 1662,Bar,Caucaia,CE,2021-04-10,True
1663,CLI001663,Cliente 1663,Conveniência,Olinda,PE,2025-08-05,True
1664,CLI001664,Cliente 1664,Atacado,Salvador,BA,2023-10-18,True
1665,CLI001665,Cliente 1665,Conveniência,Maracanaú,CE,2021-04-02,True
1666,CLI001666,Cliente 1666,Supermercado,Olinda,PE,2022-10-18,True
1667,CLI001667,Cliente 1667,Restaurante,Salvador,BA,2022-12-20,True
1668,CLI001668,Cliente 1668,Restaurante,Olinda,PE,2024-11-06,True
1669,CLI001669,Cliente 1669,Restaurante,Maracanaú,CE,2024-12-05,True
1670,CLI001670,Cliente 1670,Conveniência,Maracanaú,CE,2023-11-23,True
1671,CLI001671,Cliente 1671,Atacado,Salvador,BA,2025-10-06,True
1672,CLI001672,Cliente 1672,Restaurante,Caucaia,CE,2024-07-01,True
1673,CLI001673,Cliente 1673,Mercadinho,Recife,PE,2023-02-18,True
1674,CLI001674,Cliente 1674,Mercadinho,Feira de Santana,BA,2023-11-03,True
1675,CLI001675,Cliente 1675,Restaurante,Salvador,BA,2022-04-09,False
1676,CLI001676,Cliente 1676,Supermercado,Feira de Santana,BA,2024-02-26,True
1677,CLI001677,Cliente 1677,Atacado,Caucaia,CE,2023-10-27,True
1678,CLI001678,Cliente 1678,Atacado,Maracanaú,CE,2023-12-19,True
1679,CLI001679,Cliente 1679,Atacado,Olinda,PE,2021-01-06,True
1680,CLI001680,Cliente 1680,Supermercado,Feira de Santana,BA,2023-12-22,True
1681,CLI001681,Cliente 1681,Bar,Feira de Santana,BA,2025-03-09,False
1682,CLI001682,Cliente 1682,Conveniência,Caucaia,CE,2022-03-13,True
1683,CLI001683,Cliente 1683,Mercadinho,Olinda,PE,2023-12-25,True
1684,CLI001684,Cliente 1684,Conveniência,Feira de Santana,BA,2024-03-15,True
1685,CLI001685,Cliente 1685,Atacado,São Luís,MA,2023-05-14,True
1686,CLI001686,Cliente 1686,Restaurante,Recife,PE,2021-05-14,True
1687,CLI001687,Cliente 1687,Conveniência,Maracanaú,CE,2021-02-24,True
1688,CLI001688,Cliente 1688,Supermercado,Maracanaú,CE,2025-01-03,True
1689,CLI001689,Cliente 1689,Mercadinho,São Luís,MA,2024-11-17,True
1690,CLI001690,Cliente 1690,Bar,Caucaia,CE,2024-09-22,True
1691,CLI001691,Cliente 1691,Bar,Maracanaú,CE,2021-10-07,True
1692,CLI001692,Cliente 1692,Conveniência,Fortaleza,CE,2024-12-18,True
1693,CLI001693,Cliente 1693,Conveniência,Recife,PE,2025-11-20,True
1694,CLI001694,Cliente 1694,Supermercado,São Luís,MA,2025-04-06,True
1695,CLI001695,Cliente 1695,Atacado,Caucaia,CE,2023-01-14,True
1696,CLI001696,Cliente 1696,Restaurante,Caucaia,CE,2021-06-22,True
1697,CLI001697,Cliente 1697,Restaurante,Maracanaú,CE,2023-08-10,True
1698,CLI001698,Cliente 1698,Conveniência,Fortaleza,CE,2025-07-07,True
1699,CLI001699,Cliente 1699,Bar,Fortaleza,CE,2025-08-02,True
1700,CLI001700,Cliente 1700,Restaurante,São Luís,MA,2023-06-04,False
1701,CLI001701,Cliente 1701,Bar,Caucaia,CE,2023-01-04,True
1702,CLI001702,Cliente 1702,Mercadinho,Recife,PE,2025-09-05,True
1703,CLI001703,Cliente 1703,Mercadinho,São Luís,MA,2022-11-09,True
1704,CLI001704,Cliente 1704,Restaurante,Feira de Santana,BA,2023-06-14,True
1705,CLI001705,Cliente 1705,Mercadinho,Olinda,PE,2024-11-27,True
1706,CLI001706,Cliente 1706,Restaurante,Caucaia,CE,2024-01-12,True
1707,CLI001707,Cliente 1707,Mercadinho,Recife,PE,2022-05-02,True
1708,CLI001708,Cliente 1708,Conveniência,Feira de Santana,BA,2023-01-06,True
1709,CLI001709,Cliente 1709,Conveniência,São Luís,MA,2023-02-14,True
1710,CLI001710,Cliente 1710,Conveniência,São Luís,MA,2022-06-25,True
1711,CLI001711,Cliente 1711,Atacado,Feira de Santana,BA,2024-03-04,True
1712,CLI001712,Cliente 1712,Supermercado,Fortaleza,CE,2022-06-17,False
1713,CLI001713,Cliente 1713,Mercadinho,Recife,PE,2023-07-20,True
1714,CLI001714,Cliente 1714,Bar,Feira de Santana,BA,2023-05-16,True
1715,CLI001715,Cliente 1715,Supermercado,Feira de Santana,BA,2025-03-24,True
1716,CLI001716,Cliente 1716,Restaurante,Recife,PE,2021-05-23,True
1717,CLI001717,Cliente 1717,Supermercado,Feira de Santana,BA,2024-12-26,True
1718,CLI001718,Cliente 1718,Supermercado,Caucaia,CE,2025-11-21,True
1719,CLI001719,Cliente 1719,Supermercado,Maracanaú,CE,2024-01-09,True
1720,CLI001720,Cliente 1720,Bar,Caucaia,CE,2021-10-07,True
1721,CLI001721,Cliente 1721,Bar,Fortaleza,CE,2024-09-10,True
1722,CLI001722,Cliente 1722,Supermercado,Recife,PE,2023-07-16,True
1723,CLI001723,Cliente 1723,Conveniência,Feira de Santana,BA,2021-05-04,True
1724,CLI001724,Cliente 1724,Restaurante,Olinda,PE,2024-04-11,True
1725,CLI001725,Cliente 1725,Mercadinho,Caucaia,CE,2021-01-22,True
1726,CLI001726,Cliente 1726,Restaurante,Recife,PE,2024-05-20,True
1727,CLI001727,Cliente 1727,Restaurante,Caucaia,CE,2024-06-11,True
1728,CLI001728,Cliente 1728,Conveniência,Maracanaú,CE,2021-11-18,True
1729,CLI001729,Cliente 1729,Restaurante,Caucaia,CE,2023-12-26,True
1730,CLI001730,Cliente 1730,Supermercado,Salvador,BA,2023-04-19,True
1731,CLI001731,Cliente 1731,Supermercado,Maracanaú,CE,2025-02-02,True
1732,CLI001732,Cliente 1732,Supermercado,Recife,PE,2024-02-03,True
1733,CLI001733,Cliente 1733,Restaurante,Salvador,BA,2024-04-18,True
1734,CLI001734,Cliente 1734,Supermercado,Fortaleza,CE,2022-07-18,True
1735,CLI001735,Cliente 1735,Restaurante,Salvador,BA,2024-11-23,True
1736,CLI001736,Cliente 1736,Mercadinho,Feira de Santana,BA,2024-07-17,True
1737,CLI001737,Cliente 1737,Supermercado,Fortaleza,CE,2025-05-23,True
1738,CLI001738,Cliente 1738,Mercadinho,Olinda,PE,2025-01-26,True
1739,CLI001739,Cliente 1739,Conveniência,Recife,PE,2024-08-22,True
1740,CLI001740,Cliente 1740,Supermercado,Maracanaú,CE,2024-09-13,True
1741,CLI001741,Cliente 1741,Bar,Feira de Santana,BA,2025-05-07,True
1742,CLI001742,Cliente 1742,Atacado,Caucaia,CE,2022-10-23,False
1743,CLI001743,Cliente 1743,Atacado,São Luís,MA,2025-05-10,True
1744,CLI001744,Cliente 1744,Conveniência,Olinda,PE,2023-09-04,True
1745,CLI001745,Cliente 1745,Atacado,Fortaleza,CE,2022-05-02,True
1746,CLI001746,Cliente 1746,Supermercado,Olinda,PE,2023-01-21,True
1747,CLI001747,Cliente 1747,Atacado,Recife,PE,2021-01-21,True
1748,CLI001748,Cliente 1748,Restaurante,Salvador,BA,2021-12-18,True
1749,CLI001749,Cliente 1749,Bar,Caucaia,CE,2025-05-11,True
1750,CLI001750,Cliente 1750,Restaurante,Fortaleza,CE,2022-12-09,True
1751,CLI001751,Cliente 1751,Atacado,Fortaleza,CE,2025-02-24,True
1752,CLI001752,Cliente 1752,Conveniência,Feira de Santana,BA,2023-11-21,True
1753,CLI001753,Cliente 1753,Bar,Recife,PE,2022-06-09,True
1754,CLI001754,Cliente 1754,Supermercado,Feira de Santana,BA,2024-04-24,True
1755,CLI001755,Cliente 1755,Supermercado,Salvador,BA,2024-02-16,True
1756,CLI001756,Cliente 1756,Supermercado,Caucaia,CE,2022-10-16,True
1757,CLI001757,Cliente 1757,Conveniência,Caucaia,CE,2023-01-10,True
1758,CLI001758,Cliente 1758,Bar,Caucaia,CE,2025-04-03,True
1759,CLI001759,Cliente 1759,Supermercado,Feira de Santana,BA,2024-11-13,True
1760,CLI001760,Cliente 1760,Conveniência,Caucaia,CE,2021-10-04,True
1761,CLI001761,Cliente 1761,Mercadinho,Fortaleza,CE,2021-11-02,True
1762,CLI001762,Cliente 1762,Restaurante,Maracanaú,CE,2022-11-20,False
1763,CLI001763,Cliente 1763,Mercadinho,Fortaleza,CE,2025-12-27,True
1764,CLI001764,Cliente 1764,Supermercado,Maracanaú,CE,2022-08-25,True
1765,CLI001765,Cliente 1765,Supermercado,São Luís,MA,2023-06-16,True
1766,CLI001766,Cliente 1766,Atacado,Fortaleza,CE,2023-11-18,True
1767,CLI001767,Cliente 1767,Mercadinho,Fortaleza,CE,2025-05-04,True
1768,CLI001768,Cliente 1768,Supermercado,Feira de Santana,BA,2021-04-01,True
1769,CLI001769,Cliente 1769,Supermercado,Feira de Santana,BA,2023-11-10,True
1770,CLI001770,Cliente 1770,Conveniência,Feira de Santana,BA,2021-08-06,True
1771,CLI001771,Cliente 1771,Mercadinho,Recife,PE,2023-06-03,True
1772,CLI001772,Cliente 1772,Restaurante,Maracanaú,CE,2021-01-20,True
1773,CLI001773,Cliente 1773,Atacado,Feira de Santana,BA,2023-10-06,True
1774,CLI001774,Cliente 1774,Conveniência,Caucaia,CE,2023-10-27,True
1775,CLI001775,Cliente 1775,Restaurante,Maracanaú,CE,2024-11-12,True
1776,CLI001776,Cliente 1776,Mercadinho,Maracanaú,CE,2022-11-05,True
1777,CLI001777,Cliente 1777,Bar,Feira de Santana,BA,2024-02-04,True
1778,CLI001778,Cliente 1778,Supermercado,Olinda,PE,2021-06-05,True
1779,CLI001779,Cliente 1779,Restaurante,Feira de Santana,BA,2023-08-14,True
1780,CLI001780,Cliente 1780,Atacado,Feira de Santana,BA,2023-03-26,True
1781,CLI001781,Cliente 1781,Bar,Recife,PE,2024-09-16,True
1782,CLI001782,Cliente 1782,Atacado,São Luís,MA,2025-04-13,True
1783,CLI001783,Cliente 1783,Atacado,Feira de Santana,BA,2025-12-26,True
1784,CLI001784,Cliente 1784,Supermercado,Maracanaú,CE,2023-01-07,True
1785,CLI001785,Cliente 1785,Restaurante,Fortaleza,CE,2025-08-05,True
1786,CLI001786,Cliente 1786,Restaurante,Fortaleza,CE,2023-03-10,True
1787,CLI001787,Cliente 1787,Supermercado,Feira de Santana,BA,2022-04-02,True
1788,CLI001788,Cliente 1788,Conveniência,Maracanaú,CE,2022-07-24,False
1789,CLI001789,Cliente 1789,Restaurante,Feira de Santana,BA,2021-12-04,True
1790,CLI001790,Cliente 1790,Bar,Maracanaú,CE,2025-03-01,True
1791,CLI001791,Cliente 1791,Mercadinho,Caucaia,CE,2022-02-01,True
1792,CLI001792,Cliente 1792,Supermercado,Feira de Santana,BA,2022-08-24,True
1793,CLI001793,Cliente 1793,Bar,Olinda,PE,2024-12-11,True
1794,CLI001794,Cliente 1794,Restaurante,Fortaleza,CE,2021-03-02,True
1795,CLI001795,Cliente 1795,Atacado,Fortaleza,CE,2022-09-06,False
1796,CLI001796,Cliente 1796,Conveniência,Feira de Santana,BA,2024-09-23,True
1797,CLI001797,Cliente 1797,Conveniência,Olinda,PE,2022-07-06,True
1798,CLI001798,Cliente 1798,Atacado,Maracanaú,CE,2024-03-24,True
1799,CLI001799,Cliente 1799,Supermercado,Fortaleza,CE,2024-03-27,True
1800,CLI001800,Cliente 1800,Conveniência,Maracanaú,CE,2024-08-11,True
1801,CLI001801,Cliente 1801,Bar,Feira de Santana,BA,2022-01-26,True
1802,CLI001802,Cliente 1802,Supermercado,Feira de Santana,BA,2023-02-04,True
1803,CLI001803,Cliente 1803,Mercadinho,Salvador,BA,2022-05-06,True
1804,CLI001804,Cliente 1804,Supermercado,Maracanaú,CE,2025-01-25,True
1805,CLI001805,Cliente 1805,Atacado,Recife,PE,2022-11-02,True
1806,CLI001806,Cliente 1806,Atacado,Maracanaú,CE,2025-01-19,True
1807,CLI001807,Cliente 1807,Mercadinho,São Luís,MA,2021-06-03,True
1808,CLI001808,Cliente 1808,Restaurante,Fortaleza,CE,2023-07-17,True
1809,CLI001809,Cliente 1809,Conveniência,Feira de Santana,BA,2023-03-23,True
1810,CLI001810,Cliente 1810,Bar,Salvador,BA,2025-02-17,True
1811,CLI001811,Cliente 1811,Mercadinho,Caucaia,CE,2025-07-16,True
1812,CLI001812,Cliente 1812,Restaurante,Fortaleza,CE,2022-03-22,True
1813,CLI001813,Cliente 1813,Conveniência,Maracanaú,CE,2022-04-26,True
1814,CLI001814,Cliente 1814,Conveniência,Caucaia,CE,2022-09-17,True
1815,CLI001815,Cliente 1815,Bar,Salvador,BA,2022-06-10,True
1816,CLI001816,Cliente 1816,Mercadinho,Feira de Santana,BA,2024-04-07,True
1817,CLI001817,Cliente 1817,Supermercado,Maracanaú,CE,2025-11-16,True
1818,CLI001818,Cliente 1818,Supermercado,Fortaleza,CE,2023-09-28,True
1819,CLI001819,Cliente 1819,Bar,Maracanaú,CE,2021-08-11,True
1820,CLI001820,Cliente 1820,Supermercado,Olinda,PE,2021-05-19,True
1821,CLI001821,Cliente 1821,Mercadinho,Maracanaú,CE,2022-12-25,True
1822,CLI001822,Cliente 1822,Restaurante,São Luís,MA,2024-11-05,True
1823,CLI001823,Cliente 1823,Mercadinho,São Luís,MA,2023-05-13,True
1824,CLI001824,Cliente 1824,Bar,Caucaia,CE,2023-09-28,True
1825,CLI001825,Cliente 1825,Restaurante,Salvador,BA,2021-11-14,True
1826,CLI001826,Cliente 1826,Conveniência,Olinda,PE,2021-10-21,True
1827,CLI001827,Cliente 1827,Conveniência,Recife,PE,2025-01-05,True
1828,CLI001828,Cliente 1828,Bar,Olinda,PE,2022-10-13,True
1829,CLI001829,Cliente 1829,Bar,Recife,PE,2024-11-03,True
1830,CLI001830,Cliente 1830,Conveniência,São Luís,MA,2025-08-04,True
1831,CLI001831,Cliente 1831,Bar,Maracanaú,CE,2024-04-13,True
1832,CLI001832,Cliente 1832,Restaurante,Salvador,BA,2025-08-07,True
1833,CLI001833,Cliente 1833,Mercadinho,São Luís,MA,2023-08-02,True
1834,CLI001834,Cliente 1834,Supermercado,São Luís,MA,2022-06-19,True
1835,CLI001835,Cliente 1835,Mercadinho,Feira de Santana,BA,2023-07-16,True
1836,CLI001836,Cliente 1836,Mercadinho,Recife,PE,2024-05-09,True
1837,CLI001837,Cliente 1837,Supermercado,Maracanaú,CE,2021-05-13,True
1838,CLI001838,Cliente 1838,Bar,São Luís,MA,2025-04-22,True
1839,CLI001839,Cliente 1839,Mercadinho,Caucaia,CE,2021-07-11,True
1840,CLI001840,Cliente 1840,Supermercado,Olinda,PE,2022-06-14,True
1841,CLI001841,Cliente 1841,Conveniência,Caucaia,CE,2024-06-23,True
1842,CLI001842,Cliente 1842,Atacado,Fortaleza,CE,2025-04-03,True
1843,CLI001843,Cliente 1843,Restaurante,Caucaia,CE,2023-01-05,True
1844,CLI001844,Cliente 1844,Bar,Caucaia,CE,2023-02-26,True
1845,CLI001845,Cliente 1845,Restaurante,Feira de Santana,BA,2025-12-01,True
1846,CLI001846,Cliente 1846,Conveniência,Caucaia,CE,2024-11-19,True
1847,CLI001847,Cliente 1847,Conveniência,Recife,PE,2022-07-23,True
1848,CLI001848,Cliente 1848,Atacado,Caucaia,CE,2024-04-12,True
1849,CLI001849,Cliente 1849,Conveniência,Recife,PE,2025-01-12,True
1850,CLI001850,Cliente 1850,Restaurante,Fortaleza,CE,2023-09-27,True
1851,CLI001851,Cliente 1851,Conveniência,São Luís,MA,2024-07-14,True
1852,CLI001852,Cliente 1852,Atacado,Feira de Santana,BA,2023-02-06,True
1853,CLI001853,Cliente 1853,Supermercado,Salvador,BA,2025-10-06,True
1854,CLI001854,Cliente 1854,Restaurante,Feira de Santana,BA,2024-11-10,True
1855,CLI001855,Cliente 1855,Mercadinho,Maracanaú,CE,2021-02-21,False
1856,CLI001856,Cliente 1856,Mercadinho,Feira de Santana,BA,2024-12-25,True
1857,CLI001857,Cliente 1857,Conveniência,Maracanaú,CE,2024-09-19,True
1858,CLI001858,Cliente 1858,Bar,Olinda,PE,2022-04-25,True
1859,CLI001859,Cliente 1859,Mercadinho,Feira de Santana,BA,2022-08-04,True
1860,CLI001860,Cliente 1860,Bar,São Luís,MA,2024-01-12,True
1861,CLI001861,Cliente 1861,Restaurante,Olinda,PE,2023-05-27,True
1862,CLI001862,Cliente 1862,Conveniência,Feira de Santana,BA,2022-01-14,True
1863,CLI001863,Cliente 1863,Supermercado,Fortaleza,CE,2023-09-27,True
1864,CLI001864,Cliente 1864,Restaurante,Salvador,BA,2022-10-14,True
1865,CLI001865,Cliente 1865,Supermercado,Feira de Santana,BA,2025-11-13,True
1866,CLI001866,Cliente 1866,Supermercado,Feira de Santana,BA,2024-12-06,True
1867,CLI001867,Cliente 1867,Atacado,Salvador,BA,2022-07-08,True
1868,CLI001868,Cliente 1868,Atacado,Caucaia,CE,2021-11-19,True
1869,CLI001869,Cliente 1869,Atacado,Olinda,PE,2022-06-07,True
1870,CLI001870,Cliente 1870,Bar,Fortaleza,CE,2021-11-25,True
1871,CLI001871,Cliente 1871,Atacado,Fortaleza,CE,2025-02-19,True
1872,CLI001872,Cliente 1872,Bar,Caucaia,CE,2023-03-08,True
1873,CLI001873,Cliente 1873,Restaurante,Recife,PE,2022-09-27,True
1874,CLI001874,Cliente 1874,Restaurante,Feira de Santana,BA,2021-05-03,True
1875,CLI001875,Cliente 1875,Conveniência,Fortaleza,CE,2025-02-04,True
1876,CLI001876,Cliente 1876,Mercadinho,Maracanaú,CE,2022-05-09,True
1877,CLI001877,Cliente 1877,Mercadinho,Maracanaú,CE,2024-06-27,True
1878,CLI001878,Cliente 1878,Bar,Maracanaú,CE,2021-07-03,True
1879,CLI001879,Cliente 1879,Supermercado,Maracanaú,CE,2024-07-11,True
1880,CLI001880,Cliente 1880,Supermercado,São Luís,MA,2022-05-01,True
1881,CLI001881,Cliente 1881,Mercadinho,Fortaleza,CE,2023-06-16,True
1882,CLI001882,Cliente 1882,Supermercado,Fortaleza,CE,2025-12-09,True
1883,CLI001883,Cliente 1883,Atacado,Recife,PE,2021-09-01,True
1884,CLI001884,Cliente 1884,Supermercado,Caucaia,CE,2023-02-07,False
1885,CLI001885,Cliente 1885,Supermercado,Caucaia,CE,2021-12-23,True
1886,CLI001886,Cliente 1886,Restaurante,Olinda,PE,2024-04-03,True
1887,CLI001887,Cliente 1887,Bar,Olinda,PE,2024-07-17,True
1888,CLI001888,Cliente 1888,Restaurante,Recife,PE,2022-04-22,True
1889,CLI001889,Cliente 1889,Bar,Olinda,PE,2021-10-26,True
1890,CLI001890,Cliente 1890,Supermercado,Olinda,PE,2022-12-16,True
1891,CLI001891,Cliente 1891,Bar,São Luís,MA,2025-12-09,True
1892,CLI001892,Cliente 1892,Atacado,Maracanaú,CE,2024-07-07,True
1893,CLI001893,Cliente 1893,Conveniência,Salvador,BA,2021-08-06,True
1894,CLI001894,Cliente 1894,Atacado,Olinda,PE,2024-05-20,True
1895,CLI001895,Cliente 1895,Bar,Salvador,BA,2021-02-06,True
1896,CLI001896,Cliente 1896,Supermercado,Feira de Santana,BA,2023-04-03,True
1897,CLI001897,Cliente 1897,Restaurante,Salvador,BA,2022-06-04,False
1898,CLI001898,Cliente 1898,Conveniência,Fortaleza,CE,2023-04-15,True
1899,CLI001899,Cliente 1899,Supermercado,Salvador,BA,2025-02-13,True
1900,CLI001900,Cliente 1900,Atacado,Recife,PE,2022-02-18,True
1901,CLI001901,Cliente 1901,Atacado,Maracanaú,CE,2024-11-25,True
1902,CLI001902,Cliente 1902,Supermercado,Salvador,BA,2022-01-26,True
1903,CLI001903,Cliente 1903,Restaurante,Fortaleza,CE,2024-02-04,True
1904,CLI001904,Cliente 1904,Atacado,Salvador,BA,2024-04-19,False
1905,CLI001905,Cliente 1905,Conveniência,Fortaleza,CE,2025-01-15,True
1906,CLI001906,Cliente 1906,Mercadinho,Feira de Santana,BA,2025-09-02,True
1907,CLI001907,Cliente 1907,Mercadinho,Fortaleza,CE,2024-02-27,True
1908,CLI001908,Cliente 1908,Restaurante,Olinda,PE,2023-06-13,True
1909,CLI001909,Cliente 1909,Bar,Salvador,BA,2025-01-13,True
1910,CLI001910,Cliente 1910,Bar,São Luís,MA,2021-06-20,True
1911,CLI001911,Cliente 1911,Mercadinho,Recife,PE,2021-03-04,True
1912,CLI001912,Cliente 1912,Supermercado,Feira de Santana,BA,2022-02-07,True
1913,CLI001913,Cliente 1913,Atacado,Salvador,BA,2021-12-28,True
1914,CLI001914,Cliente 1914,Mercadinho,Fortaleza,CE,2021-05-03,True
1915,CLI001915,Cliente 1915,Restaurante,Feira de Santana,BA,2022-03-19,True
1916,CLI001916,Cliente 1916,Restaurante,Caucaia,CE,2022-10-28,True
1917,CLI001917,Cliente 1917,Conveniência,Feira de Santana,BA,2024-11-04,True
1918,CLI001918,Cliente 1918,Atacado,Recife,PE,2024-11-16,True
1919,CLI001919,Cliente 1919,Conveniência,Salvador,BA,2024-04-03,True
1920,CLI001920,Cliente 1920,Conveniência,Olinda,PE,2021-06-18,True
1921,CLI001921,Cliente 1921,Conveniência,Recife,PE,2022-12-03,True
1922,CLI001922,Cliente 1922,Mercadinho,São Luís,MA,2022-01-22,True
1923,CLI001923,Cliente 1923,Supermercado,Feira de Santana,BA,2024-02-11,True
1924,CLI001924,Cliente 1924,Restaurante,Salvador,BA,2024-11-05,True
1925,CLI001925,Cliente 1925,Supermercado,Maracanaú,CE,2022-06-13,True
1926,CLI001926,Cliente 1926,Bar,Recife,PE,2022-02-09,True
1927,CLI001927,Cliente 1927,Atacado,Olinda,PE,2021-03-15,True
1928,CLI001928,Cliente 1928,Supermercado,Maracanaú,CE,2021-08-06,True
1929,CLI001929,Cliente 1929,Conveniência,São Luís,MA,2025-08-12,True
1930,CLI001930,Cliente 1930,Restaurante,Maracanaú,CE,2024-04-05,True
1931,CLI001931,Cliente 1931,Atacado,Feira de Santana,BA,2023-01-15,True
1932,CLI001932,Cliente 1932,Mercadinho,Maracanaú,CE,2024-12-14,True
1933,CLI001933,Cliente 1933,Bar,Recife,PE,2022-10-09,True
1934,CLI001934,Cliente 1934,Atacado,São Luís,MA,2024-02-22,True
1935,CLI001935,Cliente 1935,Mercadinho,Recife,PE,2022-02-02,True
1936,CLI001936,Cliente 1936,Supermercado,Olinda,PE,2021-09-04,True
1937,CLI001937,Cliente 1937,Bar,Feira de Santana,BA,2024-02-08,True
1938,CLI001938,Cliente 1938,Bar,Olinda,PE,2022-03-26,True
1939,CLI001939,Cliente 1939,Conveniência,Olinda,PE,2025-05-24,False
1940,CLI001940,Cliente 1940,Atacado,Caucaia,CE,2025-08-24,True
1941,CLI001941,Cliente 1941,Supermercado,Recife,PE,2023-11-03,True
1942,CLI001942,Cliente 1942,Bar,Salvador,BA,2022-01-22,True
1943,CLI001943,Cliente 1943,Mercadinho,Salvador,BA,2022-05-03,True
1944,CLI001944,Cliente 1944,Atacado,Fortaleza,CE,2023-08-19,False
1945,CLI001945,Cliente 1945,Bar,Recife,PE,2021-01-27,False
1946,CLI001946,Cliente 1946,Supermercado,Olinda,PE,2025-09-06,True
1947,CLI001947,Cliente 1947,Mercadinho,Maracanaú,CE,2023-12-11,True
1948,CLI001948,Cliente 1948,Atacado,Salvador,BA,2023-11-16,True
1949,CLI001949,Cliente 1949,Mercadinho,São Luís,MA,2023-05-23,True
1950,CLI001950,Cliente 1950,Mercadinho,São Luís,MA,2023-11-17,True
1951,CLI001951,Cliente 1951,Supermercado,Fortaleza,CE,2024-04-22,True
1952,CLI001952,Cliente 1952,Bar,Salvador,BA,2021-04-19,True
1953,CLI001953,Cliente 1953,Restaurante,Feira de Santana,BA,2022-12-03,True
1954,CLI001954,Cliente 1954,Conveniência,Feira de Santana,BA,2021-05-21,True
1955,CLI001955,Cliente 1955,Atacado,São Luís,MA,2022-05-22,True
1956,CLI001956,Cliente 1956,Bar,Salvador,BA,2025-07-09,True
1957,CLI001957,Cliente 1957,Atacado,Fortaleza,CE,2025-12-11,True
1958,CLI001958,Cliente 1958,Bar,Maracanaú,CE,2024-10-26,True
1959,CLI001959,Cliente 1959,Mercadinho,Olinda,PE,2021-08-22,True
1960,CLI001960,Cliente 1960,Atacado,Caucaia,CE,2023-10-18,True
1961,CLI001961,Cliente 1961,Bar,Olinda,PE,2023-02-26,True
1962,CLI001962,Cliente 1962,Mercadinho,São Luís,MA,2022-05-27,True
1963,CLI001963,Cliente 1963,Bar,Fortaleza,CE,2023-01-14,True
1964,CLI001964,Cliente 1964,Mercadinho,Fortaleza,CE,2023-03-12,True
1965,CLI001965,Cliente 1965,Mercadinho,Caucaia,CE,2023-03-24,True
1966,CLI001966,Cliente 1966,Restaurante,Maracanaú,CE,2022-01-16,True
1967,CLI001967,Cliente 1967,Conveniência,Recife,PE,2024-07-13,True
1968,CLI001968,Cliente 1968,Restaurante,Maracanaú,CE,2023-10-10,True
1969,CLI001969,Cliente 1969,Conveniência,Feira de Santana,BA,2023-10-05,True
1970,CLI001970,Cliente 1970,Restaurante,Recife,PE,2022-07-18,True
1971,CLI001971,Cliente 1971,Mercadinho,Olinda,PE,2023-10-21,True
1972,CLI001972,Cliente 1972,Bar,Caucaia,CE,2024-02-05,True
1973,CLI001973,Cliente 1973,Atacado,Salvador,BA,2023-08-12,True
1974,CLI001974,Cliente 1974,Bar,Feira de Santana,BA,2024-01-18,False
1975,CLI001975,Cliente 1975,Mercadinho,Feira de Santana,BA,2022-10-10,True
1976,CLI001976,Cliente 1976,Supermercado,Salvador,BA,2025-09-19,True
1977,CLI001977,Cliente 1977,Bar,Fortaleza,CE,2022-07-22,False
1978,CLI001978,Cliente 1978,Mercadinho,São Luís,MA,2021-01-09,True
1979,CLI001979,Cliente 1979,Restaurante,Maracanaú,CE,2025-02-27,True
1980,CLI001980,Cliente 1980,Conveniência,São Luís,MA,2023-01-04,True
1981,CLI001981,Cliente 1981,Conveniência,Fortaleza,CE,2022-09-05,True
1982,CLI001982,Cliente 1982,Supermercado,São Luís,MA,2022-11-21,True
1983,CLI001983,Cliente 1983,Conveniência,Olinda,PE,2023-12-01,True
1984,CLI001984,Cliente 1984,Mercadinho,Recife,PE,2021-01-05,True
1985,CLI001985,Cliente 1985,Atacado,Maracanaú,CE,2021-04-07,True
1986,CLI001986,Cliente 1986,Atacado,Fortaleza,CE,2024-07-02,True
1987,CLI001987,Cliente 1987,Bar,Olinda,PE,2024-03-27,True
1988,CLI001988,Cliente 1988,Atacado,Olinda,PE,2024-11-20,True
1989,CLI001989,Cliente 1989,Conveniência,Caucaia,CE,2021-03-05,True
1990,CLI001990,Cliente 1990,Supermercado,Recife,PE,2025-12-23,True
1991,CLI001991,Cliente 1991,Bar,São Luís,MA,2023-05-22,True
1992,CLI001992,Cliente 1992,Restaurante,São Luís,MA,2023-07-13,True
1993,CLI001993,Cliente 1993,Bar,Maracanaú,CE,2024-07-05,False
1994,CLI001994,Cliente 1994,Mercadinho,São Luís,MA,2025-07-01,True
1995,CLI001995,Cliente 1995,Conveniência,Fortaleza,CE,2025-08-02,True
1996,CLI001996,Cliente 1996,Supermercado,Salvador,BA,2024-12-15,True
1997,CLI001997,Cliente 1997,Restaurante,Caucaia,CE,2025-09-07,True
1998,CLI001998,Cliente 1998,Atacado,Feira de Santana,BA,2021-03-21,True
1999,CLI001999,Cliente 1999,Bar,Salvador,BA,2022-05-26,True
2000,CLI002000,Cliente 2000,Bar,Olinda,PE,2021-11-16,True
2001,CLI002001,Cliente 2001,Atacado,São Luís,MA,2022-10-23,True
2002,CLI002002,Cliente 2002,Supermercado,Olinda,PE,2023-10-19,True
2003,CLI002003,Cliente 2003,Mercadinho,Feira de Santana,BA,2021-01-28,True
2004,CLI002004,Cliente 2004,Mercadinho,Recife,PE,2021-08-22,True
2005,CLI002005,Cliente 2005,Conveniência,Recife,PE,2022-02-06,True
2006,CLI002006,Cliente 2006,Bar,Feira de Santana,BA,2021-01-20,True
2007,CLI002007,Cliente 2007,Conveniência,Fortaleza,CE,2021-08-25,True
2008,CLI002008,Cliente 2008,Supermercado,Fortaleza,CE,2023-02-23,True
2009,CLI002009,Cliente 2009,Conveniência,Caucaia,CE,2025-09-07,True
2010,CLI002010,Cliente 2010,Bar,São Luís,MA,2023-04-07,True
2011,CLI002011,Cliente 2011,Atacado,Feira de Santana,BA,2022-02-19,False
2012,CLI002012,Cliente 2012,Supermercado,Maracanaú,CE,2021-03-01,True
2013,CLI002013,Cliente 2013,Atacado,Feira de Santana,BA,2025-02-11,True
2014,CLI002014,Cliente 2014,Supermercado,São Luís,MA,2022-10-27,True
2015,CLI002015,Cliente 2015,Restaurante,Salvador,BA,2025-09-28,True
2016,CLI002016,Cliente 2016,Bar,Maracanaú,CE,2024-11-13,True
2017,CLI002017,Cliente 2017,Supermercado,Maracanaú,CE,2025-05-04,True
2018,CLI002018,Cliente 2018,Mercadinho,Recife,PE,2025-09-11,False
2019,CLI002019,Cliente 2019,Restaurante,Olinda,PE,2024-12-12,True
2020,CLI002020,Cliente 2020,Restaurante,Caucaia,CE,2021-09-19,True
2021,CLI002021,Cliente 2021,Bar,Olinda,PE,2025-01-18,True
2022,CLI002022,Cliente 2022,Atacado,Maracanaú,CE,2024-05-21,False
2023,CLI002023,Cliente 2023,Bar,Salvador,BA,2023-04-11,True
2024,CLI002024,Cliente 2024,Supermercado,Fortaleza,CE,2022-09-27,True
2025,CLI002025,Cliente 2025,Supermercado,Fortaleza,CE,2024-02-26,True
2026,CLI002026,Cliente 2026,Restaurante,Fortaleza,CE,2021-07-20,True
2027,CLI002027,Cliente 2027,Atacado,Maracanaú,CE,2024-03-09,True
2028,CLI002028,Cliente 2028,Mercadinho,Maracanaú,CE,2024-09-08,True
2029,CLI002029,Cliente 2029,Bar,Feira de Santana,BA,2023-04-01,True
2030,CLI002030,Cliente 2030,Supermercado,Fortaleza,CE,2025-10-28,True
2031,CLI002031,Cliente 2031,Atacado,Fortaleza,CE,2024-01-13,True
2032,CLI002032,Cliente 2032,Bar,Caucaia,CE,2024-09-05,True
2033,CLI002033,Cliente 2033,Atacado,Maracanaú,CE,2023-06-07,True
2034,CLI002034,Cliente 2034,Supermercado,Fortaleza,CE,2022-02-19,False
2035,CLI002035,Cliente 2035,Conveniência,Feira de Santana,BA,2025-10-02,True
2036,CLI002036,Cliente 2036,Conveniência,Fortaleza,CE,2022-01-03,True
2037,CLI002037,Cliente 2037,Supermercado,São Luís,MA,2023-01-11,True
2038,CLI002038,Cliente 2038,Restaurante,Recife,PE,2022-10-13,True
2039,CLI002039,Cliente 2039,Conveniência,Maracanaú,CE,2021-02-09,True
2040,CLI002040,Cliente 2040,Bar,Recife,PE,2023-04-15,True
2041,CLI002041,Cliente 2041,Atacado,Salvador,BA,2023-11-08,True
2042,CLI002042,Cliente 2042,Restaurante,Olinda,PE,2025-09-04,True
2043,CLI002043,Cliente 2043,Conveniência,Feira de Santana,BA,2025-08-09,True
2044,CLI002044,Cliente 2044,Atacado,Caucaia,CE,2022-05-24,True
2045,CLI002045,Cliente 2045,Restaurante,Maracanaú,CE,2022-01-08,True
2046,CLI002046,Cliente 2046,Mercadinho,São Luís,MA,2021-08-27,True
2047,CLI002047,Cliente 2047,Atacado,Olinda,PE,2024-05-27,True
2048,CLI002048,Cliente 2048,Restaurante,Fortaleza,CE,2025-07-16,False
2049,CLI002049,Cliente 2049,Bar,Feira de Santana,BA,2024-01-08,True
2050,CLI002050,Cliente 2050,Conveniência,Caucaia,CE,2024-09-02,True
2051,CLI002051,Cliente 2051,Atacado,Fortaleza,CE,2023-01-20,True
2052,CLI002052,Cliente 2052,Restaurante,Salvador,BA,2025-04-25,False
2053,CLI002053,Cliente 2053,Bar,Feira de Santana,BA,2021-02-18,True
2054,CLI002054,Cliente 2054,Atacado,Olinda,PE,2024-07-19,True
2055,CLI002055,Cliente 2055,Supermercado,Olinda,PE,2024-08-24,True
2056,CLI002056,Cliente 2056,Supermercado,Recife,PE,2021-05-26,True
2057,CLI002057,Cliente 2057,Mercadinho,Olinda,PE,2022-09-10,True
2058,CLI002058,Cliente 2058,Mercadinho,Feira de Santana,BA,2025-05-12,True
2059,CLI002059,Cliente 2059,Conveniência,Olinda,PE,2025-01-04,True
2060,CLI002060,Cliente 2060,Restaurante,Salvador,BA,2022-08-15,False
2061,CLI002061,Cliente 2061,Bar,Fortaleza,CE,2021-06-16,True
2062,CLI002062,Cliente 2062,Bar,Recife,PE,2021-10-03,True
2063,CLI002063,Cliente 2063,Mercadinho,Salvador,BA,2024-03-09,True
2064,CLI002064,Cliente 2064,Restaurante,Olinda,PE,2024-03-08,True
2065,CLI002065,Cliente 2065,Atacado,Caucaia,CE,2021-04-04,True
2066,CLI002066,Cliente 2066,Conveniência,Caucaia,CE,2025-08-19,True
2067,CLI002067,Cliente 2067,Mercadinho,Recife,PE,2023-05-01,True
2068,CLI002068,Cliente 2068,Atacado,Salvador,BA,2021-10-08,True
2069,CLI002069,Cliente 2069,Atacado,Maracanaú,CE,2024-02-17,True
2070,CLI002070,Cliente 2070,Restaurante,Recife,PE,2025-06-27,True
2071,CLI002071,Cliente 2071,Mercadinho,Feira de Santana,BA,2024-05-05,False
2072,CLI002072,Cliente 2072,Restaurante,Salvador,BA,2024-11-12,True
2073,CLI002073,Cliente 2073,Atacado,Olinda,PE,2021-03-12,True
2074,CLI002074,Cliente 2074,Atacado,Caucaia,CE,2021-02-20,True
2075,CLI002075,Cliente 2075,Atacado,Salvador,BA,2025-10-23,True
2076,CLI002076,Cliente 2076,Bar,Recife,PE,2025-01-22,True
2077,CLI002077,Cliente 2077,Conveniência,Feira de Santana,BA,2021-02-08,True
2078,CLI002078,Cliente 2078,Atacado,Feira de Santana,BA,2021-09-26,True
2079,CLI002079,Cliente 2079,Conveniência,São Luís,MA,2025-09-15,True
2080,CLI002080,Cliente 2080,Atacado,Recife,PE,2023-04-11,True
2081,CLI002081,Cliente 2081,Supermercado,Salvador,BA,2024-06-24,True
2082,CLI002082,Cliente 2082,Bar,Recife,PE,2024-06-03,True
2083,CLI002083,Cliente 2083,Restaurante,Maracanaú,CE,2024-10-08,True
2084,CLI002084,Cliente 2084,Supermercado,Feira de Santana,BA,2025-03-18,True
2085,CLI002085,Cliente 2085,Conveniência,Feira de Santana,BA,2025-11-05,True
2086,CLI002086,Cliente 2086,Restaurante,Olinda,PE,2023-02-03,True
2087,CLI002087,Cliente 2087,Atacado,Caucaia,CE,2024-11-25,True
2088,CLI002088,Cliente 2088,Bar,Caucaia,CE,2021-03-04,True
2089,CLI002089,Cliente 2089,Conveniência,São Luís,MA,2021-03-28,True
2090,CLI002090,Cliente 2090,Mercadinho,Feira de Santana,BA,2022-02-05,True
2091,CLI002091,Cliente 2091,Bar,Feira de Santana,BA,2023-03-13,True
2092,CLI002092,Cliente 2092,Conveniência,Recife,PE,2023-02-11,True
2093,CLI002093,Cliente 2093,Atacado,Salvador,BA,2025-10-04,True
2094,CLI002094,Cliente 2094,Mercadinho,Fortaleza,CE,2023-08-14,True
2095,CLI002095,Cliente 2095,Restaurante,Feira de Santana,BA,2024-12-05,True
2096,CLI002096,Cliente 2096,Supermercado,Maracanaú,CE,2021-10-19,True
2097,CLI002097,Cliente 2097,Bar,São Luís,MA,2023-08-06,True
2098,CLI002098,Cliente 2098,Mercadinho,Olinda,PE,2022-05-16,True
2099,CLI002099,Cliente 2099,Restaurante,Feira de Santana,BA,2023-07-11,True
2100,CLI002100,Cliente 2100,Mercadinho,Caucaia,CE,2022-07-17,True
2101,CLI002101,Cliente 2101,Mercadinho,Salvador,BA,2023-05-06,True
2102,CLI002102,Cliente 2102,Bar,Olinda,PE,2024-04-06,True
2103,CLI002103,Cliente 2103,Atacado,Olinda,PE,2021-04-22,True
2104,CLI002104,Cliente 2104,Supermercado,Maracanaú,CE,2025-09-25,True
2105,CLI002105,Cliente 2105,Atacado,Fortaleza,CE,2025-04-01,True
2106,CLI002106,Cliente 2106,Restaurante,Fortaleza,CE,2022-05-19,True
2107,CLI002107,Cliente 2107,Atacado,São Luís,MA,2022-08-10,True
2108,CLI002108,Cliente 2108,Bar,Maracanaú,CE,2024-08-09,True
2109,CLI002109,Cliente 2109,Restaurante,Caucaia,CE,2021-06-26,True
2110,CLI002110,Cliente 2110,Conveniência,Recife,PE,2021-06-06,True
2111,CLI002111,Cliente 2111,Bar,Olinda,PE,2025-11-25,True
2112,CLI002112,Cliente 2112,Mercadinho,Salvador,BA,2024-02-23,True
2113,CLI002113,Cliente 2113,Supermercado,Salvador,BA,2025-11-27,True
2114,CLI002114,Cliente 2114,Conveniência,Fortaleza,CE,2021-04-05,True
2115,CLI002115,Cliente 2115,Conveniência,Recife,PE,2022-05-16,True
2116,CLI002116,Cliente 2116,Conveniência,Caucaia,CE,2024-05-05,True
2117,CLI002117,Cliente 2117,Atacado,Maracanaú,CE,2022-01-14,True
2118,CLI002118,Cliente 2118,Conveniência,Recife,PE,2022-01-14,True
2119,CLI002119,Cliente 2119,Conveniência,Feira de Santana,BA,2025-04-21,True
2120,CLI002120,Cliente 2120,Restaurante,Caucaia,CE,2022-05-22,True
2121,CLI002121,Cliente 2121,Atacado,Feira de Santana,BA,2023-09-16,True
2122,CLI002122,Cliente 2122,Mercadinho,Recife,PE,2023-07-15,True
2123,CLI002123,Cliente 2123,Mercadinho,Feira de Santana,BA,2022-08-11,True
2124,CLI002124,Cliente 2124,Conveniência,Salvador,BA,2024-12-05,True
2125,CLI002125,Cliente 2125,Bar,São Luís,MA,2025-07-22,True
2126,CLI002126,Cliente 2126,Restaurante,Olinda,PE,2025-04-28,True
2127,CLI002127,Cliente 2127,Atacado,Fortaleza,CE,2023-05-22,True
2128,CLI002128,Cliente 2128,Bar,Feira de Santana,BA,2024-07-09,True
2129,CLI002129,Cliente 2129,Bar,Olinda,PE,2022-06-21,True
2130,CLI002130,Cliente 2130,Bar,Olinda,PE,2024-04-19,True
2131,CLI002131,Cliente 2131,Conveniência,Recife,PE,2021-10-20,True
2132,CLI002132,Cliente 2132,Conveniência,Fortaleza,CE,2021-07-03,True
2133,CLI002133,Cliente 2133,Restaurante,Salvador,BA,2025-02-21,True
2134,CLI002134,Cliente 2134,Restaurante,Recife,PE,2025-04-06,True
2135,CLI002135,Cliente 2135,Conveniência,Feira de Santana,BA,2022-05-26,True
2136,CLI002136,Cliente 2136,Restaurante,Salvador,BA,2024-04-18,True
2137,CLI002137,Cliente 2137,Mercadinho,Fortaleza,CE,2021-09-04,True
2138,CLI002138,Cliente 2138,Mercadinho,São Luís,MA,2022-05-10,False
2139,CLI002139,Cliente 2139,Mercadinho,Recife,PE,2023-12-04,True
2140,CLI002140,Cliente 2140,Conveniência,Feira de Santana,BA,2024-03-27,True
2141,CLI002141,Cliente 2141,Mercadinho,Olinda,PE,2021-02-17,True
2142,CLI002142,Cliente 2142,Mercadinho,Feira de Santana,BA,2021-12-27,True
2143,CLI002143,Cliente 2143,Mercadinho,Caucaia,CE,2025-07-07,True
2144,CLI002144,Cliente 2144,Restaurante,Olinda,PE,2024-09-24,False
2145,CLI002145,Cliente 2145,Bar,Olinda,PE,2022-02-09,True
2146,CLI002146,Cliente 2146,Bar,São Luís,MA,2023-07-03,True
2147,CLI002147,Cliente 2147,Atacado,Feira de Santana,BA,2023-08-10,True
2148,CLI002148,Cliente 2148,Bar,Recife,PE,2021-08-24,True
2149,CLI002149,Cliente 2149,Atacado,Salvador,BA,2021-08-08,True
2150,CLI002150,Cliente 2150,Bar,Fortaleza,CE,2022-08-12,True
2151,CLI002151,Cliente 2151,Conveniência,Maracanaú,CE,2023-06-05,True
2152,CLI002152,Cliente 2152,Mercadinho,Maracanaú,CE,2025-03-07,True
2153,CLI002153,Cliente 2153,Atacado,São Luís,MA,2022-02-05,True
2154,CLI002154,Cliente 2154,Atacado,São Luís,MA,2025-04-02,True
2155,CLI002155,Cliente 2155,Bar,Olinda,PE,2023-12-11,True
2156,CLI002156,Cliente 2156,Restaurante,Fortaleza,CE,2025-10-14,True
2157,CLI002157,Cliente 2157,Conveniência,Olinda,PE,2022-09-26,True
2158,CLI002158,Cliente 2158,Restaurante,São Luís,MA,2022-06-15,True
2159,CLI002159,Cliente 2159,Mercadinho,Maracanaú,CE,2024-12-03,True
2160,CLI002160,Cliente 2160,Supermercado,Fortaleza,CE,2025-12-04,True
2161,CLI002161,Cliente 2161,Mercadinho,São Luís,MA,2021-07-16,True
2162,CLI002162,Cliente 2162,Supermercado,São Luís,MA,2025-07-13,False
2163,CLI002163,Cliente 2163,Bar,Maracanaú,CE,2023-12-22,True
2164,CLI002164,Cliente 2164,Atacado,Salvador,BA,2023-10-21,True
2165,CLI002165,Cliente 2165,Atacado,Olinda,PE,2022-10-23,True
2166,CLI002166,Cliente 2166,Bar,Olinda,PE,2024-04-11,True
2167,CLI002167,Cliente 2167,Supermercado,Caucaia,CE,2025-12-27,True
2168,CLI002168,Cliente 2168,Bar,Salvador,BA,2022-03-16,True
2169,CLI002169,Cliente 2169,Restaurante,Fortaleza,CE,2022-04-23,True
2170,CLI002170,Cliente 2170,Restaurante,São Luís,MA,2021-01-20,True
2171,CLI002171,Cliente 2171,Mercadinho,Caucaia,CE,2023-11-18,True
2172,CLI002172,Cliente 2172,Conveniência,Salvador,BA,2021-04-09,True
2173,CLI002173,Cliente 2173,Atacado,Feira de Santana,BA,2023-06-20,True
2174,CLI002174,Cliente 2174,Atacado,Olinda,PE,2025-11-22,True
2175,CLI002175,Cliente 2175,Mercadinho,Caucaia,CE,2022-05-06,True
2176,CLI002176,Cliente 2176,Supermercado,Maracanaú,CE,2025-10-21,True
2177,CLI002177,Cliente 2177,Atacado,Salvador,BA,2025-10-09,True
2178,CLI002178,Cliente 2178,Supermercado,São Luís,MA,2022-01-26,True
2179,CLI002179,Cliente 2179,Mercadinho,Recife,PE,2025-03-05,True
2180,CLI002180,Cliente 2180,Restaurante,Fortaleza,CE,2021-01-05,True
2181,CLI002181,Cliente 2181,Bar,São Luís,MA,2024-06-10,True
2182,CLI002182,Cliente 2182,Supermercado,Maracanaú,CE,2025-07-13,True
2183,CLI002183,Cliente 2183,Restaurante,São Luís,MA,2023-09-11,True
2184,CLI002184,Cliente 2184,Supermercado,Recife,PE,2023-12-05,True
2185,CLI002185,Cliente 2185,Bar,São Luís,MA,2023-11-04,True
2186,CLI002186,Cliente 2186,Conveniência,Feira de Santana,BA,2023-03-01,True
2187,CLI002187,Cliente 2187,Conveniência,São Luís,MA,2023-12-14,True
2188,CLI002188,Cliente 2188,Bar,Recife,PE,2023-03-24,True
2189,CLI002189,Cliente 2189,Bar,Recife,PE,2023-09-07,False
2190,CLI002190,Cliente 2190,Restaurante,Olinda,PE,2021-06-09,True
2191,CLI002191,Cliente 2191,Atacado,Fortaleza,CE,2023-01-21,True
2192,CLI002192,Cliente 2192,Bar,São Luís,MA,2021-12-23,True
2193,CLI002193,Cliente 2193,Atacado,Fortaleza,CE,2021-12-16,True
2194,CLI002194,Cliente 2194,Bar,São Luís,MA,2022-08-24,True
2195,CLI002195,Cliente 2195,Mercadinho,Maracanaú,CE,2023-01-20,True
2196,CLI002196,Cliente 2196,Conveniência,Caucaia,CE,2022-03-03,True
2197,CLI002197,Cliente 2197,Mercadinho,Maracanaú,CE,2024-11-23,True
2198,CLI002198,Cliente 2198,Atacado,Maracanaú,CE,2023-04-21,True
2199,CLI002199,Cliente 2199,Restaurante,Fortaleza,CE,2023-12-06,True
2200,CLI002200,Cliente 2200,Atacado,Salvador,BA,2021-11-13,True
2201,CLI002201,Cliente 2201,Mercadinho,Fortaleza,CE,2022-09-05,True
2202,CLI002202,Cliente 2202,Supermercado,Maracanaú,CE,2024-01-09,True
2203,CLI002203,Cliente 2203,Supermercado,Feira de Santana,BA,2021-05-09,True
2204,CLI002204,Cliente 2204,Restaurante,Maracanaú,CE,2024-10-27,True
2205,CLI002205,Cliente 2205,Mercadinho,São Luís,MA,2021-02-06,True
2206,CLI002206,Cliente 2206,Restaurante,Caucaia,CE,2025-11-01,True
2207,CLI002207,Cliente 2207,Supermercado,Fortaleza,CE,2023-08-03,True
2208,CLI002208,Cliente 2208,Restaurante,Recife,PE,2022-12-25,True
2209,CLI002209,Cliente 2209,Mercadinho,Olinda,PE,2024-12-10,True
2210,CLI002210,Cliente 2210,Atacado,Caucaia,CE,2023-07-08,True
2211,CLI002211,Cliente 2211,Supermercado,Olinda,PE,2022-05-09,True
2212,CLI002212,Cliente 2212,Mercadinho,Olinda,PE,2024-06-19,True
2213,CLI002213,Cliente 2213,Conveniência,São Luís,MA,2022-01-27,True
2214,CLI002214,Cliente 2214,Atacado,Caucaia,CE,2025-04-23,True
2215,CLI002215,Cliente 2215,Supermercado,Olinda,PE,2023-12-17,True
2216,CLI002216,Cliente 2216,Mercadinho,Olinda,PE,2025-04-09,True
2217,CLI002217,Cliente 2217,Mercadinho,Olinda,PE,2021-09-22,True
2218,CLI002218,Cliente 2218,Supermercado,São Luís,MA,2024-10-11,True
2219,CLI002219,Cliente 2219,Conveniência,Feira de Santana,BA,2025-01-11,True
2220,CLI002220,Cliente 2220,Mercadinho,Salvador,BA,2022-07-16,True
2221,CLI002221,Cliente 2221,Supermercado,Maracanaú,CE,2023-05-06,True
2222,CLI002222,Cliente 2222,Mercadinho,Caucaia,CE,2024-10-15,True
2223,CLI002223,Cliente 2223,Conveniência,Feira de Santana,BA,2024-08-27,True
2224,CLI002224,Cliente 2224,Atacado,Salvador,BA,2023-08-22,True
2225,CLI002225,Cliente 2225,Supermercado,Fortaleza,CE,2025-02-14,True
2226,CLI002226,Cliente 2226,Atacado,Olinda,PE,2024-10-01,True
2227,CLI002227,Cliente 2227,Restaurante,Caucaia,CE,2025-12-17,True
2228,CLI002228,Cliente 2228,Supermercado,Caucaia,CE,2023-01-03,True
2229,CLI002229,Cliente 2229,Restaurante,Caucaia,CE,2024-07-06,True
2230,CLI002230,Cliente 2230,Supermercado,Caucaia,CE,2022-05-10,True
2231,CLI002231,Cliente 2231,Supermercado,Recife,PE,2024-02-24,True
2232,CLI002232,Cliente 2232,Mercadinho,Salvador,BA,2024-03-12,True
2233,CLI002233,Cliente 2233,Conveniência,Feira de Santana,BA,2022-08-22,True
2234,CLI002234,Cliente 2234,Conveniência,São Luís,MA,2022-02-13,True
2235,CLI002235,Cliente 2235,Bar,Caucaia,CE,2023-05-27,True
2236,CLI002236,Cliente 2236,Atacado,Feira de Santana,BA,2024-09-03,True
2237,CLI002237,Cliente 2237,Supermercado,Fortaleza,CE,2025-03-25,True
2238,CLI002238,Cliente 2238,Restaurante,Salvador,BA,2025-01-20,True
2239,CLI002239,Cliente 2239,Mercadinho,Feira de Santana,BA,2022-03-16,True
2240,CLI002240,Cliente 2240,Restaurante,Recife,PE,2024-02-11,True
2241,CLI002241,Cliente 2241,Bar,Caucaia,CE,2022-05-10,True
2242,CLI002242,Cliente 2242,Mercadinho,São Luís,MA,2023-07-06,True
2243,CLI002243,Cliente 2243,Bar,Maracanaú,CE,2021-06-22,True
2244,CLI002244,Cliente 2244,Mercadinho,Feira de Santana,BA,2022-06-05,True
2245,CLI002245,Cliente 2245,Conveniência,Feira de Santana,BA,2024-01-16,True
2246,CLI002246,Cliente 2246,Bar,Feira de Santana,BA,2021-05-14,True
2247,CLI002247,Cliente 2247,Atacado,Maracanaú,CE,2024-09-12,True
2248,CLI002248,Cliente 2248,Atacado,Salvador,BA,2023-02-26,True
2249,CLI002249,Cliente 2249,Atacado,Feira de Santana,BA,2024-11-03,True
2250,CLI002250,Cliente 2250,Conveniência,Salvador,BA,2025-05-07,True
2251,CLI002251,Cliente 2251,Bar,São Luís,MA,2021-08-10,True
2252,CLI002252,Cliente 2252,Bar,São Luís,MA,2023-01-20,True
2253,CLI002253,Cliente 2253,Bar,Olinda,PE,2023-11-10,True
2254,CLI002254,Cliente 2254,Atacado,Fortaleza,CE,2023-03-10,True
2255,CLI002255,Cliente 2255,Bar,Fortaleza,CE,2023-05-21,True
2256,CLI002256,Cliente 2256,Restaurante,Maracanaú,CE,2021-09-24,True
2257,CLI002257,Cliente 2257,Mercadinho,Caucaia,CE,2025-02-05,True
2258,CLI002258,Cliente 2258,Bar,São Luís,MA,2023-06-15,True
2259,CLI002259,Cliente 2259,Conveniência,Recife,PE,2025-10-15,True
2260,CLI002260,Cliente 2260,Restaurante,Salvador,BA,2021-03-20,True
2261,CLI002261,Cliente 2261,Bar,Maracanaú,CE,2025-12-03,True
2262,CLI002262,Cliente 2262,Bar,Olinda,PE,2024-01-06,True
2263,CLI002263,Cliente 2263,Conveniência,Olinda,PE,2021-07-04,True
2264,CLI002264,Cliente 2264,Restaurante,Olinda,PE,2025-09-18,True
2265,CLI002265,Cliente 2265,Conveniência,Recife,PE,2021-06-19,True
2266,CLI002266,Cliente 2266,Restaurante,Feira de Santana,BA,2022-05-17,True
2267,CLI002267,Cliente 2267,Supermercado,Feira de Santana,BA,2023-05-01,True
2268,CLI002268,Cliente 2268,Bar,Fortaleza,CE,2022-05-09,True
2269,CLI002269,Cliente 2269,Mercadinho,Salvador,BA,2022-04-01,True
2270,CLI002270,Cliente 2270,Mercadinho,Recife,PE,2025-05-24,True
2271,CLI002271,Cliente 2271,Atacado,São Luís,MA,2024-11-20,True
2272,CLI002272,Cliente 2272,Bar,Feira de Santana,BA,2025-01-11,True
2273,CLI002273,Cliente 2273,Bar,Salvador,BA,2022-08-28,True
2274,CLI002274,Cliente 2274,Atacado,Recife,PE,2022-11-13,True
2275,CLI002275,Cliente 2275,Conveniência,Fortaleza,CE,2025-02-21,True
2276,CLI002276,Cliente 2276,Mercadinho,Salvador,BA,2022-12-17,True
2277,CLI002277,Cliente 2277,Restaurante,Olinda,PE,2024-11-15,False
2278,CLI002278,Cliente 2278,Atacado,Caucaia,CE,2023-10-14,True
2279,CLI002279,Cliente 2279,Restaurante,Fortaleza,CE,2025-12-16,True
2280,CLI002280,Cliente 2280,Atacado,Feira de Santana,BA,2022-07-20,True
2281,CLI002281,Cliente 2281,Mercadinho,Maracanaú,CE,2024-04-07,True
2282,CLI002282,Cliente 2282,Supermercado,Olinda,PE,2022-12-13,True
2283,CLI002283,Cliente 2283,Supermercado,Salvador,BA,2024-10-09,True
2284,CLI002284,Cliente 2284,Conveniência,Salvador,BA,2021-11-22,True
2285,CLI002285,Cliente 2285,Atacado,Salvador,BA,2025-09-13,True
2286,CLI002286,Cliente 2286,Bar,Feira de Santana,BA,2024-05-27,True
2287,CLI002287,Cliente 2287,Supermercado,Caucaia,CE,2024-05-01,True
2288,CLI002288,Cliente 2288,Bar,Salvador,BA,2022-11-04,True
2289,CLI002289,Cliente 2289,Bar,Feira de Santana,BA,2024-04-21,False
2290,CLI002290,Cliente 2290,Supermercado,Recife,PE,2025-10-17,True
2291,CLI002291,Cliente 2291,Mercadinho,Feira de Santana,BA,2023-10-08,True
2292,CLI002292,Cliente 2292,Conveniência,São Luís,MA,2021-06-01,True
2293,CLI002293,Cliente 2293,Atacado,Feira de Santana,BA,2025-04-28,True
2294,CLI002294,Cliente 2294,Restaurante,São Luís,MA,2022-03-16,True
2295,CLI002295,Cliente 2295,Restaurante,Recife,PE,2022-05-03,True
2296,CLI002296,Cliente 2296,Atacado,Recife,PE,2024-08-08,True
2297,CLI002297,Cliente 2297,Supermercado,São Luís,MA,2022-08-17,True
2298,CLI002298,Cliente 2298,Supermercado,Salvador,BA,2022-08-24,True
2299,CLI002299,Cliente 2299,Conveniência,Fortaleza,CE,2021-11-22,True
2300,CLI002300,Cliente 2300,Bar,São Luís,MA,2021-07-09,True
2301,CLI002301,Cliente 2301,Conveniência,Maracanaú,CE,2025-11-18,True
2302,CLI002302,Cliente 2302,Bar,São Luís,MA,2021-05-26,True
2303,CLI002303,Cliente 2303,Restaurante,Fortaleza,CE,2024-12-17,True
2304,CLI002304,Cliente 2304,Bar,São Luís,MA,2021-02-05,True
2305,CLI002305,Cliente 2305,Conveniência,Maracanaú,CE,2022-06-14,True
2306,CLI002306,Cliente 2306,Supermercado,Caucaia,CE,2024-04-09,True
2307,CLI002307,Cliente 2307,Bar,Maracanaú,CE,2024-04-25,True
2308,CLI002308,Cliente 2308,Conveniência,Olinda,PE,2024-06-26,True
2309,CLI002309,Cliente 2309,Atacado,Olinda,PE,2023-10-02,True
2310,CLI002310,Cliente 2310,Atacado,Caucaia,CE,2023-01-08,True
2311,CLI002311,Cliente 2311,Conveniência,Salvador,BA,2023-05-23,True
2312,CLI002312,Cliente 2312,Bar,Olinda,PE,2024-11-10,True
2313,CLI002313,Cliente 2313,Supermercado,Caucaia,CE,2025-05-28,True
2314,CLI002314,Cliente 2314,Mercadinho,Recife,PE,2022-10-10,True
2315,CLI002315,Cliente 2315,Restaurante,Fortaleza,CE,2023-12-17,True
2316,CLI002316,Cliente 2316,Bar,Feira de Santana,BA,2025-03-12,True
2317,CLI002317,Cliente 2317,Atacado,Salvador,BA,2023-07-28,True
2318,CLI002318,Cliente 2318,Atacado,Caucaia,CE,2024-03-16,True
2319,CLI002319,Cliente 2319,Conveniência,Fortaleza,CE,2021-06-08,True
2320,CLI002320,Cliente 2320,Supermercado,Recife,PE,2023-10-25,True
2321,CLI002321,Cliente 2321,Conveniência,Maracanaú,CE,2022-06-16,True
2322,CLI002322,Cliente 2322,Conveniência,Fortaleza,CE,2025-04-24,True
2323,CLI002323,Cliente 2323,Bar,Fortaleza,CE,2021-06-17,True
2324,CLI002324,Cliente 2324,Mercadinho,Maracanaú,CE,2024-10-17,True
2325,CLI002325,Cliente 2325,Conveniência,Olinda,PE,2022-12-21,True
2326,CLI002326,Cliente 2326,Conveniência,Recife,PE,2024-03-02,True
2327,CLI002327,Cliente 2327,Atacado,Olinda,PE,2023-02-24,True
2328,CLI002328,Cliente 2328,Supermercado,Maracanaú,CE,2025-05-02,True
2329,CLI002329,Cliente 2329,Atacado,Recife,PE,2025-08-15,True
2330,CLI002330,Cliente 2330,Restaurante,Fortaleza,CE,2021-04-16,True
2331,CLI002331,Cliente 2331,Bar,Maracanaú,CE,2022-02-18,True
2332,CLI002332,Cliente 2332,Restaurante,São Luís,MA,2025-01-19,True
2333,CLI002333,Cliente 2333,Conveniência,Maracanaú,CE,2024-11-07,True
2334,CLI002334,Cliente 2334,Mercadinho,São Luís,MA,2023-07-20,True
2335,CLI002335,Cliente 2335,Restaurante,Caucaia,CE,2025-08-17,True
2336,CLI002336,Cliente 2336,Restaurante,Olinda,PE,2025-04-11,True
2337,CLI002337,Cliente 2337,Conveniência,Olinda,PE,2024-02-25,True
2338,CLI002338,Cliente 2338,Mercadinho,São Luís,MA,2023-09-16,True
2339,CLI002339,Cliente 2339,Mercadinho,Caucaia,CE,2024-11-10,True
2340,CLI002340,Cliente 2340,Restaurante,São Luís,MA,2025-03-07,True
2341,CLI002341,Cliente 2341,Supermercado,Recife,PE,2023-09-10,True
2342,CLI002342,Cliente 2342,Mercadinho,São Luís,MA,2023-10-07,True
2343,CLI002343,Cliente 2343,Restaurante,Caucaia,CE,2022-04-25,True
2344,CLI002344,Cliente 2344,Supermercado,Caucaia,CE,2025-11-06,True
2345,CLI002345,Cliente 2345,Conveniência,São Luís,MA,2025-07-25,True
2346,CLI002346,Cliente 2346,Restaurante,Recife,PE,2024-05-12,True
2347,CLI002347,Cliente 2347,Conveniência,Salvador,BA,2023-12-11,True
2348,CLI002348,Cliente 2348,Atacado,Feira de Santana,BA,2024-07-01,True
2349,CLI002349,Cliente 2349,Mercadinho,Feira de Santana,BA,2024-06-21,True
2350,CLI002350,Cliente 2350,Restaurante,São Luís,MA,2021-12-07,True
2351,CLI002351,Cliente 2351,Restaurante,Olinda,PE,2023-01-11,True
2352,CLI002352,Cliente 2352,Restaurante,Feira de Santana,BA,2025-09-24,True
2353,CLI002353,Cliente 2353,Atacado,Recife,PE,2025-08-28,True
2354,CLI002354,Cliente 2354,Supermercado,Maracanaú,CE,2022-06-24,True
2355,CLI002355,Cliente 2355,Mercadinho,São Luís,MA,2024-12-23,True
2356,CLI002356,Cliente 2356,Atacado,Olinda,PE,2025-07-02,True
2357,CLI002357,Cliente 2357,Restaurante,Salvador,BA,2025-06-15,True
2358,CLI002358,Cliente 2358,Bar,Maracanaú,CE,2022-12-03,True
2359,CLI002359,Cliente 2359,Supermercado,Feira de Santana,BA,2022-10-10,True
2360,CLI002360,Cliente 2360,Bar,Maracanaú,CE,2022-06-19,True
2361,CLI002361,Cliente 2361,Atacado,Olinda,PE,2025-05-23,False
2362,CLI002362,Cliente 2362,Conveniência,Maracanaú,CE,2023-06-25,True
2363,CLI002363,Cliente 2363,Supermercado,Recife,PE,2023-08-08,True
2364,CLI002364,Cliente 2364,Supermercado,Salvador,BA,2023-05-20,True
2365,CLI002365,Cliente 2365,Supermercado,Fortaleza,CE,2021-11-14,True
2366,CLI002366,Cliente 2366,Mercadinho,São Luís,MA,2025-01-17,True
2367,CLI002367,Cliente 2367,Mercadinho,Feira de Santana,BA,2025-06-26,True
2368,CLI002368,Cliente 2368,Atacado,Olinda,PE,2023-11-03,True
2369,CLI002369,Cliente 2369,Atacado,Maracanaú,CE,2021-09-06,True
2370,CLI002370,Cliente 2370,Atacado,Maracanaú,CE,2024-10-21,True
2371,CLI002371,Cliente 2371,Conveniência,Maracanaú,CE,2024-05-15,True
2372,CLI002372,Cliente 2372,Conveniência,Caucaia,CE,2023-02-06,True
2373,CLI002373,Cliente 2373,Bar,Salvador,BA,2025-12-24,True
2374,CLI002374,Cliente 2374,Mercadinho,Feira de Santana,BA,2024-10-10,False
2375,CLI002375,Cliente 2375,Mercadinho,Feira de Santana,BA,2021-04-11,True
2376,CLI002376,Cliente 2376,Supermercado,Olinda,PE,2025-11-25,True
2377,CLI002377,Cliente 2377,Conveniência,São Luís,MA,2022-10-12,True
2378,CLI002378,Cliente 2378,Supermercado,Caucaia,CE,2022-04-10,True
2379,CLI002379,Cliente 2379,Atacado,Fortaleza,CE,2025-01-25,True
2380,CLI002380,Cliente 2380,Mercadinho,Salvador,BA,2023-06-08,True
2381,CLI002381,Cliente 2381,Restaurante,Recife,PE,2022-07-09,True
2382,CLI002382,Cliente 2382,Restaurante,Recife,PE,2021-03-15,True
2383,CLI002383,Cliente 2383,Mercadinho,Feira de Santana,BA,2024-12-28,True
2384,CLI002384,Cliente 2384,Mercadinho,Feira de Santana,BA,2024-08-13,True
2385,CLI002385,Cliente 2385,Atacado,Feira de Santana,BA,2021-02-06,True
2386,CLI002386,Cliente 2386,Supermercado,Maracanaú,CE,2022-02-16,True
2387,CLI002387,Cliente 2387,Conveniência,Salvador,BA,2023-07-07,True
2388,CLI002388,Cliente 2388,Atacado,Maracanaú,CE,2023-08-09,True
2389,CLI002389,Cliente 2389,Mercadinho,São Luís,MA,2021-07-26,True
2390,CLI002390,Cliente 2390,Restaurante,Maracanaú,CE,2023-05-27,True
2391,CLI002391,Cliente 2391,Supermercado,Olinda,PE,2021-11-21,True
2392,CLI002392,Cliente 2392,Mercadinho,São Luís,MA,2023-12-21,True
2393,CLI002393,Cliente 2393,Supermercado,Fortaleza,CE,2022-03-19,False
2394,CLI002394,Cliente 2394,Supermercado,Caucaia,CE,2024-01-02,True
2395,CLI002395,Cliente 2395,Conveniência,Recife,PE,2023-06-20,True
2396,CLI002396,Cliente 2396,Bar,Caucaia,CE,2022-03-17,True
2397,CLI002397,Cliente 2397,Restaurante,Caucaia,CE,2021-03-01,True
2398,CLI002398,Cliente 2398,Bar,Olinda,PE,2023-05-20,True
2399,CLI002399,Cliente 2399,Restaurante,Fortaleza,CE,2021-08-02,True
2400,CLI002400,Cliente 2400,Bar,Caucaia,CE,2021-09-13,True
2401,CLI002401,Cliente 2401,Supermercado,Caucaia,CE,2021-01-12,True
2402,CLI002402,Cliente 2402,Bar,Maracanaú,CE,2021-02-16,True
2403,CLI002403,Cliente 2403,Atacado,Feira de Santana,BA,2024-03-28,True
2404,CLI002404,Cliente 2404,Restaurante,Fortaleza,CE,2024-08-09,True
2405,CLI002405,Cliente 2405,Atacado,Salvador,BA,2021-08-16,True
2406,CLI002406,Cliente 2406,Supermercado,Recife,PE,2022-09-05,True
2407,CLI002407,Cliente 2407,Supermercado,Caucaia,CE,2021-12-04,True
2408,CLI002408,Cliente 2408,Atacado,Olinda,PE,2021-04-08,True
2409,CLI002409,Cliente 2409,Restaurante,Olinda,PE,2024-11-19,True
2410,CLI002410,Cliente 2410,Supermercado,Olinda,PE,2023-07-12,True
2411,CLI002411,Cliente 2411,Conveniência,Fortaleza,CE,2024-11-02,True
2412,CLI002412,Cliente 2412,Mercadinho,Caucaia,CE,2022-11-02,True
2413,CLI002413,Cliente 2413,Supermercado,Recife,PE,2024-06-01,True
2414,CLI002414,Cliente 2414,Restaurante,São Luís,MA,2022-11-28,True
2415,CLI002415,Cliente 2415,Bar,Feira de Santana,BA,2022-08-20,True
2416,CLI002416,Cliente 2416,Mercadinho,São Luís,MA,2023-11-25,True
2417,CLI002417,Cliente 2417,Restaurante,Salvador,BA,2022-05-11,True
2418,CLI002418,Cliente 2418,Atacado,São Luís,MA,2024-11-04,True
2419,CLI002419,Cliente 2419,Atacado,Salvador,BA,2023-02-26,True
2420,CLI002420,Cliente 2420,Atacado,Fortaleza,CE,2022-02-08,True
2421,CLI002421,Cliente 2421,Mercadinho,Maracanaú,CE,2025-12-10,True
2422,CLI002422,Cliente 2422,Restaurante,Salvador,BA,2024-07-18,True
2423,CLI002423,Cliente 2423,Atacado,Maracanaú,CE,2022-07-27,True
2424,CLI002424,Cliente 2424,Supermercado,Recife,PE,2022-01-07,True
2425,CLI002425,Cliente 2425,Atacado,Salvador,BA,2025-03-19,True
2426,CLI002426,Cliente 2426,Atacado,Fortaleza,CE,2023-09-08,True
2427,CLI002427,Cliente 2427,Restaurante,Caucaia,CE,2022-02-22,True
2428,CLI002428,Cliente 2428,Conveniência,Recife,PE,2022-09-20,True
2429,CLI002429,Cliente 2429,Restaurante,Recife,PE,2021-07-10,True
2430,CLI002430,Cliente 2430,Bar,Feira de Santana,BA,2024-06-05,True
2431,CLI002431,Cliente 2431,Mercadinho,Olinda,PE,2021-05-23,True
2432,CLI002432,Cliente 2432,Supermercado,Olinda,PE,2025-10-03,True
2433,CLI002433,Cliente 2433,Supermercado,Feira de Santana,BA,2022-08-27,True
2434,CLI002434,Cliente 2434,Bar,Recife,PE,2022-11-14,True
2435,CLI002435,Cliente 2435,Supermercado,Recife,PE,2023-02-08,True
2436,CLI002436,Cliente 2436,Supermercado,Olinda,PE,2024-02-24,True
2437,CLI002437,Cliente 2437,Supermercado,Caucaia,CE,2024-03-22,True
2438,CLI002438,Cliente 2438,Mercadinho,Salvador,BA,2021-09-10,True
2439,CLI002439,Cliente 2439,Supermercado,São Luís,MA,2024-05-27,True
2440,CLI002440,Cliente 2440,Supermercado,São Luís,MA,2021-12-11,True
2441,CLI002441,Cliente 2441,Bar,Fortaleza,CE,2023-02-21,True
2442,CLI002442,Cliente 2442,Conveniência,Caucaia,CE,2024-05-08,True
2443,CLI002443,Cliente 2443,Conveniência,Maracanaú,CE,2025-10-28,True
2444,CLI002444,Cliente 2444,Conveniência,São Luís,MA,2024-07-02,True
2445,CLI002445,Cliente 2445,Conveniência,Olinda,PE,2023-05-21,True
2446,CLI002446,Cliente 2446,Conveniência,Feira de Santana,BA,2023-06-03,False
2447,CLI002447,Cliente 2447,Supermercado,São Luís,MA,2025-08-08,True
2448,CLI002448,Cliente 2448,Mercadinho,Olinda,PE,2024-09-20,True
2449,CLI002449,Cliente 2449,Atacado,Feira de Santana,BA,2025-11-13,True
2450,CLI002450,Cliente 2450,Atacado,Maracanaú,CE,2021-10-04,True
2451,CLI002451,Cliente 2451,Restaurante,Recife,PE,2025-11-23,True
2452,CLI002452,Cliente 2452,Bar,Feira de Santana,BA,2021-06-21,True
2453,CLI002453,Cliente 2453,Atacado,São Luís,MA,2025-01-13,True
2454,CLI002454,Cliente 2454,Conveniência,Feira de Santana,BA,2021-04-19,True
2455,CLI002455,Cliente 2455,Mercadinho,Salvador,BA,2023-07-26,False
2456,CLI002456,Cliente 2456,Restaurante,São Luís,MA,2023-11-12,True
2457,CLI002457,Cliente 2457,Restaurante,Recife,PE,2024-01-11,True
2458,CLI002458,Cliente 2458,Supermercado,Olinda,PE,2022-09-25,True
2459,CLI002459,Cliente 2459,Conveniência,Salvador,BA,2024-06-25,True
2460,CLI002460,Cliente 2460,Mercadinho,São Luís,MA,2023-06-20,True
2461,CLI002461,Cliente 2461,Restaurante,Recife,PE,2023-02-24,True
2462,CLI002462,Cliente 2462,Restaurante,Feira de Santana,BA,2025-08-21,True
2463,CLI002463,Cliente 2463,Supermercado,Feira de Santana,BA,2023-12-16,True
2464,CLI002464,Cliente 2464,Restaurante,São Luís,MA,2022-03-11,False
2465,CLI002465,Cliente 2465,Atacado,Recife,PE,2023-09-23,True
2466,CLI002466,Cliente 2466,Atacado,Olinda,PE,2025-03-13,True
2467,CLI002467,Cliente 2467,Supermercado,Maracanaú,CE,2021-02-23,True
2468,CLI002468,Cliente 2468,Restaurante,Feira de Santana,BA,2022-12-11,True
2469,CLI002469,Cliente 2469,Supermercado,Feira de Santana,BA,2024-02-28,True
2470,CLI002470,Cliente 2470,Atacado,Olinda,PE,2025-02-11,True
2471,CLI002471,Cliente 2471,Mercadinho,São Luís,MA,2022-09-05,True
2472,CLI002472,Cliente 2472,Mercadinho,Olinda,PE,2024-04-27,True
2473,CLI002473,Cliente 2473,Supermercado,Recife,PE,2022-08-21,True
2474,CLI002474,Cliente 2474,Mercadinho,Caucaia,CE,2023-04-01,True
2475,CLI002475,Cliente 2475,Bar,São Luís,MA,2024-09-18,True
2476,CLI002476,Cliente 2476,Bar,Recife,PE,2022-09-19,True
2477,CLI002477,Cliente 2477,Conveniência,Feira de Santana,BA,2023-12-26,True
2478,CLI002478,Cliente 2478,Bar,Olinda,PE,2023-06-08,True
2479,CLI002479,Cliente 2479,Mercadinho,Salvador,BA,2022-06-28,True
2480,CLI002480,Cliente 2480,Atacado,Recife,PE,2025-03-04,True
2481,CLI002481,Cliente 2481,Atacado,São Luís,MA,2023-02-26,True
2482,CLI002482,Cliente 2482,Conveniência,Recife,PE,2023-12-23,True
2483,CLI002483,Cliente 2483,Bar,Recife,PE,2023-10-27,True
2484,CLI002484,Cliente 2484,Bar,São Luís,MA,2025-07-03,True
2485,CLI002485,Cliente 2485,Mercadinho,Caucaia,CE,2025-08-18,True
2486,CLI002486,Cliente 2486,Bar,Salvador,BA,2022-02-22,True
2487,CLI002487,Cliente 2487,Atacado,Olinda,PE,2023-12-01,True
2488,CLI002488,Cliente 2488,Bar,São Luís,MA,2022-07-07,True
2489,CLI002489,Cliente 2489,Atacado,Olinda,PE,2023-06-08,True
2490,CLI002490,Cliente 2490,Supermercado,Feira de Santana,BA,2025-11-19,True
2491,CLI002491,Cliente 2491,Atacado,Fortaleza,CE,2021-12-25,True
2492,CLI002492,Cliente 2492,Mercadinho,Maracanaú,CE,2025-02-17,True
2493,CLI002493,Cliente 2493,Conveniência,Caucaia,CE,2022-04-20,True
2494,CLI002494,Cliente 2494,Supermercado,Caucaia,CE,2021-11-16,True
2495,CLI002495,Cliente 2495,Mercadinho,Salvador,BA,2021-07-19,True
2496,CLI002496,Cliente 2496,Bar,Feira de Santana,BA,2024-12-16,True
2497,CLI002497,Cliente 2497,Supermercado,Salvador,BA,2021-05-12,True
2498,CLI002498,Cliente 2498,Restaurante,Feira de Santana,BA,2024-02-06,True
2499,CLI002499,Cliente 2499,Supermercado,Recife,PE,2023-11-21,True
2500,CLI002500,Cliente 2500,Mercadinho,São Luís,MA,2025-05-01,True
2501,CLI002501,Cliente 2501,Atacado,Fortaleza,CE,2021-11-12,True
2502,CLI002502,Cliente 2502,Atacado,Fortaleza,CE,2021-01-11,True
2503,CLI002503,Cliente 2503,Atacado,Fortaleza,CE,2025-06-28,True
2504,CLI002504,Cliente 2504,Supermercado,Caucaia,CE,2025-08-06,True
2505,CLI002505,Cliente 2505,Mercadinho,Salvador,BA,2022-10-12,True
2506,CLI002506,Cliente 2506,Conveniência,São Luís,MA,2022-09-05,True
2507,CLI002507,Cliente 2507,Mercadinho,São Luís,MA,2025-01-18,True
2508,CLI002508,Cliente 2508,Restaurante,Maracanaú,CE,2023-02-12,True
2509,CLI002509,Cliente 2509,Mercadinho,Caucaia,CE,2024-04-20,True
2510,CLI002510,Cliente 2510,Bar,Salvador,BA,2025-07-26,True
2511,CLI002511,Cliente 2511,Conveniência,Maracanaú,CE,2025-02-11,True
2512,CLI002512,Cliente 2512,Supermercado,Caucaia,CE,2024-04-26,True
2513,CLI002513,Cliente 2513,Mercadinho,Salvador,BA,2024-11-23,True
2514,CLI002514,Cliente 2514,Atacado,Maracanaú,CE,2021-11-21,True
2515,CLI002515,Cliente 2515,Atacado,Feira de Santana,BA,2022-05-11,True
2516,CLI002516,Cliente 2516,Restaurante,Recife,PE,2024-07-14,True
2517,CLI002517,Cliente 2517,Mercadinho,São Luís,MA,2024-02-11,True
2518,CLI002518,Cliente 2518,Restaurante,Feira de Santana,BA,2024-05-25,True
2519,CLI002519,Cliente 2519,Atacado,Fortaleza,CE,2021-04-03,True
2520,CLI002520,Cliente 2520,Conveniência,Caucaia,CE,2023-12-02,True
2521,CLI002521,Cliente 2521,Restaurante,Fortaleza,CE,2024-04-12,True
2522,CLI002522,Cliente 2522,Conveniência,Fortaleza,CE,2024-12-17,True
2523,CLI002523,Cliente 2523,Atacado,Caucaia,CE,2023-11-23,True
2524,CLI002524,Cliente 2524,Mercadinho,Recife,PE,2024-03-08,True
2525,CLI002525,Cliente 2525,Conveniência,Maracanaú,CE,2022-08-07,True
2526,CLI002526,Cliente 2526,Mercadinho,Fortaleza,CE,2024-04-23,True
2527,CLI002527,Cliente 2527,Mercadinho,Olinda,PE,2022-11-27,True
2528,CLI002528,Cliente 2528,Supermercado,Salvador,BA,2024-04-12,True
2529,CLI002529,Cliente 2529,Mercadinho,Feira de Santana,BA,2022-03-20,True
2530,CLI002530,Cliente 2530,Bar,Olinda,PE,2025-12-28,True
2531,CLI002531,Cliente 2531,Supermercado,Olinda,PE,2023-07-23,False
2532,CLI002532,Cliente 2532,Bar,Feira de Santana,BA,2023-04-27,True
2533,CLI002533,Cliente 2533,Atacado,Olinda,PE,2021-11-23,True
2534,CLI002534,Cliente 2534,Supermercado,São Luís,MA,2022-02-21,True
2535,CLI002535,Cliente 2535,Bar,Caucaia,CE,2021-03-18,True
2536,CLI002536,Cliente 2536,Conveniência,Olinda,PE,2024-05-18,True
2537,CLI002537,Cliente 2537,Mercadinho,Olinda,PE,2021-07-27,True
2538,CLI002538,Cliente 2538,Mercadinho,Recife,PE,2025-08-07,True
2539,CLI002539,Cliente 2539,Bar,Fortaleza,CE,2024-02-04,True
2540,CLI002540,Cliente 2540,Supermercado,Feira de Santana,BA,2021-12-26,True
2541,CLI002541,Cliente 2541,Atacado,Feira de Santana,BA,2023-08-24,True
2542,CLI002542,Cliente 2542,Conveniência,Fortaleza,CE,2025-04-25,True
2543,CLI002543,Cliente 2543,Mercadinho,Salvador,BA,2025-01-05,True
2544,CLI002544,Cliente 2544,Supermercado,Olinda,PE,2023-08-07,True
2545,CLI002545,Cliente 2545,Bar,Fortaleza,CE,2024-03-10,True
2546,CLI002546,Cliente 2546,Supermercado,Recife,PE,2022-06-22,True
2547,CLI002547,Cliente 2547,Bar,Fortaleza,CE,2021-04-20,True
2548,CLI002548,Cliente 2548,Supermercado,Caucaia,CE,2025-06-02,True
2549,CLI002549,Cliente 2549,Bar,Maracanaú,CE,2025-09-01,True
2550,CLI002550,Cliente 2550,Conveniência,Caucaia,CE,2023-06-02,True
2551,CLI002551,Cliente 2551,Conveniência,Maracanaú,CE,2022-01-13,False
2552,CLI002552,Cliente 2552,Bar,Fortaleza,CE,2025-02-28,True
2553,CLI002553,Cliente 2553,Atacado,Fortaleza,CE,2025-02-01,True
2554,CLI002554,Cliente 2554,Atacado,São Luís,MA,2024-05-22,True
2555,CLI002555,Cliente 2555,Conveniência,São Luís,MA,2022-11-16,True
2556,CLI002556,Cliente 2556,Conveniência,Salvador,BA,2024-08-05,True
2557,CLI002557,Cliente 2557,Supermercado,Salvador,BA,2022-05-21,True
2558,CLI002558,Cliente 2558,Restaurante,Feira de Santana,BA,2022-06-24,False
2559,CLI002559,Cliente 2559,Supermercado,Olinda,PE,2021-08-14,True
2560,CLI002560,Cliente 2560,Bar,Recife,PE,2022-11-12,True
2561,CLI002561,Cliente 2561,Bar,Feira de Santana,BA,2024-08-24,True
2562,CLI002562,Cliente 2562,Bar,Feira de Santana,BA,2023-06-11,True
2563,CLI002563,Cliente 2563,Conveniência,Caucaia,CE,2025-04-08,True
2564,CLI002564,Cliente 2564,Atacado,Recife,PE,2022-12-22,True
2565,CLI002565,Cliente 2565,Bar,Salvador,BA,2025-07-12,True
2566,CLI002566,Cliente 2566,Bar,Recife,PE,2022-08-04,True
2567,CLI002567,Cliente 2567,Restaurante,São Luís,MA,2025-07-02,True
2568,CLI002568,Cliente 2568,Atacado,Salvador,BA,2022-11-13,True
2569,CLI002569,Cliente 2569,Supermercado,Feira de Santana,BA,2024-01-23,True
2570,CLI002570,Cliente 2570,Restaurante,Caucaia,CE,2025-03-21,True
2571,CLI002571,Cliente 2571,Supermercado,Recife,PE,2024-06-15,True
2572,CLI002572,Cliente 2572,Bar,Caucaia,CE,2023-10-25,True
2573,CLI002573,Cliente 2573,Conveniência,Fortaleza,CE,2021-02-03,False
2574,CLI002574,Cliente 2574,Restaurante,Fortaleza,CE,2021-06-12,True
2575,CLI002575,Cliente 2575,Supermercado,Caucaia,CE,2023-02-12,True
2576,CLI002576,Cliente 2576,Atacado,Salvador,BA,2024-08-11,True
2577,CLI002577,Cliente 2577,Restaurante,Olinda,PE,2021-09-06,True
2578,CLI002578,Cliente 2578,Supermercado,Caucaia,CE,2024-02-18,True
2579,CLI002579,Cliente 2579,Supermercado,Feira de Santana,BA,2025-09-21,True
2580,CLI002580,Cliente 2580,Conveniência,Olinda,PE,2022-02-22,True
2581,CLI002581,Cliente 2581,Mercadinho,São Luís,MA,2021-03-13,True
2582,CLI002582,Cliente 2582,Supermercado,São Luís,MA,2021-10-23,True
2583,CLI002583,Cliente 2583,Bar,Salvador,BA,2025-10-06,True
2584,CLI002584,Cliente 2584,Bar,Fortaleza,CE,2025-06-11,True
2585,CLI002585,Cliente 2585,Mercadinho,Salvador,BA,2022-03-20,True
2586,CLI002586,Cliente 2586,Supermercado,Feira de Santana,BA,2021-11-07,True
2587,CLI002587,Cliente 2587,Restaurante,Salvador,BA,2021-06-20,True
2588,CLI002588,Cliente 2588,Mercadinho,São Luís,MA,2025-10-14,True
2589,CLI002589,Cliente 2589,Restaurante,Salvador,BA,2022-09-09,True
2590,CLI002590,Cliente 2590,Bar,Fortaleza,CE,2023-03-02,True
2591,CLI002591,Cliente 2591,Restaurante,Olinda,PE,2024-07-11,True
2592,CLI002592,Cliente 2592,Conveniência,São Luís,MA,2021-06-18,True
2593,CLI002593,Cliente 2593,Conveniência,Fortaleza,CE,2025-01-10,True
2594,CLI002594,Cliente 2594,Bar,São Luís,MA,2024-01-23,True
2595,CLI002595,Cliente 2595,Restaurante,Feira de Santana,BA,2023-09-28,True
2596,CLI002596,Cliente 2596,Bar,Feira de Santana,BA,2023-03-12,True
2597,CLI002597,Cliente 2597,Bar,Recife,PE,2023-05-03,True
2598,CLI002598,Cliente 2598,Conveniência,Maracanaú,CE,2023-09-04,False
2599,CLI002599,Cliente 2599,Mercadinho,Caucaia,CE,2022-02-06,True
2600,CLI002600,Cliente 2600,Atacado,Caucaia,CE,2022-02-28,True
2601,CLI002601,Cliente 2601,Conveniência,Fortaleza,CE,2023-10-03,True
2602,CLI002602,Cliente 2602,Conveniência,São Luís,MA,2023-11-04,True
2603,CLI002603,Cliente 2603,Conveniência,Fortaleza,CE,2022-04-24,True
2604,CLI002604,Cliente 2604,Mercadinho,Caucaia,CE,2021-01-14,True
2605,CLI002605,Cliente 2605,Supermercado,Recife,PE,2021-12-03,True
2606,CLI002606,Cliente 2606,Bar,Recife,PE,2022-12-16,True
2607,CLI002607,Cliente 2607,Bar,Caucaia,CE,2023-12-22,True
2608,CLI002608,Cliente 2608,Bar,Fortaleza,CE,2022-09-01,True
2609,CLI002609,Cliente 2609,Restaurante,Recife,PE,2022-09-19,True
2610,CLI002610,Cliente 2610,Conveniência,Maracanaú,CE,2021-04-06,True
2611,CLI002611,Cliente 2611,Supermercado,Recife,PE,2024-11-27,True
2612,CLI002612,Cliente 2612,Atacado,Feira de Santana,BA,2023-04-14,True
2613,CLI002613,Cliente 2613,Conveniência,Salvador,BA,2022-09-01,True
2614,CLI002614,Cliente 2614,Restaurante,Olinda,PE,2022-02-02,True
2615,CLI002615,Cliente 2615,Conveniência,Salvador,BA,2021-10-25,True
2616,CLI002616,Cliente 2616,Conveniência,Maracanaú,CE,2024-01-24,True
2617,CLI002617,Cliente 2617,Atacado,Salvador,BA,2023-12-22,True
2618,CLI002618,Cliente 2618,Atacado,Maracanaú,CE,2023-12-27,True
2619,CLI002619,Cliente 2619,Conveniência,Salvador,BA,2024-06-16,True
2620,CLI002620,Cliente 2620,Restaurante,São Luís,MA,2025-12-07,True
2621,CLI002621,Cliente 2621,Mercadinho,Caucaia,CE,2023-07-15,True
2622,CLI002622,Cliente 2622,Bar,Salvador,BA,2024-08-15,True
2623,CLI002623,Cliente 2623,Bar,Feira de Santana,BA,2021-03-26,True
2624,CLI002624,Cliente 2624,Bar,Caucaia,CE,2023-01-14,True
2625,CLI002625,Cliente 2625,Supermercado,Caucaia,CE,2025-03-07,True
2626,CLI002626,Cliente 2626,Bar,Feira de Santana,BA,2022-05-11,True
2627,CLI002627,Cliente 2627,Bar,São Luís,MA,2022-05-27,True
2628,CLI002628,Cliente 2628,Supermercado,Olinda,PE,2022-08-20,True
2629,CLI002629,Cliente 2629,Bar,Feira de Santana,BA,2022-08-22,True
2630,CLI002630,Cliente 2630,Mercadinho,Maracanaú,CE,2023-12-16,True
2631,CLI002631,Cliente 2631,Supermercado,Caucaia,CE,2025-08-26,True
2632,CLI002632,Cliente 2632,Mercadinho,São Luís,MA,2023-11-06,True
2633,CLI002633,Cliente 2633,Conveniência,Olinda,PE,2025-07-20,True
2634,CLI002634,Cliente 2634,Atacado,Caucaia,CE,2023-06-24,True
2635,CLI002635,Cliente 2635,Restaurante,Caucaia,CE,2025-08-03,False
2636,CLI002636,Cliente 2636,Bar,Salvador,BA,2022-04-11,True
2637,CLI002637,Cliente 2637,Conveniência,Salvador,BA,2024-05-18,True
2638,CLI002638,Cliente 2638,Conveniência,Salvador,BA,2022-03-11,True
2639,CLI002639,Cliente 2639,Conveniência,Recife,PE,2025-10-08,True
2640,CLI002640,Cliente 2640,Bar,Recife,PE,2025-08-01,True
2641,CLI002641,Cliente 2641,Bar,Maracanaú,CE,2022-10-11,True
2642,CLI002642,Cliente 2642,Bar,São Luís,MA,2025-12-09,True
2643,CLI002643,Cliente 2643,Supermercado,Feira de Santana,BA,2023-12-05,True
2644,CLI002644,Cliente 2644,Bar,Fortaleza,CE,2022-04-21,False
2645,CLI002645,Cliente 2645,Atacado,Salvador,BA,2024-09-05,True
2646,CLI002646,Cliente 2646,Bar,Salvador,BA,2023-10-18,True
2647,CLI002647,Cliente 2647,Atacado,Recife,PE,2025-02-10,True
2648,CLI002648,Cliente 2648,Atacado,Recife,PE,2025-05-08,True
2649,CLI002649,Cliente 2649,Conveniência,Feira de Santana,BA,2021-05-09,True
2650,CLI002650,Cliente 2650,Mercadinho,Olinda,PE,2021-11-21,True
2651,CLI002651,Cliente 2651,Restaurante,Maracanaú,CE,2024-03-15,True
2652,CLI002652,Cliente 2652,Atacado,Caucaia,CE,2024-06-04,True
2653,CLI002653,Cliente 2653,Restaurante,São Luís,MA,2022-12-20,True
2654,CLI002654,Cliente 2654,Atacado,Caucaia,CE,2022-06-01,True
2655,CLI002655,Cliente 2655,Atacado,Salvador,BA,2024-06-05,True
2656,CLI002656,Cliente 2656,Atacado,Feira de Santana,BA,2021-11-14,True
2657,CLI002657,Cliente 2657,Supermercado,Feira de Santana,BA,2023-10-27,True
2658,CLI002658,Cliente 2658,Restaurante,Olinda,PE,2025-10-02,True
2659,CLI002659,Cliente 2659,Conveniência,Fortaleza,CE,2022-08-03,True
2660,CLI002660,Cliente 2660,Supermercado,Caucaia,CE,2021-09-06,True
2661,CLI002661,Cliente 2661,Mercadinho,Recife,PE,2023-06-11,True
2662,CLI002662,Cliente 2662,Mercadinho,Salvador,BA,2024-07-18,True
2663,CLI002663,Cliente 2663,Conveniência,Feira de Santana,BA,2024-12-05,True
2664,CLI002664,Cliente 2664,Supermercado,Maracanaú,CE,2024-03-04,True
2665,CLI002665,Cliente 2665,Supermercado,Olinda,PE,2022-01-21,True
2666,CLI002666,Cliente 2666,Mercadinho,Fortaleza,CE,2022-08-02,True
2667,CLI002667,Cliente 2667,Supermercado,Recife,PE,2022-09-11,True
2668,CLI002668,Cliente 2668,Mercadinho,Feira de Santana,BA,2025-05-16,False
2669,CLI002669,Cliente 2669,Atacado,Feira de Santana,BA,2021-01-07,True
2670,CLI002670,Cliente 2670,Supermercado,Recife,PE,2025-08-01,True
2671,CLI002671,Cliente 2671,Atacado,Maracanaú,CE,2023-09-27,True
2672,CLI002672,Cliente 2672,Supermercado,Recife,PE,2025-01-21,True
2673,CLI002673,Cliente 2673,Restaurante,Olinda,PE,2025-06-17,True
2674,CLI002674,Cliente 2674,Atacado,Recife,PE,2023-06-07,True
2675,CLI002675,Cliente 2675,Bar,Olinda,PE,2021-11-10,True
2676,CLI002676,Cliente 2676,Atacado,São Luís,MA,2025-07-07,True
2677,CLI002677,Cliente 2677,Bar,Fortaleza,CE,2021-12-28,True
2678,CLI002678,Cliente 2678,Conveniência,Olinda,PE,2022-10-27,True
2679,CLI002679,Cliente 2679,Mercadinho,São Luís,MA,2022-10-27,True
2680,CLI002680,Cliente 2680,Restaurante,Fortaleza,CE,2021-04-27,True
2681,CLI002681,Cliente 2681,Supermercado,Salvador,BA,2024-12-13,True
2682,CLI002682,Cliente 2682,Bar,São Luís,MA,2025-03-16,True
2683,CLI002683,Cliente 2683,Conveniência,Olinda,PE,2022-02-20,True
2684,CLI002684,Cliente 2684,Mercadinho,Fortaleza,CE,2025-01-28,False
2685,CLI002685,Cliente 2685,Mercadinho,Olinda,PE,2023-08-13,True
2686,CLI002686,Cliente 2686,Mercadinho,Caucaia,CE,2021-06-07,True
2687,CLI002687,Cliente 2687,Conveniência,Feira de Santana,BA,2023-02-09,True
2688,CLI002688,Cliente 2688,Restaurante,Fortaleza,CE,2021-02-10,True
2689,CLI002689,Cliente 2689,Supermercado,São Luís,MA,2021-11-24,True
2690,CLI002690,Cliente 2690,Bar,Fortaleza,CE,2022-01-04,True
2691,CLI002691,Cliente 2691,Bar,Recife,PE,2025-12-18,True
2692,CLI002692,Cliente 2692,Conveniência,Fortaleza,CE,2025-08-03,True
2693,CLI002693,Cliente 2693,Supermercado,Caucaia,CE,2021-07-22,True
2694,CLI002694,Cliente 2694,Bar,Fortaleza,CE,2024-08-14,True
2695,CLI002695,Cliente 2695,Atacado,Fortaleza,CE,2021-11-03,True
2696,CLI002696,Cliente 2696,Conveniência,Olinda,PE,2023-12-16,True
2697,CLI002697,Cliente 2697,Mercadinho,Olinda,PE,2023-04-08,True
2698,CLI002698,Cliente 2698,Conveniência,Fortaleza,CE,2021-10-27,True
2699,CLI002699,Cliente 2699,Supermercado,São Luís,MA,2021-05-12,True
2700,CLI002700,Cliente 2700,Bar,Salvador,BA,2024-09-06,True
2701,CLI002701,Cliente 2701,Conveniência,Salvador,BA,2025-09-05,True
2702,CLI002702,Cliente 2702,Bar,Salvador,BA,2022-10-13,True
2703,CLI002703,Cliente 2703,Restaurante,Salvador,BA,2022-11-25,True
2704,CLI002704,Cliente 2704,Restaurante,Feira de Santana,BA,2024-02-20,True
2705,CLI002705,Cliente 2705,Restaurante,Caucaia,CE,2023-11-15,True
2706,CLI002706,Cliente 2706,Mercadinho,Caucaia,CE,2023-09-28,True
2707,CLI002707,Cliente 2707,Atacado,Caucaia,CE,2023-09-21,True
2708,CLI002708,Cliente 2708,Atacado,Caucaia,CE,2022-04-27,True
2709,CLI002709,Cliente 2709,Bar,Maracanaú,CE,2021-09-18,True
2710,CLI002710,Cliente 2710,Atacado,Maracanaú,CE,2021-05-18,True
2711,CLI002711,Cliente 2711,Conveniência,Caucaia,CE,2022-11-23,True
2712,CLI002712,Cliente 2712,Mercadinho,São Luís,MA,2023-12-27,True
2713,CLI002713,Cliente 2713,Atacado,Feira de Santana,BA,2024-04-19,True
2714,CLI002714,Cliente 2714,Conveniência,Feira de Santana,BA,2021-04-21,True
2715,CLI002715,Cliente 2715,Conveniência,Caucaia,CE,2022-12-01,True
2716,CLI002716,Cliente 2716,Bar,Maracanaú,CE,2022-02-23,True
2717,CLI002717,Cliente 2717,Bar,Recife,PE,2023-04-18,True
2718,CLI002718,Cliente 2718,Mercadinho,Recife,PE,2021-01-10,True
2719,CLI002719,Cliente 2719,Conveniência,Caucaia,CE,2021-02-09,True
2720,CLI002720,Cliente 2720,Bar,Maracanaú,CE,2023-11-13,False
2721,CLI002721,Cliente 2721,Restaurante,Olinda,PE,2024-06-07,True
2722,CLI002722,Cliente 2722,Conveniência,São Luís,MA,2025-10-02,True
2723,CLI002723,Cliente 2723,Bar,Fortaleza,CE,2023-06-01,True
2724,CLI002724,Cliente 2724,Bar,São Luís,MA,2025-02-14,True
2725,CLI002725,Cliente 2725,Conveniência,Salvador,BA,2024-01-13,True
2726,CLI002726,Cliente 2726,Mercadinho,São Luís,MA,2024-05-18,True
2727,CLI002727,Cliente 2727,Conveniência,Recife,PE,2021-08-13,True
2728,CLI002728,Cliente 2728,Atacado,Recife,PE,2024-01-11,True
2729,CLI002729,Cliente 2729,Supermercado,São Luís,MA,2025-07-04,False
2730,CLI002730,Cliente 2730,Atacado,Caucaia,CE,2021-09-15,True
2731,CLI002731,Cliente 2731,Bar,Caucaia,CE,2023-12-19,True
2732,CLI002732,Cliente 2732,Restaurante,Fortaleza,CE,2025-02-23,True
2733,CLI002733,Cliente 2733,Bar,Caucaia,CE,2023-03-02,True
2734,CLI002734,Cliente 2734,Bar,Salvador,BA,2021-11-05,True
2735,CLI002735,Cliente 2735,Supermercado,Maracanaú,CE,2024-08-08,False
2736,CLI002736,Cliente 2736,Bar,Caucaia,CE,2021-05-06,True
2737,CLI002737,Cliente 2737,Supermercado,São Luís,MA,2024-12-04,True
2738,CLI002738,Cliente 2738,Supermercado,Caucaia,CE,2025-10-01,True
2739,CLI002739,Cliente 2739,Conveniência,Salvador,BA,2024-01-23,True
2740,CLI002740,Cliente 2740,Conveniência,Salvador,BA,2025-02-14,True
2741,CLI002741,Cliente 2741,Bar,Olinda,PE,2025-12-14,True
2742,CLI002742,Cliente 2742,Restaurante,Maracanaú,CE,2023-08-13,True
2743,CLI002743,Cliente 2743,Supermercado,Recife,PE,2021-01-06,True
2744,CLI002744,Cliente 2744,Conveniência,Caucaia,CE,2022-08-22,True
2745,CLI002745,Cliente 2745,Atacado,Salvador,BA,2023-08-03,True
2746,CLI002746,Cliente 2746,Atacado,Caucaia,CE,2024-02-18,True
2747,CLI002747,Cliente 2747,Supermercado,Recife,PE,2023-03-24,True
2748,CLI002748,Cliente 2748,Restaurante,Fortaleza,CE,2021-09-26,False
2749,CLI002749,Cliente 2749,Atacado,Olinda,PE,2025-01-10,True
2750,CLI002750,Cliente 2750,Restaurante,Caucaia,CE,2022-08-26,True
2751,CLI002751,Cliente 2751,Bar,São Luís,MA,2024-04-04,True
2752,CLI002752,Cliente 2752,Supermercado,Maracanaú,CE,2022-09-05,True
2753,CLI002753,Cliente 2753,Bar,Maracanaú,CE,2025-02-19,True
2754,CLI002754,Cliente 2754,Conveniência,Feira de Santana,BA,2023-04-27,True
2755,CLI002755,Cliente 2755,Bar,Fortaleza,CE,2021-06-25,True
2756,CLI002756,Cliente 2756,Conveniência,Recife,PE,2023-07-15,True
2757,CLI002757,Cliente 2757,Conveniência,Recife,PE,2022-08-20,True
2758,CLI002758,Cliente 2758,Conveniência,Feira de Santana,BA,2022-04-20,True
2759,CLI002759,Cliente 2759,Mercadinho,São Luís,MA,2024-10-01,True
2760,CLI002760,Cliente 2760,Conveniência,Maracanaú,CE,2022-11-02,True
2761,CLI002761,Cliente 2761,Restaurante,Feira de Santana,BA,2024-11-26,True
2762,CLI002762,Cliente 2762,Restaurante,Salvador,BA,2025-10-11,True
2763,CLI002763,Cliente 2763,Atacado,São Luís,MA,2024-07-25,True
2764,CLI002764,Cliente 2764,Bar,Caucaia,CE,2023-02-23,True
2765,CLI002765,Cliente 2765,Atacado,Salvador,BA,2025-10-21,True
2766,CLI002766,Cliente 2766,Restaurante,Olinda,PE,2023-10-17,True
2767,CLI002767,Cliente 2767,Supermercado,Salvador,BA,2025-04-12,True
2768,CLI002768,Cliente 2768,Restaurante,Recife,PE,2025-11-14,True
2769,CLI002769,Cliente 2769,Conveniência,Feira de Santana,BA,2022-10-26,True
2770,CLI002770,Cliente 2770,Supermercado,Olinda,PE,2023-12-18,True
2771,CLI002771,Cliente 2771,Bar,Recife,PE,2025-09-06,True
2772,CLI002772,Cliente 2772,Conveniência,Olinda,PE,2022-04-20,True
2773,CLI002773,Cliente 2773,Supermercado,Salvador,BA,2024-06-08,True
2774,CLI002774,Cliente 2774,Atacado,Olinda,PE,2024-09-11,True
2775,CLI002775,Cliente 2775,Restaurante,Maracanaú,CE,2021-07-27,True
2776,CLI002776,Cliente 2776,Mercadinho,Feira de Santana,BA,2021-04-26,True
2777,CLI002777,Cliente 2777,Bar,São Luís,MA,2025-10-27,True
2778,CLI002778,Cliente 2778,Supermercado,Feira de Santana,BA,2023-01-14,True
2779,CLI002779,Cliente 2779,Atacado,São Luís,MA,2021-08-14,True
2780,CLI002780,Cliente 2780,Supermercado,Maracanaú,CE,2022-02-12,True
2781,CLI002781,Cliente 2781,Mercadinho,Fortaleza,CE,2021-05-04,True
2782,CLI002782,Cliente 2782,Supermercado,Olinda,PE,2021-12-22,True
2783,CLI002783,Cliente 2783,Conveniência,Fortaleza,CE,2025-01-01,True
2784,CLI002784,Cliente 2784,Restaurante,Olinda,PE,2024-04-08,True
2785,CLI002785,Cliente 2785,Atacado,Olinda,PE,2023-04-05,False
2786,CLI002786,Cliente 2786,Supermercado,Salvador,BA,2022-07-07,True
2787,CLI002787,Cliente 2787,Supermercado,Fortaleza,CE,2021-10-24,True
2788,CLI002788,Cliente 2788,Bar,Olinda,PE,2021-02-08,True
2789,CLI002789,Cliente 2789,Supermercado,Recife,PE,2024-10-06,True
2790,CLI002790,Cliente 2790,Restaurante,Recife,PE,2021-01-08,True
2791,CLI002791,Cliente 2791,Atacado,Feira de Santana,BA,2025-07-15,True
2792,CLI002792,Cliente 2792,Mercadinho,Maracanaú,CE,2024-12-15,True
2793,CLI002793,Cliente 2793,Atacado,Feira de Santana,BA,2024-01-18,True
2794,CLI002794,Cliente 2794,Conveniência,Recife,PE,2024-07-26,True
2795,CLI002795,Cliente 2795,Restaurante,Salvador,BA,2021-08-17,True
2796,CLI002796,Cliente 2796,Atacado,São Luís,MA,2022-06-05,True
2797,CLI002797,Cliente 2797,Supermercado,Feira de Santana,BA,2024-04-07,True
2798,CLI002798,Cliente 2798,Restaurante,Feira de Santana,BA,2022-12-10,True
2799,CLI002799,Cliente 2799,Atacado,Feira de Santana,BA,2024-01-22,True
2800,CLI002800,Cliente 2800,Conveniência,Recife,PE,2021-08-23,True
2801,CLI002801,Cliente 2801,Atacado,Feira de Santana,BA,2023-06-13,False
2802,CLI002802,Cliente 2802,Conveniência,Feira de Santana,BA,2024-07-03,True
2803,CLI002803,Cliente 2803,Supermercado,Salvador,BA,2023-06-09,True
2804,CLI002804,Cliente 2804,Supermercado,Caucaia,CE,2025-11-17,True
2805,CLI002805,Cliente 2805,Mercadinho,Recife,PE,2024-06-02,True
2806,CLI002806,Cliente 2806,Conveniência,Maracanaú,CE,2022-02-20,True
2807,CLI002807,Cliente 2807,Restaurante,Fortaleza,CE,2021-09-09,True
2808,CLI002808,Cliente 2808,Supermercado,Olinda,PE,2024-05-28,True
2809,CLI002809,Cliente 2809,Bar,Recife,PE,2023-03-17,True
2810,CLI002810,Cliente 2810,Atacado,Maracanaú,CE,2021-10-21,True
2811,CLI002811,Cliente 2811,Restaurante,Caucaia,CE,2025-08-14,True
2812,CLI002812,Cliente 2812,Mercadinho,Recife,PE,2022-10-23,True
2813,CLI002813,Cliente 2813,Restaurante,Maracanaú,CE,2022-09-04,True
2814,CLI002814,Cliente 2814,Conveniência,Salvador,BA,2022-03-18,True
2815,CLI002815,Cliente 2815,Mercadinho,Recife,PE,2023-03-25,True
2816,CLI002816,Cliente 2816,Atacado,Fortaleza,CE,2025-01-13,True
2817,CLI002817,Cliente 2817,Bar,Fortaleza,CE,2022-03-08,True
2818,CLI002818,Cliente 2818,Atacado,Salvador,BA,2023-08-08,True
2819,CLI002819,Cliente 2819,Conveniência,Maracanaú,CE,2022-03-21,True
2820,CLI002820,Cliente 2820,Mercadinho,Fortaleza,CE,2024-03-01,True
2821,CLI002821,Cliente 2821,Conveniência,São Luís,MA,2024-09-18,True
2822,CLI002822,Cliente 2822,Conveniência,São Luís,MA,2025-06-26,True
2823,CLI002823,Cliente 2823,Restaurante,Feira de Santana,BA,2025-07-06,True
2824,CLI002824,Cliente 2824,Supermercado,São Luís,MA,2021-04-03,True
2825,CLI002825,Cliente 2825,Restaurante,Salvador,BA,2021-10-14,True
2826,CLI002826,Cliente 2826,Restaurante,Olinda,PE,2021-06-16,True
2827,CLI002827,Cliente 2827,Supermercado,Fortaleza,CE,2024-11-25,True
2828,CLI002828,Cliente 2828,Conveniência,Caucaia,CE,2023-07-08,True
2829,CLI002829,Cliente 2829,Bar,Recife,PE,2023-08-13,True
2830,CLI002830,Cliente 2830,Restaurante,São Luís,MA,2022-08-05,True
2831,CLI002831,Cliente 2831,Supermercado,Fortaleza,CE,2022-11-04,True
2832,CLI002832,Cliente 2832,Restaurante,Fortaleza,CE,2024-07-21,True
2833,CLI002833,Cliente 2833,Atacado,Maracanaú,CE,2023-06-27,True
2834,CLI002834,Cliente 2834,Mercadinho,São Luís,MA,2024-02-12,True
2835,CLI002835,Cliente 2835,Atacado,Olinda,PE,2022-01-04,True
2836,CLI002836,Cliente 2836,Mercadinho,Olinda,PE,2021-09-07,True
2837,CLI002837,Cliente 2837,Mercadinho,Salvador,BA,2024-07-11,True
2838,CLI002838,Cliente 2838,Restaurante,São Luís,MA,2025-06-10,True
2839,CLI002839,Cliente 2839,Bar,Maracanaú,CE,2024-07-25,True
2840,CLI002840,Cliente 2840,Supermercado,Maracanaú,CE,2024-06-22,True
2841,CLI002841,Cliente 2841,Supermercado,Olinda,PE,2022-04-03,True
2842,CLI002842,Cliente 2842,Bar,Olinda,PE,2022-01-02,True
2843,CLI002843,Cliente 2843,Supermercado,Caucaia,CE,2024-10-07,True
2844,CLI002844,Cliente 2844,Bar,Caucaia,CE,2025-10-09,True
2845,CLI002845,Cliente 2845,Mercadinho,Recife,PE,2021-03-28,True
2846,CLI002846,Cliente 2846,Mercadinho,São Luís,MA,2022-08-06,True
2847,CLI002847,Cliente 2847,Mercadinho,São Luís,MA,2021-11-15,True
2848,CLI002848,Cliente 2848,Atacado,Salvador,BA,2023-08-09,True
2849,CLI002849,Cliente 2849,Conveniência,Salvador,BA,2023-09-05,True
2850,CLI002850,Cliente 2850,Atacado,Olinda,PE,2022-04-27,False
2851,CLI002851,Cliente 2851,Restaurante,São Luís,MA,2023-09-10,True
2852,CLI002852,Cliente 2852,Mercadinho,Feira de Santana,BA,2025-05-26,True
2853,CLI002853,Cliente 2853,Supermercado,Maracanaú,CE,2025-04-28,True
2854,CLI002854,Cliente 2854,Bar,Recife,PE,2022-02-23,True
2855,CLI002855,Cliente 2855,Bar,Salvador,BA,2024-07-19,True
2856,CLI002856,Cliente 2856,Supermercado,Maracanaú,CE,2022-10-16,True
2857,CLI002857,Cliente 2857,Restaurante,Maracanaú,CE,2021-07-13,True
2858,CLI002858,Cliente 2858,Bar,Caucaia,CE,2024-01-11,True
2859,CLI002859,Cliente 2859,Restaurante,Maracanaú,CE,2022-08-16,True
2860,CLI002860,Cliente 2860,Atacado,Feira de Santana,BA,2022-07-14,True
2861,CLI002861,Cliente 2861,Supermercado,Olinda,PE,2025-03-11,True
2862,CLI002862,Cliente 2862,Atacado,Salvador,BA,2024-02-04,True
2863,CLI002863,Cliente 2863,Supermercado,Fortaleza,CE,2025-07-16,True
2864,CLI002864,Cliente 2864,Mercadinho,Caucaia,CE,2021-08-06,True
2865,CLI002865,Cliente 2865,Restaurante,Olinda,PE,2023-11-19,True
2866,CLI002866,Cliente 2866,Restaurante,Caucaia,CE,2023-02-02,True
2867,CLI002867,Cliente 2867,Mercadinho,Maracanaú,CE,2025-01-27,True
2868,CLI002868,Cliente 2868,Bar,Caucaia,CE,2024-02-09,True
2869,CLI002869,Cliente 2869,Atacado,Maracanaú,CE,2023-03-03,True
2870,CLI002870,Cliente 2870,Supermercado,Olinda,PE,2025-02-16,True
2871,CLI002871,Cliente 2871,Mercadinho,Olinda,PE,2024-06-22,True
2872,CLI002872,Cliente 2872,Bar,São Luís,MA,2023-09-10,True
2873,CLI002873,Cliente 2873,Bar,Feira de Santana,BA,2022-05-22,True
2874,CLI002874,Cliente 2874,Bar,Recife,PE,2022-12-05,True
2875,CLI002875,Cliente 2875,Atacado,Fortaleza,CE,2021-03-04,True
2876,CLI002876,Cliente 2876,Supermercado,Caucaia,CE,2021-05-25,True
2877,CLI002877,Cliente 2877,Atacado,Salvador,BA,2022-12-16,True
2878,CLI002878,Cliente 2878,Conveniência,Maracanaú,CE,2025-12-19,True
2879,CLI002879,Cliente 2879,Bar,Recife,PE,2021-06-06,True
2880,CLI002880,Cliente 2880,Mercadinho,Salvador,BA,2021-01-27,True
2881,CLI002881,Cliente 2881,Bar,Olinda,PE,2022-08-15,True
2882,CLI002882,Cliente 2882,Conveniência,Feira de Santana,BA,2023-08-05,True
2883,CLI002883,Cliente 2883,Conveniência,Feira de Santana,BA,2023-10-28,True
2884,CLI002884,Cliente 2884,Supermercado,Fortaleza,CE,2023-07-03,True
2885,CLI002885,Cliente 2885,Supermercado,Salvador,BA,2021-03-08,True
2886,CLI002886,Cliente 2886,Restaurante,São Luís,MA,2022-12-06,True
2887,CLI002887,Cliente 2887,Conveniência,Fortaleza,CE,2023-12-11,True
2888,CLI002888,Cliente 2888,Restaurante,Salvador,BA,2021-02-16,True
2889,CLI002889,Cliente 2889,Supermercado,Recife,PE,2022-06-22,True
2890,CLI002890,Cliente 2890,Atacado,Olinda,PE,2024-09-19,True
2891,CLI002891,Cliente 2891,Bar,Recife,PE,2021-08-24,True
2892,CLI002892,Cliente 2892,Atacado,Olinda,PE,2024-01-10,True
2893,CLI002893,Cliente 2893,Atacado,Feira de Santana,BA,2021-08-27,True
2894,CLI002894,Cliente 2894,Atacado,São Luís,MA,2025-04-11,True
2895,CLI002895,Cliente 2895,Bar,Recife,PE,2023-05-21,True
2896,CLI002896,Cliente 2896,Conveniência,Recife,PE,2025-05-13,True
2897,CLI002897,Cliente 2897,Mercadinho,Recife,PE,2022-08-08,True
2898,CLI002898,Cliente 2898,Mercadinho,Feira de Santana,BA,2021-05-18,True
2899,CLI002899,Cliente 2899,Mercadinho,Feira de Santana,BA,2025-12-26,True
2900,CLI002900,Cliente 2900,Atacado,Olinda,PE,2021-08-19,True
2901,CLI002901,Cliente 2901,Mercadinho,Olinda,PE,2022-07-18,True
2902,CLI002902,Cliente 2902,Atacado,Caucaia,CE,2022-01-22,True
2903,CLI002903,Cliente 2903,Conveniência,Salvador,BA,2022-08-01,True
2904,CLI002904,Cliente 2904,Supermercado,Olinda,PE,2023-11-09,True
2905,CLI002905,Cliente 2905,Supermercado,Feira de Santana,BA,2022-06-04,True
2906,CLI002906,Cliente 2906,Restaurante,Olinda,PE,2025-12-18,True
2907,CLI002907,Cliente 2907,Supermercado,Maracanaú,CE,2021-01-08,True
2908,CLI002908,Cliente 2908,Supermercado,Olinda,PE,2021-08-11,True
2909,CLI002909,Cliente 2909,Atacado,São Luís,MA,2021-08-22,True
2910,CLI002910,Cliente 2910,Restaurante,Maracanaú,CE,2021-06-06,True
2911,CLI002911,Cliente 2911,Atacado,Recife,PE,2023-12-01,True
2912,CLI002912,Cliente 2912,Mercadinho,Maracanaú,CE,2022-03-11,True
2913,CLI002913,Cliente 2913,Bar,Recife,PE,2023-01-11,True
2914,CLI002914,Cliente 2914,Mercadinho,Feira de Santana,BA,2025-07-07,True
2915,CLI002915,Cliente 2915,Atacado,São Luís,MA,2021-12-08,True
2916,CLI002916,Cliente 2916,Atacado,São Luís,MA,2024-07-11,True
2917,CLI002917,Cliente 2917,Mercadinho,Recife,PE,2021-08-07,False
2918,CLI002918,Cliente 2918,Mercadinho,Salvador,BA,2023-11-11,True
2919,CLI002919,Cliente 2919,Restaurante,Fortaleza,CE,2024-02-05,True
2920,CLI002920,Cliente 2920,Atacado,Maracanaú,CE,2022-08-16,True
2921,CLI002921,Cliente 2921,Mercadinho,Salvador,BA,2025-01-26,True
2922,CLI002922,Cliente 2922,Supermercado,Salvador,BA,2023-09-27,True
2923,CLI002923,Cliente 2923,Mercadinho,Fortaleza,CE,2021-05-22,True
2924,CLI002924,Cliente 2924,Conveniência,Caucaia,CE,2023-07-05,True
2925,CLI002925,Cliente 2925,Mercadinho,Feira de Santana,BA,2025-06-03,True
2926,CLI002926,Cliente 2926,Bar,Olinda,PE,2021-01-10,True
2927,CLI002927,Cliente 2927,Supermercado,Maracanaú,CE,2025-10-20,True
2928,CLI002928,Cliente 2928,Mercadinho,Salvador,BA,2021-05-25,True
2929,CLI002929,Cliente 2929,Supermercado,Maracanaú,CE,2025-04-19,True
2930,CLI002930,Cliente 2930,Mercadinho,Recife,PE,2023-05-27,True
2931,CLI002931,Cliente 2931,Conveniência,Maracanaú,CE,2025-10-28,True
2932,CLI002932,Cliente 2932,Atacado,Olinda,PE,2023-02-13,True
2933,CLI002933,Cliente 2933,Restaurante,Fortaleza,CE,2024-02-22,True
2934,CLI002934,Cliente 2934,Supermercado,Fortaleza,CE,2021-02-19,False
2935,CLI002935,Cliente 2935,Mercadinho,São Luís,MA,2024-06-13,True
2936,CLI002936,Cliente 2936,Supermercado,Olinda,PE,2025-09-26,True
2937,CLI002937,Cliente 2937,Supermercado,Salvador,BA,2022-11-19,True
2938,CLI002938,Cliente 2938,Conveniência,Maracanaú,CE,2021-08-07,True
2939,CLI002939,Cliente 2939,Supermercado,Caucaia,CE,2025-04-14,False
2940,CLI002940,Cliente 2940,Atacado,Olinda,PE,2022-08-18,True
2941,CLI002941,Cliente 2941,Supermercado,Feira de Santana,BA,2025-11-13,True
2942,CLI002942,Cliente 2942,Restaurante,Olinda,PE,2022-07-19,True
2943,CLI002943,Cliente 2943,Restaurante,Olinda,PE,2022-10-28,True
2944,CLI002944,Cliente 2944,Restaurante,Feira de Santana,BA,2025-08-01,True
2945,CLI002945,Cliente 2945,Atacado,Feira de Santana,BA,2022-12-09,True
2946,CLI002946,Cliente 2946,Conveniência,Caucaia,CE,2025-02-22,True
2947,CLI002947,Cliente 2947,Supermercado,Fortaleza,CE,2022-12-02,True
2948,CLI002948,Cliente 2948,Supermercado,Feira de Santana,BA,2022-05-04,True
2949,CLI002949,Cliente 2949,Conveniência,Recife,PE,2021-12-01,True
2950,CLI002950,Cliente 2950,Supermercado,Salvador,BA,2024-03-05,True
2951,CLI002951,Cliente 2951,Restaurante,Maracanaú,CE,2023-07-13,True
2952,CLI002952,Cliente 2952,Bar,Olinda,PE,2022-11-05,True
2953,CLI002953,Cliente 2953,Supermercado,Salvador,BA,2022-08-16,True
2954,CLI002954,Cliente 2954,Mercadinho,Feira de Santana,BA,2023-01-14,True
2955,CLI002955,Cliente 2955,Mercadinho,Fortaleza,CE,2024-09-10,True
2956,CLI002956,Cliente 2956,Restaurante,Maracanaú,CE,2022-05-09,True
2957,CLI002957,Cliente 2957,Bar,Fortaleza,CE,2025-02-19,True
2958,CLI002958,Cliente 2958,Conveniência,Olinda,PE,2022-08-07,True
2959,CLI002959,Cliente 2959,Bar,Olinda,PE,2024-05-06,True
2960,CLI002960,Cliente 2960,Supermercado,São Luís,MA,2021-04-21,True
2961,CLI002961,Cliente 2961,Atacado,Recife,PE,2025-11-05,True
2962,CLI002962,Cliente 2962,Atacado,Salvador,BA,2023-12-04,True
2963,CLI002963,Cliente 2963,Conveniência,Olinda,PE,2024-01-03,True
2964,CLI002964,Cliente 2964,Supermercado,Maracanaú,CE,2023-05-26,True
2965,CLI002965,Cliente 2965,Conveniência,Caucaia,CE,2024-09-01,True
2966,CLI002966,Cliente 2966,Restaurante,Fortaleza,CE,2025-07-19,True
2967,CLI002967,Cliente 2967,Supermercado,São Luís,MA,2022-02-24,True
2968,CLI002968,Cliente 2968,Restaurante,Feira de Santana,BA,2023-10-07,True
2969,CLI002969,Cliente 2969,Mercadinho,Salvador,BA,2024-08-20,True
2970,CLI002970,Cliente 2970,Restaurante,Recife,PE,2021-06-12,True
2971,CLI002971,Cliente 2971,Atacado,Recife,PE,2023-08-08,True
2972,CLI002972,Cliente 2972,Conveniência,Fortaleza,CE,2021-02-19,True
2973,CLI002973,Cliente 2973,Bar,Recife,PE,2021-04-15,True
2974,CLI002974,Cliente 2974,Mercadinho,Maracanaú,CE,2025-08-23,True
2975,CLI002975,Cliente 2975,Supermercado,Recife,PE,2023-02-02,True
2976,CLI002976,Cliente 2976,Mercadinho,Feira de Santana,BA,2023-11-19,True
2977,CLI002977,Cliente 2977,Mercadinho,Recife,PE,2023-04-20,True
2978,CLI002978,Cliente 2978,Atacado,Olinda,PE,2025-12-21,True
2979,CLI002979,Cliente 2979,Mercadinho,Recife,PE,2024-12-09,True
2980,CLI002980,Cliente 2980,Bar,Fortaleza,CE,2022-07-11,True
2981,CLI002981,Cliente 2981,Atacado,Recife,PE,2023-01-14,True
2982,CLI002982,Cliente 2982,Bar,Salvador,BA,2025-12-06,False
2983,CLI002983,Cliente 2983,Conveniência,Maracanaú,CE,2025-01-22,True
2984,CLI002984,Cliente 2984,Supermercado,Caucaia,CE,2022-12-02,True
2985,CLI002985,Cliente 2985,Supermercado,Recife,PE,2022-03-10,True
2986,CLI002986,Cliente 2986,Supermercado,São Luís,MA,2025-03-02,True
2987,CLI002987,Cliente 2987,Restaurante,Recife,PE,2023-11-14,True
2988,CLI002988,Cliente 2988,Supermercado,Maracanaú,CE,2024-07-01,True
2989,CLI002989,Cliente 2989,Atacado,Fortaleza,CE,2022-11-27,True
2990,CLI002990,Cliente 2990,Mercadinho,Maracanaú,CE,2022-04-03,True
2991,CLI002991,Cliente 2991,Bar,Maracanaú,CE,2022-12-27,True
2992,CLI002992,Cliente 2992,Bar,Salvador,BA,2022-10-18,True
2993,CLI002993,Cliente 2993,Bar,Recife,PE,2024-03-20,True
2994,CLI002994,Cliente 2994,Restaurante,São Luís,MA,2023-05-20,True
2995,CLI002995,Cliente 2995,Supermercado,Fortaleza,CE,2024-05-13,True
2996,CLI002996,Cliente 2996,Mercadinho,São Luís,MA,2025-02-26,True
2997,CLI002997,Cliente 2997,Supermercado,Fortaleza,CE,2025-02-18,True
2998,CLI002998,Cliente 2998,Mercadinho,Caucaia,CE,2025-03-18,True
2999,CLI002999,Cliente 2999,Supermercado,Caucaia,CE,2021-09-28,True
3000,CLI003000,Cliente 3000,Supermercado,Maracanaú,CE,2025-09-03,True
